year,geography_type,geography_name,geography_id,total_storefronts,vacant_storefronts,median_rent_psf,vacancy_rate
2019,census tract,2.0089.00,2.0089.00,57,NA,3,NA
2019,census tract,2.0244.00,2.0244.00,22,NA,2.17,NA
2019,census tract,3.0363.00,3.0363.00,12,NA,NA,NA
2019,census tract,3.0364.00,3.0364.00,17,NA,4.14,NA
2019,census tract,3.0366.00,3.0366.00,13,NA,5.970000000000001,NA
2019,census tract,3.0441.00,3.0441.00,43,NA,3,NA
2019,citywide,Citywide,Citywide,69654,NA,4.51,NA
2019,borough,Manhattan,MN,25282,NA,9,NA
2019,borough,Bronx,BX,9944,658,3,0.06617055510860821
2019,borough,Brooklyn,BK,16353,NA,3.19,NA
2019,borough,Queens,QN,15075,980,3.67,0.06500829187396352
2019,borough,Staten Island,SI,3000,237,3,0.079
2019,council district,1,1,4702,467,9,0.09931943853679286
2019,council district,2,2,2714,223,9,0.0821665438467207
2019,council district,3,3,4930,507,11,0.1028397565922921
2019,council district,4,4,4949,463,14,0.09355425338452213
2019,council district,5,5,1585,126,9,0.07949526813880126
2019,council district,6,6,1311,93,11,0.07093821510297482
2019,council district,7,7,1192,93,7,0.07802013422818792
2019,council district,8,8,1562,123,4,0.07874519846350832
2019,council district,9,9,1312,114,4,0.08689024390243902
2019,council district,10,10,1789,118,5.58,0.06595863610955842
2019,council district,11,11,1130,64,3.25,0.05663716814159292
2019,council district,12,12,987,64,2.66,0.06484295845997974
2019,council district,13,13,1108,80,3,0.07220216606498195
2019,council district,14,14,1178,50,4,0.042444821731748725
2019,council district,15,15,1378,103,3,0.07474600870827286
2019,council district,16,16,892,50,3,0.05605381165919283
2019,council district,17,17,1591,141,3,0.08862350722815839
2019,council district,18,18,907,50,3,0.05512679162072767
2019,council district,19,19,1412,76,3,0.053824362606232294
2019,council district,20,20,1717,116,4.75,0.0675596971461852
2019,council district,21,21,1158,75,5,0.06476683937823834
2019,council district,22,22,1418,91,4,0.06417489421720733
2019,council district,23,23,690,47,3.23,0.06811594202898551
2019,council district,24,24,956,58,4,0.060669456066945605
2019,council district,25,25,982,50,5,0.05091649694501019
2019,council district,26,26,1745,142,3.5,0.08137535816618911
2019,council district,27,27,807,56,3,0.06939281288723669
2019,council district,28,28,544,29,3,0.05330882352941176
2019,council district,29,29,1220,57,4,0.04672131147540984
2019,council district,30,30,833,54,2.5,0.06482593037214886
2019,council district,31,31,573,58,2,0.1012216404886562
2019,council district,32,32,704,52,3,0.07386363636363637
2019,council district,33,33,1970,177,4.67,0.08984771573604061
2019,census tract,2.0405.02,2.0405.02,14,NA,4.46,NA
2019,council district,34,34,1613,139,3.4299999999999997,0.08617482951022938
2019,council district,35,35,836,117,4,0.13995215311004786
2019,council district,36,36,736,93,3,0.12635869565217392
2019,council district,37,37,747,56,3,0.0749665327978581
2019,council district,38,38,1532,137,3,0.08942558746736293
2019,council district,39,39,1283,114,4,0.08885424785658613
2019,council district,40,40,829,72,4,0.08685162846803378
2019,council district,41,41,767,57,3,0.07431551499348109
2019,council district,42,42,555,39,3,0.07027027027027027
2019,council district,43,43,1122,63,3.3699999999999997,0.05614973262032086
2019,council district,44,44,998,39,3,0.03907815631262525
2019,council district,45,45,750,59,2.8299999999999996,0.07866666666666666
2019,council district,46,46,706,54,2.66,0.0764872521246459
2019,council district,47,47,938,54,3,0.057569296375266525
2019,council district,48,48,1267,104,4,0.08208366219415943
2019,council district,49,49,1002,82,2.3299999999999996,0.08183632734530938
2019,council district,50,50,1023,106,3,0.10361681329423265
2019,council district,51,51,975,49,4,0.050256410256410255
2019,census tract,1.0002.01,1.0002.01,12,NA,7.5,NA
2019,census tract,1.0006.00,1.0006.00,89,NA,6.06,NA
2019,census tract,1.0007.00,1.0007.00,114,NA,8,NA
2019,census tract,1.0008.00,1.0008.00,214,NA,5,NA
2019,census tract,1.0009.00,1.0009.00,121,NA,9.82,NA
2019,census tract,1.0012.00,1.0012.00,10,NA,NA,NA
2019,census tract,1.0013.00,1.0013.00,105,NA,10,NA
2019,census tract,1.0014.01,1.0014.01,29,0,8,0
2019,census tract,1.0014.02,1.0014.02,58,NA,6,NA
2019,census tract,1.0015.01,1.0015.01,112,NA,9.92,NA
2019,census tract,1.0015.02,1.0015.02,201,NA,11,NA
2019,census tract,1.0016.00,1.0016.00,326,27,6.159999999999999,0.08282208588957055
2019,census tract,1.0018.00,1.0018.00,327,34,8,0.10397553516819572
2019,census tract,1.0021.00,1.0021.00,186,NA,12,NA
2019,census tract,1.0022.01,1.0022.01,56,NA,6,NA
2019,census tract,1.0022.02,1.0022.02,25,NA,7,NA
2019,census tract,1.0026.01,1.0026.01,29,NA,5,NA
2019,census tract,1.0026.02,1.0026.02,47,NA,6,NA
2019,census tract,1.0027.00,1.0027.00,42,NA,6,NA
2019,census tract,1.0028.00,1.0028.00,44,NA,5.9,NA
2019,census tract,1.0029.00,1.0029.00,323,20,8,0.06191950464396285
2019,census tract,1.0030.01,1.0030.01,185,NA,9,NA
2019,census tract,1.0030.02,1.0030.02,79,NA,8.46,NA
2019,census tract,1.0031.00,1.0031.00,91,NA,10,NA
2019,census tract,3.0198.00,3.0198.00,14,NA,2,NA
2019,census tract,1.0032.00,1.0032.00,165,NA,9,NA
2019,census tract,1.0033.00,1.0033.00,250,16,8,0.064
2019,census tract,1.0034.00,1.0034.00,153,NA,8.5,NA
2019,census tract,1.0036.01,1.0036.01,54,NA,7,NA
2019,census tract,1.0036.02,1.0036.02,45,NA,6.5,NA
2019,census tract,1.0037.00,1.0037.00,129,NA,6.52,NA
2019,census tract,1.0038.00,1.0038.00,314,NA,8.52,NA
2019,census tract,1.0039.00,1.0039.00,120,22,7,0.18333333333333332
2019,census tract,1.0040.00,1.0040.00,178,NA,10,NA
2019,census tract,1.0041.00,1.0041.00,386,30,11,0.07772020725388601
2019,census tract,1.0042.00,1.0042.00,72,NA,11.44,NA
2019,census tract,1.0043.00,1.0043.00,224,NA,15,NA
2019,census tract,1.0044.00,1.0044.00,24,NA,8,NA
2019,census tract,1.0045.00,1.0045.00,175,NA,11,NA
2019,census tract,1.0047.00,1.0047.00,204,12,12,0.058823529411764705
2019,census tract,1.0048.00,1.0048.00,100,NA,8,NA
2019,census tract,1.0049.00,1.0049.00,334,33,17,0.09880239520958084
2019,census tract,1.0050.00,1.0050.00,87,NA,9,NA
2019,census tract,1.0052.00,1.0052.00,154,NA,12,NA
2019,census tract,1.0054.00,1.0054.00,177,NA,9,NA
2019,census tract,1.0055.01,1.0055.01,35,NA,15.33,NA
2019,census tract,1.0055.02,1.0055.02,119,NA,12,NA
2019,census tract,1.0056.00,1.0056.00,108,NA,10.75,NA
2019,census tract,1.0057.00,1.0057.00,65,NA,13.44,NA
2019,census tract,1.0058.00,1.0058.00,222,NA,9.719999999999999,NA
2019,census tract,1.0059.00,1.0059.00,77,NA,11,NA
2019,census tract,1.0061.00,1.0061.00,144,15,9.42,0.10416666666666667
2019,census tract,1.0063.00,1.0063.00,166,NA,11,NA
2019,census tract,1.0064.00,1.0064.00,109,NA,8,NA
2019,census tract,1.0065.00,1.0065.00,225,15,12.84,0.06666666666666667
2019,census tract,1.0066.00,1.0066.00,94,NA,9,NA
2019,census tract,1.0067.00,1.0067.00,176,NA,13,NA
2019,census tract,1.0068.00,1.0068.00,159,NA,9,NA
2019,census tract,1.0069.00,1.0069.00,31,NA,6,NA
2019,census tract,1.0070.00,1.0070.00,111,NA,10,NA
2019,census tract,1.0071.00,1.0071.00,172,NA,10,NA
2019,census tract,1.0072.00,1.0072.00,139,NA,8,NA
2019,census tract,1.0073.00,1.0073.00,199,NA,18.830000000000002,NA
2019,census tract,1.0074.00,1.0074.00,217,NA,9,NA
2019,census tract,1.0075.00,1.0075.00,52,NA,13,NA
2019,census tract,1.0076.00,1.0076.00,287,33,12,0.11498257839721254
2019,census tract,1.0077.00,1.0077.00,129,NA,15,NA
2019,census tract,1.0078.00,1.0078.00,94,NA,8.49,NA
2019,census tract,1.0079.00,1.0079.00,106,NA,12.5,NA
2019,census tract,1.0080.00,1.0080.00,138,NA,8,NA
2019,census tract,1.0081.00,1.0081.00,142,NA,11,NA
2019,census tract,1.0082.00,1.0082.00,180,NA,11.8,NA
2019,census tract,1.0083.00,1.0083.00,118,NA,14,NA
2019,census tract,1.0084.00,1.0084.00,155,11,7,0.07096774193548387
2019,census tract,1.0086.03,1.0086.03,30,NA,9,NA
2019,census tract,1.0087.00,1.0087.00,139,NA,10,NA
2019,census tract,1.0088.00,1.0088.00,105,NA,13,NA
2019,census tract,1.0089.00,1.0089.00,40,NA,10.84,NA
2019,census tract,1.0090.00,1.0090.00,124,NA,11,NA
2019,census tract,1.0091.00,1.0091.00,220,20,10,0.09090909090909091
2019,census tract,1.0092.00,1.0092.00,168,NA,16,NA
2019,census tract,1.0093.00,1.0093.00,85,NA,9,NA
2019,census tract,1.0094.00,1.0094.00,144,NA,16,NA
2019,census tract,1.0095.00,1.0095.00,258,26,7,0.10077519379844961
2019,census tract,1.0096.00,1.0096.00,392,26,24.5,0.0663265306122449
2019,census tract,1.0098.00,1.0098.00,182,NA,11,NA
2019,census tract,1.0099.00,1.0099.00,244,NA,7,NA
2019,census tract,1.0100.00,1.0100.00,173,22,14.46,0.12716763005780346
2019,census tract,1.0101.00,1.0101.00,180,NA,10,NA
2019,census tract,1.0102.00,1.0102.00,166,NA,21.59,NA
2019,census tract,1.0103.00,1.0103.00,62,18,9,0.2903225806451613
2019,census tract,1.0104.00,1.0104.00,223,15,14.99,0.06726457399103139
2019,census tract,3.0116.00,3.0116.00,12,NA,NA,NA
2019,census tract,1.0106.01,1.0106.01,44,NA,12,NA
2019,census tract,1.0106.02,1.0106.02,37,NA,10,NA
2019,census tract,1.0108.00,1.0108.00,191,NA,9,NA
2019,census tract,1.0109.00,1.0109.00,339,NA,8.33,NA
2019,census tract,1.0110.00,1.0110.00,197,24,10.07,0.1218274111675127
2019,census tract,1.0111.00,1.0111.00,133,NA,7.92,NA
2019,census tract,1.0112.01,1.0112.01,87,NA,17.5,NA
2019,census tract,1.0112.02,1.0112.02,92,NA,28,NA
2019,census tract,1.0112.03,1.0112.03,118,15,12.47,0.1271186440677966
2019,census tract,1.0113.00,1.0113.00,250,NA,15,NA
2019,census tract,1.0114.01,1.0114.01,88,NA,20.87,NA
2019,census tract,1.0114.02,1.0114.02,126,NA,12,NA
2019,census tract,1.0115.00,1.0115.00,101,NA,9,NA
2019,census tract,1.0116.00,1.0116.00,24,NA,11,NA
2019,census tract,1.0117.00,1.0117.00,16,NA,2,NA
2019,census tract,1.0118.00,1.0118.00,116,NA,12,NA
2019,census tract,1.0119.00,1.0119.00,133,NA,20,NA
2019,census tract,1.0120.00,1.0120.00,84,NA,12,NA
2019,census tract,1.0121.00,1.0121.00,149,NA,13,NA
2019,census tract,1.0122.00,1.0122.00,144,21,21.830000000000002,0.14583333333333334
2019,census tract,1.0124.00,1.0124.00,69,NA,10.66,NA
2019,census tract,1.0125.00,1.0125.00,130,NA,19,NA
2019,census tract,1.0126.00,1.0126.00,137,NA,11,NA
2019,census tract,1.0127.00,1.0127.00,188,NA,12,NA
2019,census tract,1.0128.00,1.0128.00,138,NA,13.03,NA
2019,census tract,1.0129.00,1.0129.00,90,NA,7,NA
2019,census tract,1.0130.00,1.0130.00,117,NA,29,NA
2019,census tract,1.0131.00,1.0131.00,143,NA,14,NA
2019,census tract,1.0132.00,1.0132.00,91,NA,9,NA
2019,census tract,1.0133.00,1.0133.00,134,NA,17,NA
2019,census tract,1.0134.00,1.0134.00,171,NA,9,NA
2019,census tract,1.0135.00,1.0135.00,74,NA,7.08,NA
2019,census tract,1.0136.00,1.0136.00,84,NA,8,NA
2019,census tract,1.0137.00,1.0137.00,199,NA,16,NA
2019,census tract,1.0138.00,1.0138.00,162,NA,9.42,NA
2019,census tract,1.0139.00,1.0139.00,138,NA,14,NA
2019,census tract,1.0140.00,1.0140.00,182,NA,16,NA
2019,census tract,1.0142.00,1.0142.00,111,NA,20,NA
2019,census tract,1.0144.01,1.0144.01,32,NA,5.37,NA
2019,census tract,1.0144.02,1.0144.02,44,NA,9,NA
2019,census tract,1.0145.00,1.0145.00,42,NA,15.5,NA
2019,census tract,1.0146.01,1.0146.01,95,NA,8.26,NA
2019,census tract,1.0146.02,1.0146.02,74,NA,8.709999999999999,NA
2019,census tract,1.0147.00,1.0147.00,14,NA,5.3,NA
2019,census tract,1.0148.01,1.0148.01,50,NA,13,NA
2019,census tract,3.0326.00,3.0326.00,19,NA,2.27,NA
2019,census tract,1.0148.02,1.0148.02,116,NA,11,NA
2019,census tract,1.0149.00,1.0149.00,37,NA,11,NA
2019,census tract,1.0150.01,1.0150.01,35,NA,14.5,NA
2019,census tract,1.0150.02,1.0150.02,61,NA,20.5,NA
2019,census tract,1.0151.00,1.0151.00,43,NA,5.41,NA
2019,census tract,1.0152.00,1.0152.00,39,NA,6.88,NA
2019,census tract,1.0153.00,1.0153.00,105,NA,12.5,NA
2019,census tract,1.0154.00,1.0154.00,116,NA,6.609999999999999,NA
2019,census tract,1.0155.00,1.0155.00,36,NA,6,NA
2019,census tract,1.0156.01,1.0156.01,29,NA,5,NA
2019,census tract,1.0157.00,1.0157.00,169,NA,14,NA
2019,census tract,1.0158.01,1.0158.01,58,10,9.83,0.1724137931034483
2019,census tract,1.0158.02,1.0158.02,30,NA,8,NA
2019,census tract,1.0159.00,1.0159.00,55,NA,9,NA
2019,census tract,1.0160.01,1.0160.01,29,NA,16.1,NA
2019,census tract,1.0160.02,1.0160.02,18,0,8.209999999999999,0
2019,census tract,1.0161.00,1.0161.00,57,NA,15.58,NA
2019,census tract,1.0162.00,1.0162.00,18,0,2.06,0
2019,census tract,1.0163.00,1.0163.00,53,NA,13.29,NA
2019,census tract,1.0164.00,1.0164.00,17,0,4.5,0
2019,census tract,1.0165.00,1.0165.00,60,NA,10.09,NA
2019,census tract,1.0166.00,1.0166.00,90,NA,4,NA
2019,census tract,1.0167.00,1.0167.00,122,NA,13,NA
2019,census tract,1.0169.00,1.0169.00,108,NA,11,NA
2019,census tract,1.0170.00,1.0170.00,77,NA,5,NA
2019,census tract,1.0171.00,1.0171.00,59,NA,13,NA
2019,census tract,1.0172.00,1.0172.00,129,NA,4,NA
2019,census tract,1.0173.00,1.0173.00,47,NA,8.02,NA
2019,census tract,1.0174.01,1.0174.01,15,NA,4,NA
2019,census tract,1.0174.02,1.0174.02,19,NA,4,NA
2019,census tract,1.0175.00,1.0175.00,59,NA,10.88,NA
2019,census tract,1.0177.00,1.0177.00,34,NA,7.5,NA
2019,census tract,1.0178.00,1.0178.00,57,NA,4,NA
2019,census tract,1.0179.00,1.0179.00,63,NA,11,NA
2019,census tract,1.0180.00,1.0180.00,62,NA,4,NA
2019,census tract,1.0181.00,1.0181.00,38,NA,9,NA
2019,census tract,1.0182.00,1.0182.00,113,NA,5,NA
2019,census tract,1.0183.00,1.0183.00,90,NA,12.26,NA
2019,census tract,1.0184.00,1.0184.00,72,NA,3.74,NA
2019,census tract,1.0185.00,1.0185.00,29,0,4.78,0
2019,census tract,1.0186.00,1.0186.00,13,NA,4.5,NA
2019,census tract,1.0187.00,1.0187.00,68,NA,9.5,NA
2019,census tract,1.0188.00,1.0188.00,102,NA,4,NA
2019,census tract,1.0189.00,1.0189.00,42,NA,6.33,NA
2019,census tract,1.0190.00,1.0190.00,22,NA,4,NA
2019,census tract,1.0191.00,1.0191.00,63,NA,9,NA
2019,census tract,1.0193.00,1.0193.00,88,NA,6,NA
2019,census tract,1.0194.00,1.0194.00,38,NA,3,NA
2019,census tract,1.0195.00,1.0195.00,58,NA,10,NA
2019,census tract,1.0196.00,1.0196.00,89,NA,5.38,NA
2019,census tract,1.0197.02,1.0197.02,10,0,3,0
2019,census tract,1.0198.00,1.0198.00,43,NA,4,NA
2019,census tract,1.0199.00,1.0199.00,52,NA,10.32,NA
2019,census tract,1.0200.00,1.0200.00,68,NA,7,NA
2019,census tract,1.0201.02,1.0201.02,26,NA,4.64,NA
2019,census tract,1.0206.00,1.0206.00,36,NA,2.7800000000000002,NA
2019,census tract,1.0207.01,1.0207.01,13,0,6,0
2019,census tract,1.0208.00,1.0208.00,22,NA,3.5,NA
2019,census tract,1.0209.01,1.0209.01,44,NA,5.85,NA
2019,census tract,1.0211.00,1.0211.00,48,NA,5.58,NA
2019,census tract,1.0212.00,1.0212.00,56,NA,3,NA
2019,census tract,1.0213.03,1.0213.03,26,NA,3.92,NA
2019,census tract,1.0215.00,1.0215.00,21,NA,3,NA
2019,census tract,1.0216.00,1.0216.00,29,NA,5.76,NA
2019,census tract,1.0218.00,1.0218.00,78,NA,4,NA
2019,census tract,1.0219.00,1.0219.00,54,NA,5,NA
2019,census tract,1.0220.00,1.0220.00,53,NA,4.92,NA
2019,census tract,1.0221.02,1.0221.02,20,0,4.83,0
2019,census tract,1.0222.00,1.0222.00,89,NA,6,NA
2019,census tract,1.0223.01,1.0223.01,53,NA,6.04,NA
2019,census tract,1.0223.02,1.0223.02,12,0,14,0
2019,census tract,1.0224.00,1.0224.00,36,NA,3,NA
2019,census tract,1.0225.00,1.0225.00,90,NA,6,NA
2019,census tract,1.0226.00,1.0226.00,66,NA,4,NA
2019,census tract,1.0227.00,1.0227.00,31,NA,7,NA
2019,census tract,1.0228.00,1.0228.00,58,NA,4,NA
2019,census tract,1.0229.00,1.0229.00,82,NA,6,NA
2019,census tract,1.0230.00,1.0230.00,65,10,4,0.15384615384615385
2019,census tract,1.0231.00,1.0231.00,43,NA,4.42,NA
2019,census tract,1.0232.00,1.0232.00,115,NA,3.67,NA
2019,census tract,1.0233.00,1.0233.00,71,NA,7.3,NA
2019,census tract,1.0234.00,1.0234.00,28,NA,3.88,NA
2019,census tract,1.0235.01,1.0235.01,26,NA,2.46,NA
2019,census tract,1.0235.02,1.0235.02,18,NA,1,NA
2019,census tract,1.0236.00,1.0236.00,30,NA,4.41,NA
2019,census tract,1.0237.00,1.0237.00,33,NA,4.59,NA
2019,census tract,1.0238.01,1.0238.01,15,NA,3.5,NA
2019,census tract,1.0239.00,1.0239.00,11,0,5,0
2019,census tract,1.0241.00,1.0241.00,57,11,7,0.19298245614035087
2019,census tract,1.0242.00,1.0242.00,17,NA,2.72,NA
2019,census tract,1.0243.01,1.0243.01,33,NA,4,NA
2019,census tract,1.0245.00,1.0245.00,200,21,7,0.105
2019,census tract,1.0249.00,1.0249.00,18,NA,4,NA
2019,census tract,1.0251.00,1.0251.00,34,NA,4.46,NA
2019,census tract,1.0253.00,1.0253.00,127,NA,6.41,NA
2019,census tract,1.0257.00,1.0257.00,35,NA,6,NA
2019,census tract,1.0259.00,1.0259.00,40,NA,3.07,NA
2019,census tract,1.0261.00,1.0261.00,120,NA,5.42,NA
2019,census tract,1.0263.00,1.0263.00,132,NA,7,NA
2019,census tract,1.0265.00,1.0265.00,105,NA,8,NA
2019,census tract,1.0269.00,1.0269.00,143,NA,6,NA
2019,census tract,1.0271.00,1.0271.00,112,NA,7.58,NA
2019,census tract,1.0273.00,1.0273.00,62,NA,6.5,NA
2019,census tract,1.0277.00,1.0277.00,45,NA,5.75,NA
2019,census tract,1.0279.00,1.0279.00,87,NA,5.92,NA
2019,census tract,1.0283.00,1.0283.00,69,NA,5,NA
2019,census tract,1.0285.00,1.0285.00,100,10,4.7700000000000005,0.1
2019,census tract,1.0287.00,1.0287.00,73,NA,6,NA
2019,census tract,1.0291.00,1.0291.00,103,NA,5.33,NA
2019,census tract,1.0293.00,1.0293.00,175,NA,5,NA
2019,census tract,1.0295.00,1.0295.00,67,NA,6,NA
2019,census tract,1.0299.00,1.0299.00,44,NA,3.07,NA
2019,census tract,1.0303.00,1.0303.00,56,NA,4,NA
2019,census tract,1.0307.00,1.0307.00,12,NA,2,NA
2019,census tract,1.0309.00,1.0309.00,49,NA,4.67,NA
2019,census tract,1.0317.03,1.0317.03,48,NA,6,NA
2019,census tract,1.0317.04,1.0317.04,33,NA,7,NA
2019,census tract,2.0004.00,2.0004.00,10,NA,NA,NA
2019,census tract,2.0019.00,2.0019.00,84,NA,2,NA
2019,census tract,2.0020.00,2.0020.00,13,NA,1.2,NA
2019,census tract,2.0025.00,2.0025.00,53,NA,5,NA
2019,census tract,2.0027.01,2.0027.01,16,NA,3.62,NA
2019,census tract,2.0027.02,2.0027.02,27,NA,4,NA
2019,census tract,2.0028.00,2.0028.00,32,NA,2.96,NA
2019,census tract,2.0031.00,2.0031.00,48,NA,2,NA
2019,census tract,2.0033.00,2.0033.00,10,0,NA,0
2019,census tract,2.0035.00,2.0035.00,24,0,3,0
2019,census tract,2.0039.00,2.0039.00,80,NA,4,NA
2019,census tract,2.0041.00,2.0041.00,18,NA,4.44,NA
2019,census tract,2.0042.00,2.0042.00,51,NA,4,NA
2019,census tract,2.0043.00,2.0043.00,106,NA,4,NA
2019,census tract,2.0044.00,2.0044.00,15,NA,2.34,NA
2019,census tract,2.0046.00,2.0046.00,10,0,5.5,0
2019,census tract,2.0048.00,2.0048.00,30,NA,3.21,NA
2019,census tract,2.0050.01,2.0050.01,18,NA,3,NA
2019,census tract,2.0050.02,2.0050.02,40,NA,3,NA
2019,census tract,2.0051.00,2.0051.00,33,NA,3,NA
2019,census tract,2.0054.00,2.0054.00,74,NA,3.74,NA
2019,census tract,2.0056.00,2.0056.00,21,NA,4,NA
2019,census tract,2.0059.02,2.0059.02,22,NA,4,NA
2019,census tract,2.0060.00,2.0060.00,14,NA,2,NA
2019,census tract,2.0061.00,2.0061.00,39,NA,4.5,NA
2019,census tract,2.0062.00,2.0062.00,23,NA,4,NA
2019,census tract,2.0063.00,2.0063.00,123,NA,6,NA
2019,census tract,2.0065.00,2.0065.00,160,NA,4.17,NA
2019,census tract,2.0067.00,2.0067.00,73,NA,4,NA
2019,census tract,2.0069.00,2.0069.00,27,NA,3.06,NA
2019,census tract,2.0070.00,2.0070.00,26,NA,3.38,NA
2019,census tract,2.0071.00,2.0071.00,65,NA,4,NA
2019,census tract,2.0072.00,2.0072.00,45,NA,3.71,NA
2019,census tract,2.0073.00,2.0073.00,32,NA,4.83,NA
2019,census tract,2.0075.00,2.0075.00,24,NA,2.3099999999999996,NA
2019,census tract,2.0076.00,2.0076.00,79,NA,2.42,NA
2019,census tract,2.0077.00,2.0077.00,27,NA,2,NA
2019,census tract,2.0078.00,2.0078.00,31,NA,2,NA
2019,census tract,2.0079.00,2.0079.00,29,NA,2.9699999999999998,NA
2019,census tract,2.0083.00,2.0083.00,44,NA,2.54,NA
2019,census tract,2.0085.00,2.0085.00,33,NA,2,NA
2019,census tract,2.0087.00,2.0087.00,55,NA,2.68,NA
2019,census tract,2.0090.00,2.0090.00,27,NA,2,NA
2019,census tract,2.0092.00,2.0092.00,84,NA,4,NA
2019,census tract,2.0093.00,2.0093.00,102,11,2,0.10784313725490197
2019,census tract,2.0096.00,2.0096.00,31,NA,3,NA
2019,census tract,2.0098.00,2.0098.00,11,NA,NA,NA
2019,census tract,2.0115.02,2.0115.02,40,NA,2,NA
2019,census tract,2.0117.00,2.0117.00,18,0,1,0
2019,census tract,2.0119.00,2.0119.00,57,0,5.92,0
2019,census tract,2.0123.00,2.0123.00,16,NA,2,NA
2019,census tract,2.0125.00,2.0125.00,24,NA,2.61,NA
2019,census tract,2.0127.01,2.0127.01,35,NA,6,NA
2019,census tract,2.0129.01,2.0129.01,53,13,2.8299999999999996,0.24528301886792453
2019,census tract,2.0131.00,2.0131.00,22,NA,2.17,NA
2019,census tract,2.0132.00,2.0132.00,16,0,3.2800000000000002,0
2019,census tract,2.0133.00,2.0133.00,14,NA,1.79,NA
2019,census tract,2.0141.00,2.0141.00,54,NA,3,NA
2019,census tract,2.0143.00,2.0143.00,20,NA,4.5,NA
2019,census tract,2.0145.00,2.0145.00,50,NA,3,NA
2019,census tract,2.0149.00,2.0149.00,34,NA,3,NA
2019,census tract,2.0151.00,2.0151.00,49,NA,4,NA
2019,census tract,2.0152.00,2.0152.00,26,NA,5,NA
2019,census tract,2.0153.00,2.0153.00,10,0,2,0
2019,census tract,2.0155.00,2.0155.00,40,NA,2,NA
2019,census tract,2.0157.00,2.0157.00,13,NA,1.22,NA
2019,census tract,2.0158.00,2.0158.00,10,0,NA,0
2019,census tract,2.0159.00,2.0159.00,46,NA,4.85,NA
2019,census tract,2.0161.00,2.0161.00,70,NA,3.09,NA
2019,census tract,2.0162.00,2.0162.00,14,NA,3.4099999999999997,NA
2019,census tract,2.0164.00,2.0164.00,28,NA,3,NA
2019,census tract,2.0165.00,2.0165.00,18,NA,1.92,NA
2019,census tract,2.0166.00,2.0166.00,27,NA,3,NA
2019,census tract,2.0167.00,2.0167.00,25,NA,2.05,NA
2019,census tract,2.0169.00,2.0169.00,13,NA,3,NA
2019,census tract,2.0173.00,2.0173.00,21,0,4,0
2019,census tract,2.0175.00,2.0175.00,27,NA,2.5,NA
2019,census tract,2.0177.01,2.0177.01,28,0,3,0
2019,census tract,2.0177.02,2.0177.02,29,NA,2,NA
2019,census tract,2.0179.01,2.0179.01,31,0,5,0
2019,census tract,2.0179.02,2.0179.02,19,NA,3,NA
2019,census tract,2.0181.01,2.0181.01,36,NA,4,NA
2019,census tract,2.0181.02,2.0181.02,38,NA,4,NA
2019,census tract,2.0183.01,2.0183.01,19,NA,3,NA
2019,census tract,2.0183.02,2.0183.02,22,0,3,0
2019,census tract,2.0184.00,2.0184.00,32,NA,3.5,NA
2019,census tract,2.0185.00,2.0185.00,85,NA,2.14,NA
2019,census tract,2.0189.00,2.0189.00,39,NA,2.06,NA
2019,census tract,2.0193.00,2.0193.00,12,0,2,0
2019,census tract,2.0194.00,2.0194.00,13,NA,NA,NA
2019,census tract,2.0195.00,2.0195.00,53,NA,5.17,NA
2019,census tract,2.0197.00,2.0197.00,79,NA,4,NA
2019,census tract,2.0199.00,2.0199.00,37,NA,3,NA
2019,census tract,2.0200.00,2.0200.00,116,NA,3,NA
2019,census tract,2.0201.00,2.0201.00,20,NA,3,NA
2019,census tract,2.0202.00,2.0202.00,23,NA,3,NA
2019,census tract,2.0206.01,2.0206.01,24,NA,2.64,NA
2019,census tract,2.0209.00,2.0209.00,39,NA,3,NA
2019,census tract,2.0211.00,2.0211.00,28,NA,2.5,NA
2019,census tract,2.0213.01,2.0213.01,21,NA,3.5,NA
2019,census tract,2.0213.02,2.0213.02,11,NA,1,NA
2019,census tract,2.0215.01,2.0215.01,35,NA,3.5,NA
2019,census tract,2.0215.02,2.0215.02,37,NA,3,NA
2019,census tract,2.0216.01,2.0216.01,25,0,3,0
2019,census tract,2.0216.02,2.0216.02,109,14,3,0.12844036697247707
2019,census tract,2.0217.00,2.0217.00,22,NA,1.44,NA
2019,census tract,2.0218.00,2.0218.00,25,NA,2,NA
2019,census tract,2.0219.00,2.0219.00,23,NA,4,NA
2019,census tract,2.0220.00,2.0220.00,17,NA,2.5,NA
2019,census tract,2.0221.01,2.0221.01,44,NA,3,NA
2019,census tract,2.0221.02,2.0221.02,35,0,3,0
2019,census tract,2.0222.00,2.0222.00,99,NA,3,NA
2019,census tract,2.0223.00,2.0223.00,43,NA,7,NA
2019,census tract,2.0224.01,2.0224.01,34,NA,54,NA
2019,census tract,2.0224.03,2.0224.03,38,NA,5.81,NA
2019,census tract,2.0224.04,2.0224.04,48,NA,35,NA
2019,census tract,2.0225.00,2.0225.00,46,NA,4,NA
2019,census tract,2.0227.01,2.0227.01,42,NA,3.15,NA
2019,census tract,2.0227.02,2.0227.02,26,NA,4,NA
2019,census tract,2.0227.03,2.0227.03,10,0,4.79,0
2019,census tract,2.0228.00,2.0228.00,35,NA,3,NA
2019,census tract,2.0229.01,2.0229.01,10,NA,NA,NA
2019,census tract,2.0229.02,2.0229.02,19,0,5,0
2019,census tract,2.0230.00,2.0230.00,15,NA,3.96,NA
2019,census tract,2.0231.00,2.0231.00,45,NA,3,NA
2019,census tract,2.0232.00,2.0232.00,27,0,3,0
2019,census tract,2.0233.01,2.0233.01,43,NA,2,NA
2019,census tract,2.0235.01,2.0235.01,44,NA,4,NA
2019,census tract,2.0235.02,2.0235.02,43,NA,3.92,NA
2019,census tract,2.0236.00,2.0236.00,43,NA,2.25,NA
2019,census tract,2.0237.02,2.0237.02,53,NA,4.21,NA
2019,census tract,2.0237.03,2.0237.03,101,NA,4.95,NA
2019,census tract,2.0237.04,2.0237.04,57,NA,4.92,NA
2019,census tract,2.0238.00,2.0238.00,27,NA,2.05,NA
2019,census tract,2.0239.00,2.0239.00,114,NA,3.03,NA
2019,census tract,2.0240.00,2.0240.00,15,NA,NA,NA
2019,census tract,2.0241.00,2.0241.00,70,NA,3.5,NA
2019,census tract,2.0243.00,2.0243.00,64,NA,3,NA
2019,census tract,2.0245.01,2.0245.01,14,0,4.619999999999999,0
2019,census tract,2.0245.02,2.0245.02,19,0,4,0
2019,census tract,2.0248.00,2.0248.00,28,NA,3,NA
2019,census tract,2.0250.00,2.0250.00,31,NA,3,NA
2019,census tract,2.0251.00,2.0251.00,61,NA,4,NA
2019,census tract,2.0252.00,2.0252.00,22,NA,3,NA
2019,census tract,2.0253.00,2.0253.00,39,NA,4,NA
2019,census tract,2.0254.00,2.0254.00,29,NA,3,NA
2019,census tract,2.0255.00,2.0255.00,14,NA,4,NA
2019,census tract,2.0256.00,2.0256.00,17,NA,6.71,NA
2019,census tract,2.0263.00,2.0263.00,23,0,6,0
2019,census tract,2.0264.00,2.0264.00,20,NA,2.58,NA
2019,census tract,2.0265.00,2.0265.00,54,NA,5.319999999999999,NA
2019,census tract,2.0266.01,2.0266.01,19,NA,3.44,NA
2019,census tract,2.0266.02,2.0266.02,79,NA,4,NA
2019,census tract,2.0267.01,2.0267.01,31,NA,3,NA
2019,census tract,2.0273.00,2.0273.00,25,NA,2.79,NA
2019,census tract,2.0277.00,2.0277.00,20,NA,2.8,NA
2019,census tract,2.0279.00,2.0279.00,33,NA,3,NA
2019,census tract,2.0283.00,2.0283.00,89,NA,3,NA
2019,census tract,2.0285.00,2.0285.00,25,NA,3,NA
2019,census tract,2.0287.00,2.0287.00,14,NA,3.2,NA
2019,census tract,2.0288.00,2.0288.00,45,NA,4.659999999999999,NA
2019,census tract,2.0289.00,2.0289.00,113,NA,5,NA
2019,census tract,2.0293.02,2.0293.02,38,NA,4,NA
2019,census tract,2.0295.00,2.0295.00,89,NA,4,NA
2019,census tract,2.0296.00,2.0296.00,34,NA,1.46,NA
2019,census tract,2.0297.00,2.0297.00,39,NA,5.5,NA
2019,census tract,2.0300.00,2.0300.00,31,NA,3,NA
2019,census tract,2.0302.00,2.0302.00,19,0,2.67,0
2019,census tract,2.0310.00,2.0310.00,12,NA,NA,NA
2019,census tract,2.0312.00,2.0312.00,36,NA,3.3899999999999997,NA
2019,census tract,2.0323.00,2.0323.00,20,0,4,0
2019,census tract,2.0324.00,2.0324.00,15,NA,27.5,NA
2019,census tract,2.0326.00,2.0326.00,18,NA,2.8,NA
2019,census tract,2.0328.00,2.0328.00,26,NA,3,NA
2019,census tract,2.0330.00,2.0330.00,81,NA,3,NA
2019,census tract,2.0332.02,2.0332.02,18,0,5.75,0
2019,census tract,2.0336.00,2.0336.00,46,NA,3.08,NA
2019,census tract,2.0337.00,2.0337.00,47,NA,2.38,NA
2019,census tract,2.0338.00,2.0338.00,37,NA,2,NA
2019,census tract,2.0342.00,2.0342.00,21,NA,2.66,NA
2019,census tract,2.0344.00,2.0344.00,10,0,NA,0
2019,census tract,2.0345.00,2.0345.00,17,NA,3.2800000000000002,NA
2019,census tract,2.0348.00,2.0348.00,29,NA,2.16,NA
2019,census tract,2.0350.00,2.0350.00,11,NA,NA,NA
2019,census tract,2.0358.00,2.0358.00,35,NA,2.29,NA
2019,census tract,2.0359.00,2.0359.00,18,0,4,0
2019,census tract,2.0363.00,2.0363.00,41,NA,2,NA
2019,census tract,2.0364.00,2.0364.00,41,NA,3,NA
2019,census tract,2.0365.01,2.0365.01,45,NA,3,NA
2019,census tract,2.0365.02,2.0365.02,24,NA,3.58,NA
2019,census tract,2.0369.01,2.0369.01,34,NA,4,NA
2019,census tract,2.0370.00,2.0370.00,17,0,3.75,0
2019,census tract,2.0371.00,2.0371.00,29,NA,3,NA
2019,census tract,2.0372.00,2.0372.00,13,NA,2,NA
2019,census tract,2.0373.00,2.0373.00,63,NA,3.29,NA
2019,census tract,2.0374.00,2.0374.00,41,NA,2.61,NA
2019,census tract,2.0375.04,2.0375.04,45,NA,2.58,NA
2019,census tract,2.0378.00,2.0378.00,17,NA,3.08,NA
2019,census tract,2.0379.00,2.0379.00,21,NA,2,NA
2019,census tract,2.0380.00,2.0380.00,41,NA,3.3299999999999996,NA
2019,census tract,2.0381.00,2.0381.00,50,NA,3,NA
2019,census tract,2.0383.01,2.0383.01,42,NA,5,NA
2019,census tract,2.0383.02,2.0383.02,44,NA,2.42,NA
2019,census tract,2.0385.00,2.0385.00,37,NA,3,NA
2019,census tract,2.0386.00,2.0386.00,79,NA,2.23,NA
2019,census tract,2.0387.00,2.0387.00,42,NA,3.3299999999999996,NA
2019,census tract,2.0389.00,2.0389.00,98,NA,3.17,NA
2019,census tract,2.0390.00,2.0390.00,25,NA,2.48,NA
2019,census tract,2.0391.00,2.0391.00,95,NA,3.06,NA
2019,census tract,2.0392.00,2.0392.00,19,NA,3.88,NA
2019,census tract,2.0393.00,2.0393.00,24,NA,3,NA
2019,census tract,2.0394.00,2.0394.00,24,NA,3,NA
2019,census tract,2.0395.00,2.0395.00,67,NA,2.48,NA
2019,census tract,2.0396.00,2.0396.00,46,NA,2.8099999999999996,NA
2019,census tract,2.0397.00,2.0397.00,37,NA,3.29,NA
2019,census tract,2.0399.01,2.0399.01,82,NA,5,NA
2019,census tract,2.0399.02,2.0399.02,61,NA,3,NA
2019,census tract,2.0401.00,2.0401.00,68,NA,4,NA
2019,census tract,2.0403.02,2.0403.02,13,NA,2.8099999999999996,NA
2019,census tract,2.0403.04,2.0403.04,21,0,5,0
2019,census tract,2.0404.00,2.0404.00,27,NA,3,NA
2019,census tract,2.0405.01,2.0405.01,18,0,3.82,0
2019,census tract,2.0406.00,2.0406.00,49,NA,2.3299999999999996,NA
2019,census tract,2.0407.01,2.0407.01,44,NA,2.8299999999999996,NA
2019,census tract,2.0407.02,2.0407.02,25,NA,3,NA
2019,census tract,2.0408.00,2.0408.00,14,0,2.24,0
2019,census tract,2.0411.00,2.0411.00,30,NA,3.58,NA
2019,census tract,2.0413.00,2.0413.00,24,NA,3.18,NA
2019,census tract,2.0414.00,2.0414.00,38,NA,3,NA
2019,census tract,2.0418.00,2.0418.00,41,NA,2.58,NA
2019,census tract,2.0419.00,2.0419.00,25,NA,3.9699999999999998,NA
2019,census tract,2.0420.00,2.0420.00,30,NA,3,NA
2019,census tract,2.0421.00,2.0421.00,49,0,4.859999999999999,0
2019,census tract,2.0422.00,2.0422.00,69,NA,3,NA
2019,census tract,2.0423.00,2.0423.00,56,NA,3.8299999999999996,NA
2019,census tract,2.0424.00,2.0424.00,20,NA,2.9899999999999998,NA
2019,census tract,2.0425.00,2.0425.00,65,NA,2.96,NA
2019,census tract,2.0429.02,2.0429.02,32,0,3,0
2019,census tract,2.0431.00,2.0431.00,75,NA,3.4699999999999998,NA
2019,census tract,2.0434.00,2.0434.00,45,NA,3.58,NA
2019,census tract,2.0442.00,2.0442.00,21,NA,2.68,NA
2019,census tract,2.0449.02,2.0449.02,26,NA,3,NA
2019,census tract,2.0451.01,2.0451.01,11,NA,2,NA
2019,census tract,2.0451.02,2.0451.02,15,0,2.25,0
2019,census tract,2.0462.01,2.0462.01,193,NA,3,NA
2019,census tract,2.0462.02,2.0462.02,62,NA,2,NA
2019,census tract,2.0484.00,2.0484.00,30,NA,1.6500000000000001,NA
2019,census tract,2.0516.00,2.0516.00,35,0,2,0
2019,census tract,3.0001.00,3.0001.00,15,NA,5.42,NA
2019,census tract,3.0002.00,3.0002.00,57,NA,2.75,NA
2019,census tract,3.0005.01,3.0005.01,24,NA,7,NA
2019,census tract,3.0005.02,3.0005.02,53,NA,7,NA
2019,census tract,3.0007.00,3.0007.00,51,NA,4,NA
2019,census tract,3.0009.00,3.0009.00,101,NA,7.5,NA
2019,census tract,3.0011.00,3.0011.00,103,NA,7,NA
2019,census tract,3.0013.00,3.0013.00,17,NA,5,NA
2019,census tract,3.0015.00,3.0015.00,65,NA,3.67,NA
2019,census tract,3.0018.00,3.0018.00,162,NA,2,NA
2019,census tract,3.0020.00,3.0020.00,36,NA,2.46,NA
2019,census tract,3.0021.00,3.0021.00,133,NA,5,NA
2019,census tract,3.0022.00,3.0022.00,33,NA,1.2,NA
2019,census tract,3.0033.00,3.0033.00,75,NA,5.38,NA
2019,census tract,3.0035.00,3.0035.00,55,NA,6,NA
2019,census tract,3.0037.00,3.0037.00,133,NA,6,NA
2019,census tract,3.0039.00,3.0039.00,34,NA,5,NA
2019,census tract,3.0041.00,3.0041.00,41,NA,5,NA
2019,census tract,3.0043.00,3.0043.00,58,NA,6,NA
2019,census tract,3.0045.00,3.0045.00,41,NA,7,NA
2019,census tract,3.0051.00,3.0051.00,22,NA,2,NA
2019,census tract,3.0053.00,3.0053.00,47,NA,3,NA
2019,census tract,3.0054.00,3.0054.00,17,NA,4,NA
2019,census tract,3.0056.01,3.0056.01,17,NA,3,NA
2019,census tract,3.0056.02,3.0056.02,24,NA,4,NA
2019,census tract,3.0058.00,3.0058.00,90,NA,3,NA
2019,census tract,3.0059.00,3.0059.00,28,NA,2,NA
2019,census tract,3.0060.00,3.0060.00,53,NA,4,NA
2019,census tract,3.0062.00,3.0062.00,36,NA,4.14,NA
2019,census tract,3.0063.00,3.0063.00,16,NA,2.52,NA
2019,census tract,3.0064.00,3.0064.00,37,NA,5,NA
2019,census tract,3.0065.00,3.0065.00,20,NA,5,NA
2019,census tract,3.0066.00,3.0066.00,35,NA,3.3299999999999996,NA
2019,census tract,3.0067.00,3.0067.00,23,NA,6,NA
2019,census tract,3.0068.00,3.0068.00,40,NA,3.44,NA
2019,census tract,3.0069.00,3.0069.00,46,NA,5.619999999999999,NA
2019,census tract,3.0071.00,3.0071.00,19,NA,3,NA
2019,census tract,3.0074.00,3.0074.00,35,NA,3.92,NA
2019,census tract,3.0075.00,3.0075.00,24,NA,6.13,NA
2019,census tract,3.0076.00,3.0076.00,40,NA,4.41,NA
2019,census tract,3.0077.00,3.0077.00,34,NA,3.42,NA
2019,census tract,3.0078.00,3.0078.00,44,NA,4,NA
2019,census tract,3.0080.00,3.0080.00,25,NA,5,NA
2019,census tract,3.0082.00,3.0082.00,20,NA,3.92,NA
2019,census tract,3.0084.00,3.0084.00,64,NA,2.5,NA
2019,census tract,3.0088.00,3.0088.00,10,0,NA,0
2019,census tract,3.0090.00,3.0090.00,38,NA,2,NA
2019,census tract,3.0092.00,3.0092.00,26,NA,2.29,NA
2019,census tract,3.0094.00,3.0094.00,24,NA,4,NA
2019,census tract,3.0096.00,3.0096.00,47,NA,4,NA
2019,census tract,3.0098.00,3.0098.00,36,NA,3,NA
2019,census tract,3.0100.00,3.0100.00,33,NA,4,NA
2019,census tract,3.0101.00,3.0101.00,67,NA,2,NA
2019,census tract,3.0102.00,3.0102.00,37,NA,5,NA
2019,census tract,3.0104.00,3.0104.00,89,NA,4,NA
2019,census tract,3.0106.00,3.0106.00,62,NA,4.87,NA
2019,census tract,3.0108.00,3.0108.00,41,NA,3.04,NA
2019,census tract,3.0110.00,3.0110.00,14,NA,2.5,NA
2019,census tract,3.0112.00,3.0112.00,16,NA,3.05,NA
2019,census tract,3.0114.00,3.0114.00,16,NA,3,NA
2019,census tract,3.0117.00,3.0117.00,68,NA,1.58,NA
2019,census tract,3.0118.00,3.0118.00,73,NA,3,NA
2019,census tract,3.0119.00,3.0119.00,67,NA,3,NA
2019,census tract,3.0120.00,3.0120.00,90,NA,3.44,NA
2019,census tract,3.0404.00,3.0404.00,10,0,NA,0
2019,census tract,3.0121.00,3.0121.00,30,NA,2.6,NA
2019,census tract,3.0122.00,3.0122.00,43,NA,4,NA
2019,census tract,3.0126.00,3.0126.00,14,NA,3,NA
2019,census tract,3.0127.00,3.0127.00,24,NA,3,NA
2019,census tract,3.0129.01,3.0129.01,20,NA,5,NA
2019,census tract,3.0129.02,3.0129.02,28,NA,6.04,NA
2019,census tract,3.0130.00,3.0130.00,54,NA,3,NA
2019,census tract,3.0131.00,3.0131.00,47,NA,7.21,NA
2019,census tract,3.0132.00,3.0132.00,16,NA,3,NA
2019,census tract,3.0133.00,3.0133.00,51,NA,6.2,NA
2019,census tract,3.0134.00,3.0134.00,27,0,3,0
2019,census tract,3.0135.00,3.0135.00,31,0,5,0
2019,census tract,3.0136.00,3.0136.00,39,NA,3.54,NA
2019,census tract,3.0137.00,3.0137.00,35,NA,5,NA
2019,census tract,3.0138.00,3.0138.00,54,NA,4.25,NA
2019,census tract,3.0139.00,3.0139.00,61,NA,3,NA
2019,census tract,3.0140.00,3.0140.00,13,NA,NA,NA
2019,census tract,3.0141.00,3.0141.00,44,NA,4,NA
2019,census tract,3.0142.00,3.0142.00,38,NA,5,NA
2019,census tract,3.0143.00,3.0143.00,33,NA,4,NA
2019,census tract,3.0145.00,3.0145.00,45,NA,3,NA
2019,census tract,3.0149.00,3.0149.00,38,NA,5.13,NA
2019,census tract,3.0151.00,3.0151.00,30,NA,5.68,NA
2019,census tract,3.0153.00,3.0153.00,25,NA,5,NA
2019,census tract,3.0155.00,3.0155.00,27,NA,5.4,NA
2019,census tract,3.0157.00,3.0157.00,60,NA,6.07,NA
2019,census tract,3.0159.00,3.0159.00,52,NA,5,NA
2019,census tract,3.0160.00,3.0160.00,103,NA,4.92,NA
2019,census tract,3.0161.00,3.0161.00,40,NA,5.1899999999999995,NA
2019,census tract,3.0162.00,3.0162.00,12,NA,3,NA
2019,census tract,3.0163.00,3.0163.00,24,NA,5.08,NA
2019,census tract,3.0167.00,3.0167.00,10,NA,NA,NA
2019,census tract,3.0169.00,3.0169.00,27,0,5.08,0
2019,census tract,3.0170.00,3.0170.00,10,NA,NA,NA
2019,census tract,3.0176.00,3.0176.00,10,NA,NA,NA
2019,census tract,3.0178.00,3.0178.00,28,NA,4,NA
2019,census tract,3.0180.00,3.0180.00,11,NA,3.3299999999999996,NA
2019,census tract,3.0181.00,3.0181.00,16,NA,5.5,NA
2019,census tract,3.0182.00,3.0182.00,12,NA,3,NA
2019,census tract,3.0183.00,3.0183.00,16,NA,5.17,NA
2019,census tract,3.0190.00,3.0190.00,30,NA,3,NA
2019,census tract,3.0191.00,3.0191.00,41,NA,3,NA
2019,census tract,3.0192.00,3.0192.00,24,NA,2,NA
2019,census tract,3.0193.00,3.0193.00,23,NA,3,NA
2019,census tract,3.0194.00,3.0194.00,20,NA,3,NA
2019,census tract,3.0195.00,3.0195.00,16,NA,5.5,NA
2019,census tract,3.0196.00,3.0196.00,33,NA,3.4,NA
2019,census tract,3.0199.00,3.0199.00,34,NA,4.08,NA
2019,census tract,3.0200.00,3.0200.00,26,NA,3,NA
2019,census tract,3.0201.00,3.0201.00,24,NA,5.95,NA
2019,census tract,3.0203.00,3.0203.00,16,NA,3.18,NA
2019,census tract,3.0205.00,3.0205.00,10,0,4.07,0
2019,census tract,3.0210.00,3.0210.00,17,NA,3.17,NA
2019,census tract,3.0211.00,3.0211.00,18,NA,3.42,NA
2019,census tract,3.0212.00,3.0212.00,15,NA,2.17,NA
2019,census tract,3.0213.00,3.0213.00,17,NA,4,NA
2019,census tract,3.0214.00,3.0214.00,14,NA,2,NA
2019,census tract,3.0215.00,3.0215.00,21,NA,5.29,NA
2019,census tract,3.0216.00,3.0216.00,11,NA,NA,NA
2019,census tract,3.0217.00,3.0217.00,30,NA,6,NA
2019,census tract,3.0218.00,3.0218.00,22,NA,2.25,NA
2019,census tract,3.0219.00,3.0219.00,22,NA,6,NA
2019,census tract,3.0220.00,3.0220.00,86,NA,3,NA
2019,census tract,3.0222.00,3.0222.00,52,NA,4.04,NA
2019,census tract,3.0224.00,3.0224.00,18,NA,3,NA
2019,census tract,3.0226.00,3.0226.00,20,NA,2,NA
2019,census tract,3.0227.00,3.0227.00,49,NA,3,NA
2019,census tract,3.0228.00,3.0228.00,16,NA,2,NA
2019,census tract,3.0229.00,3.0229.00,13,0,4.05,0
2019,census tract,3.0230.00,3.0230.00,32,NA,2,NA
2019,census tract,3.0232.00,3.0232.00,45,NA,3,NA
2019,census tract,3.0233.00,3.0233.00,20,NA,3,NA
2019,census tract,3.0234.00,3.0234.00,38,NA,4,NA
2019,census tract,3.0235.00,3.0235.00,32,NA,3.03,NA
2019,census tract,3.0236.00,3.0236.00,34,NA,3,NA
2019,census tract,3.0238.00,3.0238.00,15,NA,3,NA
2019,census tract,3.0240.00,3.0240.00,13,NA,NA,NA
2019,census tract,3.0241.00,3.0241.00,17,NA,4,NA
2019,census tract,3.0243.00,3.0243.00,21,NA,6,NA
2019,census tract,3.0244.00,3.0244.00,20,NA,3,NA
2019,census tract,3.0245.00,3.0245.00,32,NA,3.71,NA
2019,census tract,3.0247.00,3.0247.00,50,NA,4,NA
2019,census tract,3.0248.00,3.0248.00,27,NA,3,NA
2019,census tract,3.0249.00,3.0249.00,25,NA,4,NA
2019,census tract,3.0250.00,3.0250.00,15,NA,NA,NA
2019,census tract,3.0251.00,3.0251.00,12,NA,NA,NA
2019,census tract,3.0252.00,3.0252.00,23,NA,4,NA
2019,census tract,3.0253.00,3.0253.00,14,0,3,0
2019,census tract,3.0254.00,3.0254.00,16,NA,2,NA
2019,census tract,3.0256.00,3.0256.00,23,NA,3.8099999999999996,NA
2019,census tract,3.0257.00,3.0257.00,18,NA,3,NA
2019,census tract,3.0258.00,3.0258.00,27,NA,2,NA
2019,census tract,3.0259.01,3.0259.01,24,NA,2,NA
2019,census tract,3.0260.00,3.0260.00,29,NA,3.1,NA
2019,census tract,3.0261.00,3.0261.00,15,NA,NA,NA
2019,census tract,3.0264.00,3.0264.00,28,NA,2.04,NA
2019,census tract,3.0265.00,3.0265.00,10,NA,NA,NA
2019,census tract,3.0266.00,3.0266.00,18,NA,2.7800000000000002,NA
2019,census tract,3.0268.00,3.0268.00,20,NA,2.29,NA
2019,census tract,3.0269.00,3.0269.00,18,NA,4,NA
2019,census tract,3.0271.00,3.0271.00,16,NA,3,NA
2019,census tract,3.0273.00,3.0273.00,23,NA,2.61,NA
2019,census tract,3.0274.00,3.0274.00,12,NA,NA,NA
2019,census tract,3.0275.00,3.0275.00,27,NA,3.11,NA
2019,census tract,3.0276.00,3.0276.00,40,NA,3,NA
2019,census tract,3.0277.00,3.0277.00,16,NA,2,NA
2019,census tract,3.0278.00,3.0278.00,42,NA,3,NA
2019,census tract,3.0279.00,3.0279.00,16,NA,NA,NA
2019,census tract,3.0280.00,3.0280.00,15,NA,3,NA
2019,census tract,3.0281.00,3.0281.00,32,NA,2,NA
2019,census tract,3.0282.00,3.0282.00,16,NA,4.04,NA
2019,census tract,3.0283.00,3.0283.00,19,NA,3,NA
2019,census tract,3.0284.00,3.0284.00,30,NA,3.3299999999999996,NA
2019,census tract,3.0285.01,3.0285.01,18,NA,2.92,NA
2019,census tract,3.0286.00,3.0286.00,20,NA,3.3,NA
2019,census tract,3.0287.00,3.0287.00,17,NA,4,NA
2019,census tract,3.0288.00,3.0288.00,53,NA,4,NA
2019,census tract,3.0289.00,3.0289.00,24,NA,3,NA
2019,census tract,3.0290.00,3.0290.00,43,NA,4,NA
2019,census tract,3.0292.00,3.0292.00,22,NA,2.67,NA
2019,census tract,3.0294.00,3.0294.00,15,NA,7,NA
2019,census tract,3.0295.00,3.0295.00,13,NA,3,NA
2019,census tract,3.0296.00,3.0296.00,49,NA,4,NA
2019,census tract,3.0298.00,3.0298.00,29,NA,4,NA
2019,census tract,3.0300.00,3.0300.00,35,NA,3,NA
2019,census tract,3.0301.00,3.0301.00,17,NA,3.5,NA
2019,census tract,3.0303.00,3.0303.00,17,NA,3,NA
2019,census tract,3.0305.00,3.0305.00,26,NA,3,NA
2019,census tract,3.0308.00,3.0308.00,15,NA,9.5,NA
2019,census tract,3.0309.00,3.0309.00,21,NA,3,NA
2019,census tract,3.0311.00,3.0311.00,14,NA,NA,NA
2019,census tract,3.0314.00,3.0314.00,13,NA,NA,NA
2019,census tract,3.0315.00,3.0315.00,30,NA,3,NA
2019,census tract,3.0317.01,3.0317.01,28,NA,3.54,NA
2019,census tract,3.0317.02,3.0317.02,23,0,6,0
2019,census tract,3.0319.00,3.0319.00,20,NA,2.59,NA
2019,census tract,3.0321.00,3.0321.00,28,NA,3,NA
2019,census tract,3.0323.00,3.0323.00,28,NA,3,NA
2019,census tract,3.0325.00,3.0325.00,17,NA,NA,NA
2019,census tract,3.0327.00,3.0327.00,38,NA,2.01,NA
2019,census tract,3.0328.00,3.0328.00,11,0,3.42,0
2019,census tract,3.0329.00,3.0329.00,32,NA,4,NA
2019,census tract,3.0331.00,3.0331.00,14,NA,2.9699999999999998,NA
2019,census tract,3.0333.00,3.0333.00,11,NA,5,NA
2019,census tract,3.0337.00,3.0337.00,13,NA,3,NA
2019,census tract,3.0339.00,3.0339.00,18,NA,3.75,NA
2019,census tract,3.0342.00,3.0342.00,19,NA,2.2,NA
2019,census tract,3.0345.00,3.0345.00,27,NA,2.67,NA
2019,census tract,3.0348.00,3.0348.00,41,NA,2,NA
2019,census tract,3.0349.00,3.0349.00,31,NA,3,NA
2019,census tract,3.0350.00,3.0350.00,20,NA,2.75,NA
2019,census tract,3.0351.00,3.0351.00,58,NA,3,NA
2019,census tract,3.0352.00,3.0352.00,13,NA,5.5,NA
2019,census tract,3.0353.00,3.0353.00,13,NA,4,NA
2019,census tract,3.0354.00,3.0354.00,31,13,4.18,0.41935483870967744
2019,census tract,3.0355.00,3.0355.00,33,NA,2.5,NA
2019,census tract,3.0356.02,3.0356.02,11,NA,4,NA
2019,census tract,3.0359.00,3.0359.00,13,NA,2.5,NA
2019,census tract,3.0360.01,3.0360.01,43,NA,6,NA
2019,census tract,3.0360.02,3.0360.02,17,0,5,0
2019,census tract,3.0361.00,3.0361.00,18,NA,3.5,NA
2019,census tract,3.0362.00,3.0362.00,82,NA,4.95,NA
2019,census tract,3.0369.00,3.0369.00,17,NA,4.09,NA
2019,census tract,3.0370.00,3.0370.00,18,NA,4,NA
2019,census tract,3.0373.00,3.0373.00,16,NA,4.25,NA
2019,census tract,3.0374.02,3.0374.02,17,NA,4.09,NA
2019,census tract,3.0375.00,3.0375.00,15,NA,3,NA
2019,census tract,3.0377.00,3.0377.00,15,NA,2.92,NA
2019,census tract,3.0385.00,3.0385.00,15,NA,3,NA
2019,census tract,3.0386.00,3.0386.00,28,NA,3.17,NA
2019,census tract,3.0387.00,3.0387.00,15,NA,2.55,NA
2019,census tract,3.0388.00,3.0388.00,12,0,3,0
2019,census tract,3.0389.00,3.0389.00,43,NA,3.48,NA
2019,census tract,3.0391.00,3.0391.00,16,NA,NA,NA
2019,census tract,3.0392.00,3.0392.00,28,NA,2.67,NA
2019,census tract,3.0393.00,3.0393.00,24,NA,2,NA
2019,census tract,3.0394.00,3.0394.00,23,NA,2.73,NA
2019,census tract,3.0395.00,3.0395.00,15,NA,9.5,NA
2019,census tract,3.0396.00,3.0396.00,18,NA,3.63,NA
2019,census tract,3.0397.00,3.0397.00,24,NA,2.74,NA
2019,census tract,3.0398.00,3.0398.00,32,NA,2.73,NA
2019,census tract,3.0400.00,3.0400.00,34,NA,2.9299999999999997,NA
2019,census tract,3.0401.00,3.0401.00,15,NA,9,NA
2019,census tract,3.0402.00,3.0402.00,31,NA,3,NA
2019,census tract,3.0403.00,3.0403.00,37,NA,3,NA
2019,census tract,3.0408.00,3.0408.00,21,NA,3,NA
2019,census tract,3.0409.00,3.0409.00,10,NA,NA,NA
2019,census tract,3.0412.00,3.0412.00,31,NA,3.46,NA
2019,census tract,3.0414.01,3.0414.01,16,NA,3,NA
2019,census tract,3.0418.00,3.0418.00,44,NA,4,NA
2019,census tract,3.0420.00,3.0420.00,23,NA,6,NA
2019,census tract,3.0421.00,3.0421.00,15,NA,3,NA
2019,census tract,3.0422.00,3.0422.00,39,NA,3,NA
2019,census tract,3.0423.00,3.0423.00,18,NA,2.19,NA
2019,census tract,3.0424.00,3.0424.00,15,NA,2.29,NA
2019,census tract,3.0425.00,3.0425.00,11,0,NA,0
2019,census tract,3.0426.00,3.0426.00,21,NA,3.9499999999999997,NA
2019,census tract,3.0427.00,3.0427.00,27,NA,3,NA
2019,census tract,3.0428.00,3.0428.00,16,NA,3,NA
2019,census tract,3.0429.00,3.0429.00,69,NA,4,NA
2019,census tract,3.0430.00,3.0430.00,22,NA,3.08,NA
2019,census tract,3.0431.00,3.0431.00,68,NA,3,NA
2019,census tract,3.0432.00,3.0432.00,31,NA,3,NA
2019,census tract,3.0433.00,3.0433.00,29,NA,3.67,NA
2019,census tract,3.0434.00,3.0434.00,14,NA,1.58,NA
2019,census tract,3.0435.00,3.0435.00,10,0,2,0
2019,census tract,3.0436.00,3.0436.00,32,NA,3,NA
2019,census tract,3.0437.00,3.0437.00,11,NA,NA,NA
2019,census tract,3.0438.00,3.0438.00,33,NA,2,NA
2019,census tract,3.0439.00,3.0439.00,55,NA,4,NA
2019,census tract,3.0443.00,3.0443.00,35,NA,3.12,NA
2019,census tract,3.0445.00,3.0445.00,31,NA,4,NA
2019,census tract,3.0447.00,3.0447.00,57,NA,4,NA
2019,census tract,3.0449.00,3.0449.00,65,NA,1.98,NA
2019,census tract,3.0453.00,3.0453.00,67,NA,3,NA
2019,census tract,3.0454.00,3.0454.00,29,NA,2.38,NA
2019,census tract,3.0456.00,3.0456.00,11,NA,NA,NA
2019,census tract,3.0460.00,3.0460.00,19,NA,3,NA
2019,census tract,3.0462.02,3.0462.02,16,NA,3.44,NA
2019,census tract,3.0474.00,3.0474.00,33,NA,2.75,NA
2019,census tract,3.0476.00,3.0476.00,32,NA,3,NA
2019,census tract,3.0477.00,3.0477.00,17,NA,4.5,NA
2019,census tract,3.0478.00,3.0478.00,30,NA,2,NA
2019,census tract,3.0480.00,3.0480.00,14,NA,3.04,NA
2019,census tract,3.0481.00,3.0481.00,20,NA,1.6700000000000002,NA
2019,census tract,3.0482.00,3.0482.00,10,NA,NA,NA
2019,census tract,3.0484.00,3.0484.00,22,0,4,0
2019,census tract,3.0485.00,3.0485.00,85,NA,2,NA
2019,census tract,3.0486.00,3.0486.00,34,NA,3,NA
2019,census tract,3.0488.00,3.0488.00,21,NA,3,NA
2019,census tract,3.0491.00,3.0491.00,97,NA,5,NA
2019,census tract,3.0492.00,3.0492.00,18,NA,12,NA
2019,census tract,3.0493.00,3.0493.00,44,NA,5,NA
2019,census tract,3.0494.00,3.0494.00,15,NA,5,NA
2019,census tract,3.0495.00,3.0495.00,66,NA,4.29,NA
2019,census tract,3.0496.00,3.0496.00,43,NA,3.63,NA
2019,census tract,3.0497.00,3.0497.00,38,NA,5.58,NA
2019,census tract,3.0498.00,3.0498.00,12,0,5.96,0
2019,census tract,3.0499.00,3.0499.00,17,NA,3.3899999999999997,NA
2019,census tract,3.0501.00,3.0501.00,21,NA,3.5,NA
2019,census tract,3.0503.00,3.0503.00,21,NA,4,NA
2019,census tract,3.0504.00,3.0504.00,15,NA,2.75,NA
2019,census tract,3.0505.00,3.0505.00,24,NA,3,NA
2019,census tract,3.0506.00,3.0506.00,27,0,4,0
2019,census tract,3.0507.00,3.0507.00,29,NA,4,NA
2019,census tract,3.0508.01,3.0508.01,45,NA,4,NA
2019,census tract,3.0508.03,3.0508.03,15,NA,3,NA
2019,census tract,3.0509.00,3.0509.00,13,NA,2,NA
2019,census tract,3.0510.01,3.0510.01,16,NA,7.5,NA
2019,census tract,3.0510.02,3.0510.02,46,NA,6.5,NA
2019,census tract,3.0511.00,3.0511.00,25,NA,2,NA
2019,census tract,3.0513.00,3.0513.00,48,NA,3,NA
2019,census tract,3.0514.00,3.0514.00,17,0,4,0
2019,census tract,3.0515.00,3.0515.00,14,NA,3.5,NA
2019,census tract,3.0516.02,3.0516.02,16,NA,2.9299999999999997,NA
2019,census tract,3.0517.00,3.0517.00,31,NA,7,NA
2019,census tract,3.0519.00,3.0519.00,56,NA,5,NA
2019,census tract,3.0520.00,3.0520.00,23,NA,4,NA
2019,census tract,3.0523.00,3.0523.00,78,NA,4,NA
2019,census tract,3.0525.00,3.0525.00,74,NA,3,NA
2019,census tract,3.0526.00,3.0526.00,37,NA,3,NA
2019,census tract,3.0527.00,3.0527.00,62,NA,3.8099999999999996,NA
2019,census tract,3.0528.00,3.0528.00,10,0,2.63,0
2019,census tract,3.0529.00,3.0529.00,27,NA,2,NA
2019,census tract,3.0530.00,3.0530.00,38,NA,3,NA
2019,census tract,3.0531.00,3.0531.00,19,NA,2,NA
2019,census tract,3.0533.00,3.0533.00,42,NA,3,NA
2019,census tract,3.0534.00,3.0534.00,40,NA,3,NA
2019,census tract,3.0535.00,3.0535.00,39,NA,3.5,NA
2019,census tract,3.0538.00,3.0538.00,56,NA,4.33,NA
2019,census tract,3.0542.00,3.0542.00,15,NA,3,NA
2019,census tract,3.0543.00,3.0543.00,30,18,NA,0.6
2019,census tract,3.0546.00,3.0546.00,10,NA,NA,NA
2019,census tract,3.0547.00,3.0547.00,10,0,NA,0
2019,census tract,3.0549.00,3.0549.00,54,NA,4,NA
2019,census tract,3.0550.00,3.0550.00,16,NA,6,NA
2019,census tract,3.0551.00,3.0551.00,55,NA,5.42,NA
2019,census tract,3.0552.00,3.0552.00,87,NA,5,NA
2019,census tract,3.0553.00,3.0553.00,105,NA,9,NA
2019,census tract,3.0554.00,3.0554.00,92,NA,5,NA
2019,census tract,3.0555.00,3.0555.00,146,NA,5,NA
2019,census tract,3.0556.00,3.0556.00,13,NA,3,NA
2019,census tract,3.0557.00,3.0557.00,51,NA,5,NA
2019,census tract,3.0561.00,3.0561.00,74,NA,4.87,NA
2019,census tract,3.0563.00,3.0563.00,39,NA,3,NA
2019,census tract,3.0564.00,3.0564.00,17,NA,11.83,NA
2019,census tract,3.0565.00,3.0565.00,63,NA,4.13,NA
2019,census tract,3.0566.00,3.0566.00,13,NA,2.17,NA
2019,census tract,3.0569.00,3.0569.00,50,NA,6.470000000000001,NA
2019,census tract,3.0570.00,3.0570.00,47,NA,3,NA
2019,census tract,3.0571.00,3.0571.00,33,NA,3.5,NA
2019,census tract,3.0574.00,3.0574.00,29,NA,3,NA
2019,census tract,3.0575.00,3.0575.00,40,NA,5,NA
2019,census tract,3.0576.00,3.0576.00,27,NA,4.04,NA
2019,census tract,3.0578.00,3.0578.00,62,NA,4.49,NA
2019,census tract,3.0579.00,3.0579.00,25,NA,2,NA
2019,census tract,3.0580.00,3.0580.00,31,NA,4,NA
2019,census tract,3.0582.00,3.0582.00,38,NA,3.25,NA
2019,census tract,3.0584.00,3.0584.00,12,0,3,0
2019,census tract,3.0588.00,3.0588.00,32,NA,3,NA
2019,census tract,3.0589.00,3.0589.00,30,NA,2,NA
2019,census tract,3.0590.00,3.0590.00,24,NA,4,NA
2019,census tract,3.0591.00,3.0591.00,13,NA,3.52,NA
2019,census tract,3.0592.00,3.0592.00,27,NA,3.75,NA
2019,census tract,3.0593.00,3.0593.00,19,NA,2,NA
2019,census tract,3.0594.01,3.0594.01,44,0,4,0
2019,census tract,3.0594.02,3.0594.02,57,NA,2.7800000000000002,NA
2019,census tract,3.0596.00,3.0596.00,20,NA,4.22,NA
2019,census tract,3.0600.00,3.0600.00,57,NA,3.5,NA
2019,census tract,3.0606.00,3.0606.00,105,NA,4,NA
2019,census tract,3.0608.00,3.0608.00,39,NA,3.11,NA
2019,census tract,3.0610.03,3.0610.03,16,NA,4,NA
2019,census tract,3.0610.04,3.0610.04,53,NA,5,NA
2019,census tract,3.0622.00,3.0622.00,12,NA,NA,NA
2019,census tract,3.0628.00,3.0628.00,29,NA,2.15,NA
2019,census tract,3.0642.00,3.0642.00,23,NA,2.4499999999999997,NA
2019,census tract,3.0644.00,3.0644.00,27,0,2,0
2019,census tract,3.0646.00,3.0646.00,18,NA,2.2,NA
2019,census tract,3.0650.00,3.0650.00,30,NA,3,NA
2019,census tract,3.0652.00,3.0652.00,28,NA,2.9299999999999997,NA
2019,census tract,3.0662.00,3.0662.00,41,NA,3,NA
2019,census tract,3.0672.00,3.0672.00,19,NA,2,NA
2019,census tract,3.0674.00,3.0674.00,18,NA,2,NA
2019,census tract,3.0676.00,3.0676.00,13,0,1.92,0
2019,census tract,3.0680.00,3.0680.00,18,NA,2,NA
2019,census tract,3.0682.00,3.0682.00,23,NA,1.5,NA
2019,census tract,3.0688.00,3.0688.00,14,NA,2.3299999999999996,NA
2019,census tract,3.0690.00,3.0690.00,19,NA,1.94,NA
2019,census tract,3.0696.02,3.0696.02,10,NA,NA,NA
2019,census tract,3.0698.00,3.0698.00,27,NA,2.63,NA
2019,census tract,3.0720.00,3.0720.00,29,NA,4,NA
2019,census tract,3.0722.00,3.0722.00,22,NA,2,NA
2019,census tract,3.0728.00,3.0728.00,16,NA,2.15,NA
2019,census tract,3.0736.00,3.0736.00,16,NA,3,NA
2019,census tract,3.0740.00,3.0740.00,20,NA,2,NA
2019,census tract,3.0742.00,3.0742.00,10,0,NA,0
2019,census tract,3.0746.00,3.0746.00,22,NA,NA,NA
2019,census tract,3.0748.00,3.0748.00,18,NA,2,NA
2019,census tract,3.0758.00,3.0758.00,11,NA,NA,NA
2019,census tract,3.0768.00,3.0768.00,38,NA,3.13,NA
2019,census tract,3.0770.00,3.0770.00,19,NA,3.67,NA
2019,census tract,3.0774.00,3.0774.00,38,NA,3.9299999999999997,NA
2019,census tract,3.0776.00,3.0776.00,12,NA,2.42,NA
2019,census tract,3.0784.00,3.0784.00,10,NA,NA,NA
2019,census tract,3.0786.00,3.0786.00,35,NA,3.3299999999999996,NA
2019,census tract,3.0790.00,3.0790.00,37,NA,3,NA
2019,census tract,3.0792.00,3.0792.00,23,NA,2.67,NA
2019,census tract,3.0794.00,3.0794.00,43,NA,4.5,NA
2019,census tract,3.0796.02,3.0796.02,51,NA,3.3899999999999997,NA
2019,census tract,3.0798.01,3.0798.01,42,NA,4,NA
2019,census tract,3.0798.02,3.0798.02,61,NA,4,NA
2019,census tract,3.0800.00,3.0800.00,22,NA,3,NA
2019,census tract,3.0802.00,3.0802.00,21,NA,3,NA
2019,census tract,3.0804.00,3.0804.00,31,NA,3,NA
2019,census tract,3.0806.00,3.0806.00,12,NA,NA,NA
2019,census tract,3.0814.00,3.0814.00,14,NA,3.67,NA
2019,census tract,3.0816.00,3.0816.00,14,NA,4.58,NA
2019,census tract,3.0818.00,3.0818.00,35,NA,5,NA
2019,census tract,3.0820.00,3.0820.00,41,NA,2.9,NA
2019,census tract,3.0822.00,3.0822.00,16,0,3,0
2019,census tract,3.0824.00,3.0824.00,34,NA,3,NA
2019,census tract,3.0826.00,3.0826.00,22,0,2,0
2019,census tract,3.0828.00,3.0828.00,28,NA,4,NA
2019,census tract,3.0830.00,3.0830.00,13,0,5.67,0
2019,census tract,3.0836.00,3.0836.00,16,0,2,0
2019,census tract,3.0838.00,3.0838.00,16,NA,2,NA
2019,census tract,3.0840.00,3.0840.00,17,NA,2,NA
2019,census tract,3.0846.00,3.0846.00,29,NA,3,NA
2019,census tract,3.0848.00,3.0848.00,12,NA,NA,NA
2019,census tract,3.0856.00,3.0856.00,16,NA,2,NA
2019,census tract,3.0858.00,3.0858.00,17,NA,3,NA
2019,census tract,3.0860.00,3.0860.00,38,NA,2,NA
2019,census tract,3.0862.00,3.0862.00,28,NA,3,NA
2019,census tract,3.0866.00,3.0866.00,19,NA,2.34,NA
2019,census tract,3.0868.00,3.0868.00,51,NA,3.46,NA
2019,census tract,3.0870.00,3.0870.00,17,NA,3.3299999999999996,NA
2019,census tract,3.0878.00,3.0878.00,17,NA,2.27,NA
2019,census tract,3.0880.00,3.0880.00,14,NA,3,NA
2019,census tract,3.0882.00,3.0882.00,20,NA,3,NA
2019,census tract,3.0884.00,3.0884.00,13,NA,2.68,NA
2019,census tract,3.0886.00,3.0886.00,12,NA,3,NA
2019,census tract,3.0888.00,3.0888.00,15,NA,4,NA
2019,census tract,3.0890.00,3.0890.00,41,NA,2.67,NA
2019,census tract,3.0892.00,3.0892.00,79,NA,3,NA
2019,census tract,3.0894.00,3.0894.00,10,0,NA,0
2019,census tract,3.0900.00,3.0900.00,22,NA,2,NA
2019,census tract,3.0902.00,3.0902.00,39,NA,3,NA
2019,census tract,3.0906.00,3.0906.00,81,NA,2.22,NA
2019,census tract,3.0908.00,3.0908.00,28,NA,1.9,NA
2019,census tract,3.0916.00,3.0916.00,18,0,1.96,0
2019,census tract,3.0918.00,3.0918.00,18,0,3.8899999999999997,0
2019,census tract,3.0924.00,3.0924.00,65,NA,4,NA
2019,census tract,3.0928.00,3.0928.00,12,NA,2,NA
2019,census tract,3.0930.00,3.0930.00,16,NA,2,NA
2019,census tract,3.0932.00,3.0932.00,43,NA,1,NA
2019,census tract,3.0934.00,3.0934.00,13,NA,NA,NA
2019,census tract,3.0944.01,3.0944.01,28,NA,1.83,NA
2019,census tract,3.0946.00,3.0946.00,16,NA,NA,NA
2019,census tract,3.0950.00,3.0950.00,30,NA,3,NA
2019,census tract,3.0954.00,3.0954.00,28,NA,1,NA
2019,census tract,3.0956.00,3.0956.00,20,NA,4,NA
2019,census tract,3.0960.00,3.0960.00,31,NA,1.92,NA
2019,census tract,3.0968.00,3.0968.00,26,NA,4.55,NA
2019,census tract,3.0974.00,3.0974.00,34,NA,3.79,NA
2019,census tract,3.0990.00,3.0990.00,12,0,NA,0
2019,census tract,3.1010.00,3.1010.00,16,NA,2,NA
2019,census tract,3.1022.00,3.1022.00,15,NA,4,NA
2019,census tract,3.1024.00,3.1024.00,11,NA,NA,NA
2019,census tract,3.1028.00,3.1028.00,27,NA,3,NA
2019,census tract,3.1058.04,3.1058.04,25,NA,3,NA
2019,census tract,3.1070.00,3.1070.00,67,NA,4,NA
2019,census tract,3.1098.00,3.1098.00,30,NA,2,NA
2019,census tract,3.1104.00,3.1104.00,86,NA,3.8699999999999997,NA
2019,census tract,3.1116.00,3.1116.00,16,NA,1.42,NA
2019,census tract,3.1126.00,3.1126.00,12,NA,2,NA
2019,census tract,3.1144.00,3.1144.00,15,NA,NA,NA
2019,census tract,3.1146.00,3.1146.00,10,0,NA,0
2019,census tract,3.1156.00,3.1156.00,13,NA,2,NA
2019,census tract,3.1170.00,3.1170.00,14,NA,2,NA
2019,census tract,3.1174.00,3.1174.00,17,NA,4,NA
2019,census tract,3.1176.01,3.1176.01,12,NA,5,NA
2019,census tract,3.1178.00,3.1178.00,18,NA,3,NA
2019,census tract,3.1184.00,3.1184.00,17,NA,3,NA
2019,census tract,3.1188.00,3.1188.00,53,NA,2.08,NA
2019,census tract,3.1190.00,3.1190.00,27,NA,2.25,NA
2019,census tract,3.1196.00,3.1196.00,15,NA,2,NA
2019,census tract,3.1198.00,3.1198.00,33,NA,3,NA
2019,census tract,3.1200.00,3.1200.00,10,0,NA,0
2019,census tract,3.1220.00,3.1220.00,15,0,4,0
2019,census tract,3.1237.00,3.1237.00,46,NA,2,NA
2019,census tract,3.1522.00,3.1522.00,27,NA,4.49,NA
2019,census tract,4.0001.00,4.0001.00,53,NA,3,NA
2019,census tract,4.0002.00,4.0002.00,10,NA,NA,NA
2019,census tract,4.0004.00,4.0004.00,13,NA,2.21,NA
2019,census tract,4.0007.00,4.0007.00,107,NA,4,NA
2019,census tract,4.0010.00,4.0010.00,19,NA,2,NA
2019,census tract,4.0012.00,4.0012.00,20,NA,1.73,NA
2019,census tract,4.0014.00,4.0014.00,11,0,NA,0
2019,census tract,4.0016.00,4.0016.00,14,NA,3,NA
2019,census tract,4.0018.00,4.0018.00,24,NA,2,NA
2019,census tract,4.0019.00,4.0019.00,151,25,5,0.16556291390728478
2019,census tract,4.0025.00,4.0025.00,11,0,3.3299999999999996,0
2019,census tract,4.0031.00,4.0031.00,39,NA,3.67,NA
2019,census tract,4.0033.00,4.0033.00,96,NA,4,NA
2019,census tract,4.0034.00,4.0034.00,21,0,35,0
2019,census tract,4.0038.00,4.0038.00,20,NA,1.91,NA
2019,census tract,4.0039.00,4.0039.00,27,NA,2,NA
2019,census tract,4.0040.01,4.0040.01,14,NA,2.72,NA
2019,census tract,4.0040.02,4.0040.02,29,NA,3,NA
2019,census tract,4.0042.00,4.0042.00,10,0,2.5,0
2019,census tract,4.0043.00,4.0043.00,11,0,NA,0
2019,census tract,4.0045.00,4.0045.00,14,NA,4.17,NA
2019,census tract,4.0051.00,4.0051.00,35,NA,3.16,NA
2019,census tract,4.0053.00,4.0053.00,31,NA,5.42,NA
2019,census tract,4.0054.00,4.0054.00,32,NA,5,NA
2019,census tract,4.0055.00,4.0055.00,42,NA,2,NA
2019,census tract,4.0057.00,4.0057.00,58,NA,3.75,NA
2019,census tract,4.0058.00,4.0058.00,14,NA,NA,NA
2019,census tract,4.0059.00,4.0059.00,76,NA,4.430000000000001,NA
2019,census tract,4.0061.00,4.0061.00,87,0,3.57,0
2019,census tract,4.0062.02,4.0062.02,27,NA,3,NA
2019,census tract,4.0063.00,4.0063.00,82,NA,3.79,NA
2019,census tract,4.0065.01,4.0065.01,17,NA,5.83,NA
2019,census tract,4.0065.02,4.0065.02,44,NA,3.3299999999999996,NA
2019,census tract,4.0069.00,4.0069.00,50,NA,4,NA
2019,census tract,4.0071.00,4.0071.00,60,NA,4,NA
2019,census tract,4.0075.00,4.0075.00,16,NA,2.73,NA
2019,census tract,4.0077.00,4.0077.00,24,NA,4,NA
2019,census tract,4.0079.00,4.0079.00,17,NA,2.63,NA
2019,census tract,4.0083.00,4.0083.00,19,NA,1.6700000000000002,NA
2019,census tract,4.0085.00,4.0085.00,36,NA,3,NA
2019,census tract,4.0088.00,4.0088.00,18,NA,4.25,NA
2019,census tract,4.0094.00,4.0094.00,24,NA,2,NA
2019,census tract,4.0096.00,4.0096.00,13,NA,3,NA
2019,census tract,4.0098.00,4.0098.00,27,NA,3.3299999999999996,NA
2019,census tract,4.0100.00,4.0100.00,21,NA,3,NA
2019,census tract,4.0101.00,4.0101.00,13,0,3,0
2019,census tract,4.0103.00,4.0103.00,11,NA,2,NA
2019,census tract,4.0104.00,4.0104.00,11,0,3.18,0
2019,census tract,4.0105.00,4.0105.00,15,NA,3,NA
2019,census tract,4.0106.00,4.0106.00,24,NA,3.2600000000000002,NA
2019,census tract,4.0112.00,4.0112.00,10,NA,NA,NA
2019,census tract,4.0113.00,4.0113.00,53,NA,4.79,NA
2019,census tract,4.0114.00,4.0114.00,17,NA,2.67,NA
2019,census tract,4.0115.00,4.0115.00,120,NA,5,NA
2019,census tract,4.0116.00,4.0116.00,18,NA,3,NA
2019,census tract,4.0117.00,4.0117.00,19,NA,3.8499999999999996,NA
2019,census tract,4.0119.00,4.0119.00,33,NA,3.08,NA
2019,census tract,4.0121.00,4.0121.00,16,NA,4.5,NA
2019,census tract,4.0122.00,4.0122.00,17,NA,3,NA
2019,census tract,4.0123.01,4.0123.01,39,NA,3,NA
2019,census tract,4.0125.00,4.0125.00,15,NA,5.109999999999999,NA
2019,census tract,4.0132.00,4.0132.00,25,NA,3,NA
2019,census tract,4.0136.00,4.0136.00,23,NA,3.5,NA
2019,census tract,4.0137.00,4.0137.00,22,NA,3,NA
2019,census tract,4.0138.00,4.0138.00,10,NA,NA,NA
2019,census tract,4.0141.00,4.0141.00,41,0,2.58,0
2019,census tract,4.0142.02,4.0142.02,39,NA,2.17,NA
2019,census tract,4.0143.00,4.0143.00,44,NA,4,NA
2019,census tract,4.0144.00,4.0144.00,44,NA,3.5,NA
2019,census tract,4.0147.00,4.0147.00,51,NA,4,NA
2019,census tract,4.0149.00,4.0149.00,55,NA,3.88,NA
2019,census tract,4.0151.00,4.0151.00,13,NA,5,NA
2019,census tract,4.0154.00,4.0154.00,13,NA,3,NA
2019,census tract,4.0155.00,4.0155.00,146,NA,4.4,NA
2019,census tract,4.0157.00,4.0157.00,36,NA,4.55,NA
2019,census tract,4.0158.01,4.0158.01,30,NA,1.9,NA
2019,census tract,4.0158.02,4.0158.02,80,NA,4,NA
2019,census tract,4.0159.00,4.0159.00,15,NA,3.08,NA
2019,census tract,4.0161.00,4.0161.00,25,NA,3.14,NA
2019,census tract,4.0163.00,4.0163.00,24,0,2.86,0
2019,census tract,4.0166.00,4.0166.00,24,NA,3,NA
2019,census tract,4.0169.00,4.0169.00,16,NA,5,NA
2019,census tract,4.0171.00,4.0171.00,51,NA,3,NA
2019,census tract,4.0179.00,4.0179.00,57,NA,3,NA
2019,census tract,4.0181.01,4.0181.01,23,NA,6,NA
2019,census tract,4.0181.02,4.0181.02,22,NA,5.5,NA
2019,census tract,4.0183.00,4.0183.00,110,NA,4.94,NA
2019,census tract,4.0185.01,4.0185.01,14,NA,3.4699999999999998,NA
2019,census tract,4.0185.02,4.0185.02,35,NA,3.77,NA
2019,census tract,4.0189.00,4.0189.00,21,NA,3.5,NA
2019,census tract,4.0190.00,4.0190.00,22,NA,3,NA
2019,census tract,4.0199.00,4.0199.00,80,NA,2,NA
2019,census tract,4.0205.00,4.0205.00,20,NA,1,NA
2019,census tract,4.0208.00,4.0208.00,24,NA,2,NA
2019,census tract,4.0212.00,4.0212.00,49,NA,5,NA
2019,census tract,4.0214.00,4.0214.00,65,NA,3.8099999999999996,NA
2019,census tract,4.0216.00,4.0216.00,47,NA,3,NA
2019,census tract,4.0219.00,4.0219.00,30,0,1.75,0
2019,census tract,4.0220.02,4.0220.02,20,NA,NA,NA
2019,census tract,4.0230.00,4.0230.00,12,0,3.17,0
2019,census tract,4.0235.00,4.0235.00,52,NA,3.66,NA
2019,census tract,4.0236.00,4.0236.00,50,NA,4,NA
2019,census tract,4.0238.00,4.0238.00,40,NA,3.38,NA
2019,census tract,4.0240.00,4.0240.00,54,NA,4.5,NA
2019,census tract,4.0245.00,4.0245.00,29,NA,3,NA
2019,census tract,4.0249.00,4.0249.00,20,NA,4,NA
2019,census tract,4.0251.00,4.0251.00,28,NA,3.57,NA
2019,census tract,4.0253.01,4.0253.01,32,0,3,0
2019,census tract,4.0253.02,4.0253.02,31,NA,3.9899999999999998,NA
2019,census tract,4.0254.00,4.0254.00,15,NA,NA,NA
2019,census tract,4.0255.00,4.0255.00,24,NA,3,NA
2019,census tract,4.0257.00,4.0257.00,24,NA,2.4099999999999997,NA
2019,census tract,4.0259.00,4.0259.00,48,NA,3.3499999999999996,NA
2019,census tract,4.0261.00,4.0261.00,92,NA,4,NA
2019,census tract,4.0263.00,4.0263.00,43,NA,4.17,NA
2019,census tract,4.0265.00,4.0265.00,32,NA,5.2,NA
2019,census tract,4.0267.00,4.0267.00,50,NA,5,NA
2019,census tract,4.0269.01,4.0269.01,112,NA,4.35,NA
2019,census tract,4.0269.02,4.0269.02,35,NA,4.58,NA
2019,census tract,4.0271.00,4.0271.00,46,NA,4.14,NA
2019,census tract,4.0272.00,4.0272.00,13,NA,3,NA
2019,census tract,4.0273.00,4.0273.00,126,NA,5,NA
2019,census tract,4.0275.00,4.0275.00,70,NA,5,NA
2019,census tract,4.0277.00,4.0277.00,78,NA,5,NA
2019,census tract,4.0279.00,4.0279.00,52,NA,10.54,NA
2019,census tract,4.0281.00,4.0281.00,29,NA,8,NA
2019,census tract,4.0282.00,4.0282.00,10,0,2,0
2019,census tract,4.0283.00,4.0283.00,162,NA,7,NA
2019,census tract,4.0284.00,4.0284.00,23,NA,3,NA
2019,census tract,4.0285.00,4.0285.00,20,NA,3.94,NA
2019,census tract,4.0287.00,4.0287.00,75,NA,6.46,NA
2019,census tract,4.0289.00,4.0289.00,100,NA,7,NA
2019,census tract,4.0291.00,4.0291.00,23,NA,7,NA
2019,census tract,4.0294.00,4.0294.00,26,NA,2.92,NA
2019,census tract,4.0295.00,4.0295.00,37,NA,3,NA
2019,census tract,4.0297.00,4.0297.00,67,NA,2.03,NA
2019,census tract,4.0306.00,4.0306.00,86,NA,2,NA
2019,census tract,4.0309.02,4.0309.02,20,NA,3.8099999999999996,NA
2019,census tract,4.0309.03,4.0309.03,54,NA,3,NA
2019,census tract,4.0317.00,4.0317.00,10,0,NA,0
2019,census tract,4.0320.00,4.0320.00,99,20,2,0.20202020202020202
2019,census tract,4.0329.00,4.0329.00,24,NA,3.75,NA
2019,census tract,4.0330.00,4.0330.00,11,NA,2.46,NA
2019,census tract,4.0334.01,4.0334.01,16,NA,3,NA
2019,census tract,4.0334.02,4.0334.02,17,0,2,0
2019,census tract,4.0337.00,4.0337.00,10,0,4.5,0
2019,census tract,4.0339.00,4.0339.00,16,0,4.08,0
2019,census tract,4.0347.00,4.0347.00,10,NA,NA,NA
2019,census tract,4.0351.00,4.0351.00,10,0,3.56,0
2019,census tract,4.0352.00,4.0352.00,38,NA,4,NA
2019,census tract,4.0353.00,4.0353.00,24,NA,4.5,NA
2019,census tract,4.0358.00,4.0358.00,17,NA,3,NA
2019,census tract,4.0366.00,4.0366.00,31,NA,3,NA
2019,census tract,4.0375.00,4.0375.00,97,NA,6,NA
2019,census tract,4.0377.00,4.0377.00,12,NA,NA,NA
2019,census tract,4.0379.00,4.0379.00,16,NA,4,NA
2019,census tract,4.0383.01,4.0383.01,33,NA,1.79,NA
2019,census tract,4.0394.00,4.0394.00,10,NA,NA,NA
2019,census tract,4.0399.00,4.0399.00,24,NA,4,NA
2019,census tract,4.0401.00,4.0401.00,20,NA,4.29,NA
2019,census tract,4.0403.00,4.0403.00,48,NA,5,NA
2019,census tract,4.0405.00,4.0405.00,113,NA,4,NA
2019,census tract,4.0407.00,4.0407.00,43,NA,3,NA
2019,census tract,4.0409.00,4.0409.00,20,NA,6.14,NA
2019,census tract,4.0413.00,4.0413.00,13,NA,4.2700000000000005,NA
2019,census tract,4.0415.00,4.0415.00,17,NA,2.64,NA
2019,census tract,4.0427.00,4.0427.00,30,NA,3,NA
2019,census tract,4.0439.00,4.0439.00,19,NA,3.14,NA
2019,census tract,4.0440.00,4.0440.00,13,0,1,0
2019,census tract,4.0443.01,4.0443.01,13,NA,2.04,NA
2019,census tract,4.0443.02,4.0443.02,25,NA,4.5,NA
2019,census tract,4.0444.00,4.0444.00,108,NA,3,NA
2019,census tract,4.0446.01,4.0446.01,162,NA,5,NA
2019,census tract,4.0446.02,4.0446.02,42,NA,5.03,NA
2019,census tract,4.0450.00,4.0450.00,10,0,3,0
2019,census tract,4.0454.00,4.0454.00,23,NA,6.25,NA
2019,census tract,4.0455.00,4.0455.00,43,NA,4,NA
2019,census tract,4.0458.00,4.0458.00,31,NA,3,NA
2019,census tract,4.0460.00,4.0460.00,64,NA,4.6,NA
2019,census tract,4.0461.00,4.0461.00,32,NA,4,NA
2019,census tract,4.0462.00,4.0462.00,40,NA,4,NA
2019,census tract,4.0463.00,4.0463.00,12,NA,3,NA
2019,census tract,4.0465.00,4.0465.00,66,NA,5.31,NA
2019,census tract,4.0466.00,4.0466.00,44,NA,3.42,NA
2019,census tract,4.0468.00,4.0468.00,13,NA,3.5,NA
2019,census tract,4.0469.00,4.0469.00,29,0,1,0
2019,census tract,4.0470.00,4.0470.00,16,NA,4,NA
2019,census tract,4.0471.00,4.0471.00,31,NA,4,NA
2019,census tract,4.0473.00,4.0473.00,51,NA,4.819999999999999,NA
2019,census tract,4.0475.00,4.0475.00,46,NA,3,NA
2019,census tract,4.0478.00,4.0478.00,51,NA,3.73,NA
2019,census tract,4.0479.00,4.0479.00,22,NA,3.61,NA
2019,census tract,4.0480.00,4.0480.00,13,NA,3,NA
2019,census tract,4.0481.00,4.0481.00,27,NA,6.25,NA
2019,census tract,4.0483.00,4.0483.00,20,NA,5,NA
2019,census tract,4.0484.00,4.0484.00,14,NA,2,NA
2019,census tract,4.0485.00,4.0485.00,68,NA,4,NA
2019,census tract,4.0489.00,4.0489.00,18,NA,2,NA
2019,census tract,4.0492.00,4.0492.00,15,0,4,0
2019,census tract,4.0493.02,4.0493.02,44,NA,2.38,NA
2019,census tract,4.0496.00,4.0496.00,12,NA,NA,NA
2019,census tract,4.0499.00,4.0499.00,15,NA,2,NA
2019,census tract,4.0500.00,4.0500.00,22,NA,2,NA
2019,census tract,4.0512.00,4.0512.00,15,0,3.4099999999999997,0
2019,census tract,4.0515.00,4.0515.00,12,0,NA,0
2019,census tract,4.0517.00,4.0517.00,32,NA,3,NA
2019,census tract,4.0521.00,4.0521.00,17,NA,1.86,NA
2019,census tract,4.0531.00,4.0531.00,53,NA,2.21,NA
2019,census tract,4.0534.01,4.0534.01,11,0,2,0
2019,census tract,4.0535.00,4.0535.00,38,NA,2,NA
2019,census tract,4.0539.00,4.0539.00,10,NA,NA,NA
2019,census tract,4.0540.00,4.0540.00,28,NA,2,NA
2019,census tract,4.0542.00,4.0542.00,25,NA,2,NA
2019,census tract,4.0545.00,4.0545.00,13,NA,3,NA
2019,census tract,4.0547.00,4.0547.00,23,NA,3,NA
2019,census tract,4.0549.00,4.0549.00,47,NA,4,NA
2019,census tract,4.0551.00,4.0551.00,83,NA,3,NA
2019,census tract,4.0552.00,4.0552.00,10,NA,NA,NA
2019,census tract,4.0553.00,4.0553.00,63,NA,3,NA
2019,census tract,4.0555.00,4.0555.00,18,NA,1.75,NA
2019,census tract,4.0557.00,4.0557.00,38,NA,2.74,NA
2019,census tract,4.0559.00,4.0559.00,14,0,NA,0
2019,census tract,4.0564.00,4.0564.00,17,0,NA,0
2019,census tract,4.0566.00,4.0566.00,15,NA,2.3299999999999996,NA
2019,census tract,4.0568.00,4.0568.00,60,NA,2,NA
2019,census tract,4.0577.00,4.0577.00,24,0,2,0
2019,census tract,4.0581.00,4.0581.00,16,NA,4,NA
2019,census tract,4.0582.00,4.0582.00,13,NA,2,NA
2019,census tract,4.0583.00,4.0583.00,18,NA,3.15,NA
2019,census tract,4.0585.00,4.0585.00,21,NA,3.3299999999999996,NA
2019,census tract,4.0587.00,4.0587.00,16,NA,3.75,NA
2019,census tract,4.0589.00,4.0589.00,33,NA,2.73,NA
2019,census tract,4.0591.00,4.0591.00,11,NA,NA,NA
2019,census tract,4.0593.00,4.0593.00,20,NA,3,NA
2019,census tract,4.0595.00,4.0595.00,13,NA,3.4499999999999997,NA
2019,census tract,4.0596.00,4.0596.00,13,NA,3.25,NA
2019,census tract,4.0600.00,4.0600.00,13,0,24,0
2019,census tract,4.0601.00,4.0601.00,15,NA,3,NA
2019,census tract,4.0603.00,4.0603.00,18,NA,2.68,NA
2019,census tract,4.0606.00,4.0606.00,13,NA,2.23,NA
2019,census tract,4.0613.01,4.0613.01,48,NA,3.08,NA
2019,census tract,4.0618.00,4.0618.00,10,0,2.06,0
2019,census tract,4.0619.00,4.0619.00,20,NA,2.46,NA
2019,census tract,4.0621.00,4.0621.00,19,NA,2.13,NA
2019,census tract,4.0622.00,4.0622.00,10,0,2.92,0
2019,census tract,4.0626.00,4.0626.00,19,NA,2,NA
2019,census tract,4.0627.00,4.0627.00,13,NA,3,NA
2019,census tract,4.0629.00,4.0629.00,23,NA,2.69,NA
2019,census tract,4.0632.00,4.0632.00,64,NA,3,NA
2019,census tract,4.0637.00,4.0637.00,31,NA,2,NA
2019,census tract,4.0638.00,4.0638.00,15,NA,2,NA
2019,census tract,4.0645.00,4.0645.00,21,NA,3.44,NA
2019,census tract,4.0654.00,4.0654.00,19,NA,2,NA
2019,census tract,4.0656.00,4.0656.00,12,0,3,0
2019,census tract,4.0657.02,4.0657.02,18,NA,2,NA
2019,census tract,4.0657.03,4.0657.03,28,NA,3.38,NA
2019,census tract,4.0669.00,4.0669.00,10,0,2.92,0
2019,census tract,4.0671.00,4.0671.00,25,NA,3,NA
2019,census tract,4.0679.00,4.0679.00,24,NA,3,NA
2019,census tract,4.0680.00,4.0680.00,11,0,NA,0
2019,census tract,4.0683.00,4.0683.00,16,NA,6.5,NA
2019,census tract,4.0687.00,4.0687.00,22,NA,3,NA
2019,census tract,4.0693.00,4.0693.00,87,NA,4.71,NA
2019,census tract,4.0695.00,4.0695.00,23,NA,3,NA
2019,census tract,4.0697.01,4.0697.01,13,NA,2,NA
2019,census tract,4.0697.02,4.0697.02,16,NA,2.3899999999999997,NA
2019,census tract,4.0707.00,4.0707.00,19,NA,3,NA
2019,census tract,4.0709.00,4.0709.00,14,0,2.8299999999999996,0
2019,census tract,4.0711.00,4.0711.00,108,NA,5,NA
2019,census tract,4.0713.03,4.0713.03,52,NA,5,NA
2019,census tract,4.0713.04,4.0713.04,23,NA,5,NA
2019,census tract,4.0713.05,4.0713.05,12,0,4,0
2019,census tract,4.0713.06,4.0713.06,36,NA,4,NA
2019,census tract,4.0717.01,4.0717.01,56,NA,4.33,NA
2019,census tract,4.0717.02,4.0717.02,32,NA,8,NA
2019,census tract,4.0731.00,4.0731.00,17,NA,2.16,NA
2019,census tract,4.0737.00,4.0737.00,123,NA,6,NA
2019,census tract,4.0739.00,4.0739.00,10,NA,NA,NA
2019,census tract,4.0743.00,4.0743.00,64,NA,2,NA
2019,census tract,4.0757.01,4.0757.01,72,NA,3.17,NA
2019,census tract,4.0757.02,4.0757.02,22,0,3.64,0
2019,census tract,4.0769.01,4.0769.01,32,NA,6,NA
2019,census tract,4.0769.02,4.0769.02,25,NA,4.78,NA
2019,census tract,4.0775.00,4.0775.00,44,NA,3,NA
2019,census tract,4.0779.02,4.0779.02,23,NA,4,NA
2019,census tract,4.0779.04,4.0779.04,55,NA,13,NA
2019,census tract,4.0779.06,4.0779.06,14,0,51,0
2019,census tract,4.0779.07,4.0779.07,16,0,3.4499999999999997,0
2019,census tract,4.0797.01,4.0797.01,22,NA,6.6,NA
2019,census tract,4.0797.02,4.0797.02,56,NA,5.83,NA
2019,census tract,4.0799.00,4.0799.00,31,NA,5,NA
2019,census tract,4.0809.00,4.0809.00,20,NA,34,NA
2019,census tract,4.0837.00,4.0837.00,19,NA,4.6499999999999995,NA
2019,census tract,4.0838.00,4.0838.00,20,0,2,0
2019,census tract,4.0840.00,4.0840.00,33,NA,2.11,NA
2019,census tract,4.0845.00,4.0845.00,15,NA,3,NA
2019,census tract,4.0849.00,4.0849.00,187,21,4.91,0.11229946524064172
2019,census tract,4.0853.00,4.0853.00,124,NA,7.33,NA
2019,census tract,4.0855.00,4.0855.00,16,NA,5,NA
2019,census tract,4.0857.00,4.0857.00,25,NA,4,NA
2019,census tract,4.0859.00,4.0859.00,36,NA,7,NA
2019,census tract,4.0864.00,4.0864.00,12,NA,3,NA
2019,census tract,4.0865.00,4.0865.00,55,NA,4,NA
2019,census tract,4.0869.00,4.0869.00,276,19,3.34,0.06884057971014493
2019,census tract,4.0871.00,4.0871.00,317,11,7,0.03470031545741325
2019,census tract,4.0884.00,4.0884.00,15,NA,2.22,NA
2019,census tract,4.0889.01,4.0889.01,49,NA,4.21,NA
2019,census tract,4.0892.00,4.0892.00,104,NA,4,NA
2019,census tract,4.0907.00,4.0907.00,47,NA,2,NA
2019,census tract,4.0919.00,4.0919.00,47,NA,2,NA
2019,census tract,4.0925.00,4.0925.00,67,NA,2.4699999999999998,NA
2019,census tract,4.0929.00,4.0929.00,32,NA,2.92,NA
2019,census tract,4.0934.01,4.0934.01,12,0,NA,0
2019,census tract,4.0934.02,4.0934.02,22,NA,2.5,NA
2019,census tract,4.0938.00,4.0938.00,54,NA,3.15,NA
2019,census tract,4.0942.01,4.0942.01,12,NA,5,NA
2019,census tract,4.0942.02,4.0942.02,29,NA,3,NA
2019,census tract,4.0942.03,4.0942.03,27,NA,2,NA
2019,census tract,4.0945.00,4.0945.00,57,NA,3,NA
2019,census tract,4.0947.00,4.0947.00,20,NA,2.71,NA
2019,census tract,4.0981.00,4.0981.00,58,NA,2.5,NA
2019,census tract,4.0987.00,4.0987.00,70,NA,3,NA
2019,census tract,4.0992.00,4.0992.00,11,NA,NA,NA
2019,census tract,4.0997.04,4.0997.04,62,NA,6,NA
2019,census tract,4.0998.01,4.0998.01,16,0,5,0
2019,census tract,4.1008.02,4.1008.02,41,NA,2.8299999999999996,NA
2019,census tract,4.1010.01,4.1010.01,44,NA,2,NA
2019,census tract,4.1017.00,4.1017.00,66,NA,2.5,NA
2019,census tract,4.1032.01,4.1032.01,24,NA,4,NA
2019,census tract,4.1032.02,4.1032.02,29,NA,2,NA
2019,census tract,4.1039.00,4.1039.00,21,NA,3.3299999999999996,NA
2019,census tract,4.1047.00,4.1047.00,23,NA,4.83,NA
2019,census tract,4.1085.00,4.1085.00,12,NA,2,NA
2019,census tract,4.1097.00,4.1097.00,10,0,2.32,0
2019,census tract,4.1099.00,4.1099.00,31,NA,2.54,NA
2019,census tract,4.1123.00,4.1123.00,95,NA,4,NA
2019,census tract,4.1129.00,4.1129.00,18,NA,3.58,NA
2019,census tract,4.1139.00,4.1139.00,27,NA,2.92,NA
2019,census tract,4.1155.00,4.1155.00,31,NA,4,NA
2019,census tract,4.1157.00,4.1157.00,49,NA,4.91,NA
2019,census tract,4.1159.00,4.1159.00,16,NA,4,NA
2019,census tract,4.1163.00,4.1163.00,33,NA,4.930000000000001,NA
2019,census tract,4.1167.00,4.1167.00,21,NA,4,NA
2019,census tract,4.1171.00,4.1171.00,199,NA,4,NA
2019,census tract,4.1175.00,4.1175.00,50,NA,4.03,NA
2019,census tract,4.1181.00,4.1181.00,18,NA,3,NA
2019,census tract,4.1185.00,4.1185.00,21,NA,2.3899999999999997,NA
2019,census tract,4.1191.00,4.1191.00,58,NA,3,NA
2019,census tract,4.1205.00,4.1205.00,18,NA,5.13,NA
2019,census tract,4.1207.00,4.1207.00,22,NA,2,NA
2019,census tract,4.1223.00,4.1223.00,11,0,NA,0
2019,census tract,4.1227.01,4.1227.01,62,NA,17,NA
2019,census tract,4.1227.02,4.1227.02,31,NA,3,NA
2019,census tract,4.1241.00,4.1241.00,19,NA,4.71,NA
2019,census tract,4.1257.00,4.1257.00,13,NA,2.9699999999999998,NA
2019,census tract,4.1265.00,4.1265.00,28,NA,3,NA
2019,census tract,4.1277.00,4.1277.00,72,NA,3.84,NA
2019,census tract,4.1291.02,4.1291.02,21,NA,2.17,NA
2019,census tract,4.1291.03,4.1291.03,22,0,6,0
2019,census tract,4.1291.04,4.1291.04,24,NA,4,NA
2019,census tract,4.1301.00,4.1301.00,18,0,2.62,0
2019,census tract,4.1333.00,4.1333.00,36,NA,4,NA
2019,census tract,4.1339.00,4.1339.00,35,0,5,0
2019,census tract,4.1341.00,4.1341.00,34,0,3,0
2019,census tract,4.1347.00,4.1347.00,67,NA,3.8299999999999996,NA
2019,census tract,4.1367.00,4.1367.00,33,NA,5,NA
2019,census tract,4.1377.00,4.1377.00,17,0,3,0
2019,census tract,4.1399.00,4.1399.00,10,NA,NA,NA
2019,census tract,4.1417.00,4.1417.00,12,NA,25,NA
2019,census tract,4.1429.00,4.1429.00,15,NA,3,NA
2019,census tract,4.1435.00,4.1435.00,11,NA,2.74,NA
2019,census tract,4.1447.00,4.1447.00,41,NA,3,NA
2019,census tract,4.1451.01,4.1451.01,21,0,3.9,0
2019,census tract,4.1451.02,4.1451.02,13,NA,6,NA
2019,census tract,4.1459.00,4.1459.00,26,NA,3,NA
2019,census tract,4.1463.00,4.1463.00,27,NA,3.98,NA
2019,census tract,4.1467.00,4.1467.00,93,NA,4.359999999999999,NA
2019,census tract,4.1471.00,4.1471.00,66,NA,4.71,NA
2019,census tract,4.1479.00,4.1479.00,101,NA,3,NA
2019,census tract,4.1507.01,4.1507.01,21,NA,3,NA
2019,census tract,4.1507.02,4.1507.02,61,NA,3.6,NA
2019,census tract,4.1529.01,4.1529.01,26,10,2.67,0.38461538461538464
2019,census tract,4.1529.02,4.1529.02,24,NA,3.3299999999999996,NA
2019,census tract,4.1551.01,4.1551.01,21,NA,1,NA
2019,census tract,4.1551.02,4.1551.02,35,NA,4,NA
2019,census tract,4.1571.01,4.1571.01,26,NA,4.08,NA
2019,census tract,4.1579.01,4.1579.01,22,NA,3.9899999999999998,NA
2019,census tract,4.1579.02,4.1579.02,26,NA,4,NA
2019,census tract,4.1579.03,4.1579.03,15,NA,NA,NA
2019,census tract,4.1617.00,4.1617.00,12,0,NA,0
2019,census tract,4.1621.00,4.1621.00,17,NA,2.57,NA
2019,census tract,5.0003.00,5.0003.00,73,NA,2.54,NA
2019,census tract,5.0006.00,5.0006.00,47,NA,2.09,NA
2019,census tract,5.0008.00,5.0008.00,24,NA,1.97,NA
2019,census tract,5.0021.00,5.0021.00,71,12,1.92,0.16901408450704225
2019,census tract,5.0027.00,5.0027.00,13,NA,NA,NA
2019,census tract,5.0040.00,5.0040.00,20,NA,2,NA
2019,census tract,5.0047.00,5.0047.00,12,NA,4,NA
2019,census tract,5.0050.00,5.0050.00,21,NA,2,NA
2019,census tract,5.0059.00,5.0059.00,10,0,NA,0
2019,census tract,5.0064.00,5.0064.00,34,NA,2.88,NA
2019,census tract,5.0067.00,5.0067.00,23,NA,3.17,NA
2019,census tract,5.0070.00,5.0070.00,56,NA,2.42,NA
2019,census tract,5.0074.00,5.0074.00,22,NA,2.7600000000000002,NA
2019,census tract,5.0081.00,5.0081.00,14,NA,2,NA
2019,census tract,5.0096.01,5.0096.01,41,NA,2.14,NA
2019,census tract,5.0096.02,5.0096.02,29,NA,2.42,NA
2019,census tract,5.0105.00,5.0105.00,44,NA,2,NA
2019,census tract,5.0112.01,5.0112.01,35,NA,3.48,NA
2019,census tract,5.0112.02,5.0112.02,46,NA,2,NA
2019,census tract,5.0114.01,5.0114.01,32,NA,3.51,NA
2019,census tract,5.0114.02,5.0114.02,28,NA,3,NA
2019,census tract,5.0121.00,5.0121.00,34,NA,3.17,NA
2019,census tract,5.0122.00,5.0122.00,92,0,3,0
2019,census tract,5.0125.00,5.0125.00,10,NA,NA,NA
2019,census tract,5.0128.04,5.0128.04,71,NA,4.17,NA
2019,census tract,5.0128.06,5.0128.06,26,NA,4,NA
2019,census tract,5.0132.03,5.0132.03,29,NA,2,NA
2019,census tract,5.0132.04,5.0132.04,10,0,NA,0
2019,census tract,5.0133.02,5.0133.02,105,NA,1.6,NA
2019,census tract,5.0134.00,5.0134.00,78,NA,2.54,NA
2019,census tract,5.0138.00,5.0138.00,22,NA,3.17,NA
2019,census tract,5.0141.00,5.0141.00,12,0,NA,0
2019,census tract,5.0146.04,5.0146.04,62,NA,5,NA
2019,census tract,5.0146.05,5.0146.05,16,NA,2,NA
2019,census tract,5.0146.06,5.0146.06,26,NA,36,NA
2019,census tract,5.0146.07,5.0146.07,55,NA,28,NA
2019,census tract,5.0147.00,5.0147.00,16,NA,2.09,NA
2019,census tract,5.0151.00,5.0151.00,59,NA,3,NA
2019,census tract,5.0156.01,5.0156.01,56,NA,3,NA
2019,census tract,5.0156.02,5.0156.02,21,NA,3,NA
2019,census tract,5.0156.03,5.0156.03,37,NA,25,NA
2019,census tract,5.0169.01,5.0169.01,51,NA,2.3299999999999996,NA
2019,census tract,5.0170.05,5.0170.05,30,0,3,0
2019,census tract,5.0170.10,5.0170.10,19,0,35,0
2019,census tract,5.0170.11,5.0170.11,20,NA,2.84,NA
2019,census tract,5.0176.00,5.0176.00,10,0,NA,0
2019,census tract,5.0181.00,5.0181.00,23,NA,2,NA
2019,census tract,5.0187.01,5.0187.01,19,NA,2.5,NA
2019,census tract,5.0187.02,5.0187.02,19,0,3.18,0
2019,census tract,5.0189.01,5.0189.01,25,NA,3,NA
2019,census tract,5.0198.00,5.0198.00,31,NA,4,NA
2019,census tract,5.0201.00,5.0201.00,54,NA,3.04,NA
2019,census tract,5.0207.00,5.0207.00,44,NA,1.9,NA
2019,census tract,5.0208.01,5.0208.01,46,NA,3.23,NA
2019,census tract,5.0213.00,5.0213.00,36,0,2.8899999999999997,0
2019,census tract,5.0223.00,5.0223.00,27,NA,2,NA
2019,census tract,5.0226.00,5.0226.00,225,13,2.3099999999999996,0.057777777777777775
2019,census tract,5.0228.00,5.0228.00,16,NA,3.3,NA
2019,census tract,5.0231.00,5.0231.00,20,NA,3,NA
2019,census tract,5.0239.00,5.0239.00,17,NA,NA,NA
2019,census tract,5.0247.00,5.0247.00,40,NA,3.38,NA
2019,census tract,5.0248.00,5.0248.00,97,NA,3,NA
2019,census tract,5.0251.00,5.0251.00,20,NA,2.3,NA
2019,census tract,5.0273.01,5.0273.01,19,0,3,0
2019,census tract,5.0277.02,5.0277.02,93,NA,10.5,NA
2019,census tract,5.0277.06,5.0277.06,58,NA,39.5,NA
2019,census tract,5.0279.00,5.0279.00,13,NA,3.16,NA
2019,census tract,5.0291.02,5.0291.02,87,10,2.58,0.11494252873563218
2019,census tract,5.0291.03,5.0291.03,50,NA,2.8899999999999997,NA
2019,census tract,5.0291.04,5.0291.04,40,NA,3,NA
2019,census tract,5.0303.01,5.0303.01,22,NA,3,NA
2019,census tract,5.0303.02,5.0303.02,39,NA,3,NA
2019,census tract,5.0323.00,5.0323.00,52,NA,2.59,NA
2020,citywide,Citywide,Citywide,71763,NA,4.25,NA
2020,borough,Bronx,BX,10142,665,3.18,0.06556892131729442
2020,borough,Brooklyn,BK,17004,NA,3.08,NA
2020,borough,Manhattan,MN,25975,NA,8,NA
2020,borough,Queens,QN,15563,NA,3.53,NA
2020,borough,Staten Island,SI,3079,241,3,0.07827216628775577
2020,council district,01,01,4958,790,8,0.15933844292053248
2020,council district,02,02,2805,402,8,0.14331550802139037
2020,council district,03,03,4970,775,10,0.15593561368209255
2020,council district,04,04,5067,864,13,0.1705150976909414
2020,council district,05,05,1585,206,9,0.1299684542586751
2020,council district,06,06,1356,158,10,0.11651917404129794
2020,council district,07,07,1265,131,6,0.10355731225296443
2020,council district,08,08,1624,152,4,0.09359605911330049
2020,council district,09,09,1366,144,4.17,0.1054172767203514
2020,council district,10,10,1794,133,5,0.07413600891861762
2020,council district,11,11,1161,87,3.3299999999999996,0.07493540051679587
2020,council district,12,12,972,48,2.67,0.04938271604938271
2020,council district,13,13,1122,58,3,0.05169340463458111
2020,council district,14,14,1204,58,4,0.04817275747508306
2020,council district,15,15,1437,117,4,0.081419624217119
2020,council district,16,16,927,50,4,0.05393743257820928
2020,council district,17,17,1662,133,3,0.08002406738868832
2020,council district,18,18,842,51,3,0.060570071258907364
2020,council district,19,19,1433,116,3.42,0.08094905792044661
2020,council district,20,20,1758,180,5,0.10238907849829351
2020,council district,21,21,1186,86,5,0.07251264755480608
2020,council district,22,22,1406,118,3.25,0.08392603129445235
2020,council district,23,23,735,66,3,0.08979591836734693
2020,council district,24,24,976,66,4,0.06762295081967214
2020,council district,25,25,1016,65,5,0.0639763779527559
2020,council district,26,26,1875,178,3,0.09493333333333333
2020,council district,27,27,818,52,3,0.06356968215158924
2020,council district,28,28,573,32,3,0.055846422338568937
2020,council district,29,29,1226,98,4.42,0.0799347471451876
2020,council district,30,30,849,56,2.25,0.06595995288574794
2020,council district,31,31,602,56,2.5,0.09302325581395349
2020,council district,32,32,784,61,3,0.0778061224489796
2020,council district,33,33,2133,300,4,0.14064697609001406
2020,council district,34,34,1691,215,3,0.12714370195150798
2020,council district,35,35,949,145,4,0.15279241306638566
2020,council district,36,36,781,107,3,0.13700384122919335
2020,council district,37,37,732,50,3,0.06830601092896176
2020,council district,38,38,1569,164,3,0.10452517527087317
2020,council district,39,39,1318,122,4,0.09256449165402124
2020,council district,40,40,939,106,4,0.11288604898828541
2020,council district,41,41,785,68,3,0.08662420382165605
2020,council district,42,42,552,32,3,0.057971014492753624
2020,council district,43,43,1053,96,4,0.09116809116809117
2020,council district,44,44,1036,58,3,0.055984555984555984
2020,council district,45,45,777,64,3,0.08236808236808237
2020,council district,46,46,755,67,3,0.08874172185430464
2020,council district,47,47,975,72,3,0.07384615384615385
2020,council district,48,48,1285,130,4,0.10116731517509728
2020,council district,49,49,1010,101,2.3299999999999996,0.1
2020,council district,50,50,1091,83,3,0.076076993583868
2020,council district,51,51,978,57,4,0.05828220858895705
2020,census tract,1.0000.00,1.0000.00,21,NA,5,NA
2020,census tract,1.0002.01,1.0002.01,12,NA,7,NA
2020,census tract,1.0006.00,1.0006.00,101,26,6,0.25742574257425743
2020,census tract,1.0007.00,1.0007.00,110,19,8,0.17272727272727273
2020,census tract,1.0008.00,1.0008.00,261,59,5.6899999999999995,0.2260536398467433
2020,census tract,1.0009.00,1.0009.00,127,17,9.92,0.13385826771653545
2020,census tract,1.0012.00,1.0012.00,19,0,2,0
2020,census tract,1.0013.00,1.0013.00,113,28,8,0.24778761061946902
2020,census tract,1.0014.01,1.0014.01,29,0,8,0
2020,census tract,1.0014.02,1.0014.02,79,10,8,0.12658227848101267
2020,census tract,1.0015.01,1.0015.01,113,18,8,0.1592920353982301
2020,census tract,1.0015.02,1.0015.02,201,42,11,0.208955223880597
2020,census tract,1.0016.00,1.0016.00,343,35,6,0.10204081632653061
2020,census tract,1.0018.00,1.0018.00,343,51,7,0.14868804664723032
2020,census tract,1.0021.00,1.0021.00,184,27,11.43,0.14673913043478262
2020,census tract,1.0022.01,1.0022.01,64,10,6,0.15625
2020,census tract,1.0022.02,1.0022.02,20,NA,7.58,NA
2020,census tract,1.0026.01,1.0026.01,23,NA,5.83,NA
2020,census tract,1.0026.02,1.0026.02,42,11,5,0.2619047619047619
2020,census tract,1.0027.00,1.0027.00,42,NA,6,NA
2020,census tract,1.0028.00,1.0028.00,45,NA,6.58,NA
2020,census tract,1.0029.00,1.0029.00,308,39,7,0.1266233766233766
2020,census tract,1.0030.01,1.0030.01,203,31,7,0.15270935960591134
2020,census tract,1.0030.02,1.0030.02,68,NA,8,NA
2020,census tract,1.0031.00,1.0031.00,83,13,10.450000000000001,0.1566265060240964
2020,census tract,1.0032.00,1.0032.00,196,20,8,0.10204081632653061
2020,census tract,1.0033.00,1.0033.00,250,33,7,0.132
2020,census tract,1.0034.00,1.0034.00,165,22,8,0.13333333333333333
2020,census tract,1.0036.01,1.0036.01,64,NA,7.5,NA
2020,census tract,1.0036.02,1.0036.02,56,NA,7,NA
2020,census tract,1.0037.00,1.0037.00,108,19,7,0.17592592592592593
2020,census tract,1.0038.00,1.0038.00,342,40,8,0.11695906432748537
2020,census tract,1.0039.00,1.0039.00,127,33,6,0.25984251968503935
2020,census tract,1.0040.00,1.0040.00,184,29,9,0.15760869565217392
2020,census tract,1.0041.00,1.0041.00,418,68,8.81,0.16267942583732056
2020,census tract,1.0042.00,1.0042.00,68,10,10,0.14705882352941177
2020,census tract,1.0043.00,1.0043.00,245,54,12,0.22040816326530613
2020,census tract,1.0044.00,1.0044.00,24,NA,7.5,NA
2020,census tract,1.0045.00,1.0045.00,169,30,10,0.17751479289940827
2020,census tract,1.0047.00,1.0047.00,229,35,11,0.15283842794759825
2020,census tract,1.0048.00,1.0048.00,87,13,8,0.14942528735632185
2020,census tract,1.0049.00,1.0049.00,363,53,15,0.14600550964187328
2020,census tract,1.0050.00,1.0050.00,83,NA,8,NA
2020,census tract,1.0052.00,1.0052.00,145,24,9,0.16551724137931034
2020,census tract,1.0054.00,1.0054.00,167,20,7,0.11976047904191617
2020,census tract,1.0055.01,1.0055.01,36,NA,11.17,NA
2020,census tract,1.0055.02,1.0055.02,122,12,11,0.09836065573770492
2020,census tract,1.0056.00,1.0056.00,110,17,8,0.15454545454545454
2020,census tract,1.0057.00,1.0057.00,56,NA,11.5,NA
2020,census tract,1.0058.00,1.0058.00,245,43,9,0.17551020408163265
2020,census tract,1.0059.00,1.0059.00,90,18,11,0.2
2020,census tract,1.0061.00,1.0061.00,149,29,8.46,0.19463087248322147
2020,census tract,1.0063.00,1.0063.00,183,29,9.2,0.15846994535519127
2020,census tract,1.0064.00,1.0064.00,118,23,7,0.19491525423728814
2020,census tract,1.0065.00,1.0065.00,223,28,11,0.12556053811659193
2020,census tract,1.0066.00,1.0066.00,94,18,7,0.19148936170212766
2020,census tract,1.0067.00,1.0067.00,190,25,12.5,0.13157894736842105
2020,census tract,1.0068.00,1.0068.00,179,24,9,0.1340782122905028
2020,census tract,1.0069.00,1.0069.00,24,NA,4,NA
2020,census tract,1.0070.00,1.0070.00,112,15,10.65,0.13392857142857142
2020,census tract,1.0071.00,1.0071.00,179,22,9,0.12290502793296089
2020,census tract,1.0072.00,1.0072.00,151,12,8,0.07947019867549669
2020,census tract,1.0073.00,1.0073.00,200,40,16,0.2
2020,census tract,1.0074.00,1.0074.00,208,42,9,0.20192307692307693
2020,census tract,1.0075.00,1.0075.00,52,10,11,0.19230769230769232
2020,census tract,1.0076.00,1.0076.00,297,62,10,0.20875420875420875
2020,census tract,1.0077.00,1.0077.00,135,20,13,0.14814814814814814
2020,census tract,1.0078.00,1.0078.00,89,14,9.7,0.15730337078651685
2020,census tract,1.0079.00,1.0079.00,112,24,14.5,0.21428571428571427
2020,census tract,1.0080.00,1.0080.00,141,12,8,0.0851063829787234
2020,census tract,1.0081.00,1.0081.00,158,24,11,0.1518987341772152
2020,census tract,1.0082.00,1.0082.00,191,35,13,0.18324607329842932
2020,census tract,1.0083.00,1.0083.00,136,18,12,0.1323529411764706
2020,census tract,1.0084.00,1.0084.00,164,22,9,0.13414634146341464
2020,census tract,1.0086.03,1.0086.03,29,NA,11,NA
2020,census tract,1.0087.00,1.0087.00,124,12,9,0.0967741935483871
2020,census tract,1.0088.00,1.0088.00,97,NA,9,NA
2020,census tract,1.0089.00,1.0089.00,41,NA,10.68,NA
2020,census tract,1.0090.00,1.0090.00,123,18,11.5,0.14634146341463414
2020,census tract,1.0091.00,1.0091.00,191,27,9,0.14136125654450263
2020,census tract,1.0092.00,1.0092.00,210,57,16,0.2714285714285714
2020,census tract,1.0093.00,1.0093.00,89,NA,9,NA
2020,census tract,1.0094.00,1.0094.00,150,18,15.5,0.12
2020,census tract,1.0095.00,1.0095.00,255,42,6.41,0.16470588235294117
2020,census tract,1.0096.00,1.0096.00,331,41,22,0.12386706948640483
2020,census tract,1.0097.00,1.0097.00,12,NA,NA,NA
2020,census tract,1.0098.00,1.0098.00,207,34,9,0.1642512077294686
2020,census tract,1.0099.00,1.0099.00,251,45,6,0.17928286852589642
2020,census tract,1.0100.00,1.0100.00,174,41,12,0.23563218390804597
2020,census tract,1.0101.00,1.0101.00,179,34,11,0.18994413407821228
2020,census tract,1.0102.00,1.0102.00,183,32,19.5,0.17486338797814208
2020,census tract,1.0103.00,1.0103.00,58,13,10.5,0.22413793103448276
2020,census tract,1.0104.00,1.0104.00,196,31,15,0.15816326530612246
2020,census tract,1.0106.01,1.0106.01,43,NA,10,NA
2020,census tract,1.0106.02,1.0106.02,40,NA,11,NA
2020,census tract,1.0108.00,1.0108.00,185,32,9,0.17297297297297298
2020,census tract,1.0109.00,1.0109.00,337,55,9,0.1632047477744807
2020,census tract,1.0110.00,1.0110.00,193,35,10,0.18134715025906736
2020,census tract,1.0111.00,1.0111.00,139,33,7,0.23741007194244604
2020,census tract,1.0112.01,1.0112.01,74,21,10,0.28378378378378377
2020,census tract,1.0112.02,1.0112.02,94,15,22,0.1595744680851064
2020,census tract,1.0112.03,1.0112.03,123,27,17.5,0.21951219512195122
2020,census tract,1.0113.00,1.0113.00,248,55,13,0.2217741935483871
2020,census tract,1.0114.01,1.0114.01,86,16,23,0.18604651162790697
2020,census tract,1.0114.02,1.0114.02,134,26,12,0.19402985074626866
2020,census tract,1.0115.00,1.0115.00,92,25,8.719999999999999,0.2717391304347826
2020,census tract,1.0116.00,1.0116.00,24,NA,10,NA
2020,census tract,1.0117.00,1.0117.00,15,NA,4,NA
2020,census tract,1.0118.00,1.0118.00,121,24,10,0.19834710743801653
2020,census tract,1.0119.00,1.0119.00,133,17,21,0.12781954887218044
2020,census tract,1.0120.00,1.0120.00,92,NA,11,NA
2020,census tract,1.0121.00,1.0121.00,158,20,13,0.12658227848101267
2020,census tract,1.0122.00,1.0122.00,151,35,22,0.23178807947019867
2020,census tract,1.0124.00,1.0124.00,80,NA,9,NA
2020,census tract,1.0125.00,1.0125.00,145,27,18,0.18620689655172415
2020,census tract,1.0126.00,1.0126.00,145,15,11,0.10344827586206896
2020,census tract,1.0127.00,1.0127.00,181,21,9,0.11602209944751381
2020,census tract,1.0128.00,1.0128.00,156,30,11,0.19230769230769232
2020,census tract,1.0129.00,1.0129.00,99,17,8,0.1717171717171717
2020,census tract,1.0130.00,1.0130.00,120,10,26,0.08333333333333333
2020,census tract,1.0131.00,1.0131.00,130,21,13,0.16153846153846155
2020,census tract,1.0132.00,1.0132.00,86,10,9,0.11627906976744186
2020,census tract,1.0133.00,1.0133.00,140,20,14,0.14285714285714285
2020,census tract,1.0134.00,1.0134.00,189,28,11,0.14814814814814814
2020,census tract,1.0135.00,1.0135.00,84,NA,6,NA
2020,census tract,1.0136.00,1.0136.00,81,12,8.7,0.14814814814814814
2020,census tract,1.0137.00,1.0137.00,203,32,14,0.15763546798029557
2020,census tract,1.0138.00,1.0138.00,158,18,9,0.11392405063291139
2020,census tract,1.0139.00,1.0139.00,134,19,13,0.1417910447761194
2020,census tract,1.0140.00,1.0140.00,190,19,14,0.1
2020,census tract,1.0142.00,1.0142.00,126,12,21.5,0.09523809523809523
2020,census tract,1.0144.01,1.0144.01,29,NA,5,NA
2020,census tract,1.0144.02,1.0144.02,42,NA,10,NA
2020,census tract,1.0145.00,1.0145.00,42,NA,15,NA
2020,census tract,1.0146.01,1.0146.01,89,14,9,0.15730337078651685
2020,census tract,1.0146.02,1.0146.02,85,10,11,0.11764705882352941
2020,census tract,1.0147.00,1.0147.00,14,0,8,0
2020,census tract,1.0148.01,1.0148.01,49,NA,14,NA
2020,census tract,1.0148.02,1.0148.02,113,17,10,0.1504424778761062
2020,census tract,1.0149.00,1.0149.00,34,NA,8,NA
2020,census tract,1.0150.01,1.0150.01,35,NA,11.5,NA
2020,census tract,1.0150.02,1.0150.02,59,10,14,0.1694915254237288
2020,census tract,1.0151.00,1.0151.00,48,NA,6.5,NA
2020,census tract,1.0152.00,1.0152.00,39,NA,7,NA
2020,census tract,1.0153.00,1.0153.00,109,14,12,0.12844036697247707
2020,census tract,1.0154.00,1.0154.00,118,13,7,0.11016949152542373
2020,census tract,1.0155.00,1.0155.00,37,NA,7,NA
2020,census tract,1.0156.01,1.0156.01,34,NA,5.64,NA
2020,census tract,1.0157.00,1.0157.00,198,16,12,0.08080808080808081
2020,census tract,1.0158.01,1.0158.01,66,13,11,0.19696969696969696
2020,census tract,1.0158.02,1.0158.02,26,NA,7,NA
2020,census tract,1.0159.00,1.0159.00,59,NA,7,NA
2020,census tract,1.0160.01,1.0160.01,35,NA,12.5,NA
2020,census tract,1.0160.02,1.0160.02,18,NA,8.77,NA
2020,census tract,1.0161.00,1.0161.00,58,NA,16,NA
2020,census tract,1.0162.00,1.0162.00,18,0,1,0
2020,census tract,1.0163.00,1.0163.00,61,13,12,0.21311475409836064
2020,census tract,1.0164.00,1.0164.00,15,NA,3,NA
2020,census tract,1.0165.00,1.0165.00,59,NA,10,NA
2020,census tract,1.0166.00,1.0166.00,90,NA,5,NA
2020,census tract,1.0167.00,1.0167.00,122,11,11.5,0.09016393442622951
2020,census tract,1.0168.00,1.0168.00,13,0,20,0
2020,census tract,1.0169.00,1.0169.00,100,NA,11.9,NA
2020,census tract,1.0170.00,1.0170.00,86,12,5,0.13953488372093023
2020,census tract,1.0171.00,1.0171.00,72,16,11,0.2222222222222222
2020,census tract,1.0172.00,1.0172.00,138,16,3.3,0.11594202898550725
2020,census tract,1.0173.00,1.0173.00,37,NA,7,NA
2020,census tract,1.0174.01,1.0174.01,18,0,4,0
2020,census tract,1.0174.02,1.0174.02,16,NA,3,NA
2020,census tract,1.0175.00,1.0175.00,54,NA,11,NA
2020,census tract,1.0177.00,1.0177.00,31,0,8,0
2020,census tract,1.0178.00,1.0178.00,62,16,4,0.25806451612903225
2020,census tract,1.0179.00,1.0179.00,70,11,9.5,0.15714285714285714
2020,census tract,1.0180.00,1.0180.00,58,NA,3.73,NA
2020,census tract,1.0181.00,1.0181.00,35,NA,7.25,NA
2020,census tract,1.0182.00,1.0182.00,103,12,4,0.11650485436893204
2020,census tract,1.0183.00,1.0183.00,93,NA,12,NA
2020,census tract,1.0184.00,1.0184.00,63,NA,3,NA
2020,census tract,1.0185.00,1.0185.00,30,NA,7,NA
2020,census tract,1.0186.00,1.0186.00,14,NA,4,NA
2020,census tract,1.0187.00,1.0187.00,70,NA,8.5,NA
2020,census tract,1.0188.00,1.0188.00,115,16,4,0.1391304347826087
2020,census tract,1.0189.00,1.0189.00,39,NA,5.04,NA
2020,census tract,1.0190.00,1.0190.00,33,NA,3.5,NA
2020,census tract,1.0191.00,1.0191.00,66,NA,10,NA
2020,census tract,1.0193.00,1.0193.00,90,NA,6,NA
2020,census tract,1.0194.00,1.0194.00,43,NA,5,NA
2020,census tract,1.0195.00,1.0195.00,68,NA,8,NA
2020,census tract,1.0196.00,1.0196.00,89,NA,6,NA
2020,census tract,1.0197.02,1.0197.02,19,NA,4,NA
2020,census tract,1.0198.00,1.0198.00,49,NA,5,NA
2020,census tract,1.0199.00,1.0199.00,62,NA,9,NA
2020,census tract,1.0200.00,1.0200.00,73,12,7.33,0.1643835616438356
2020,census tract,1.0201.02,1.0201.02,21,NA,3.57,NA
2020,census tract,1.0205.00,1.0205.00,13,NA,11,NA
2020,census tract,1.0206.00,1.0206.00,16,NA,1,NA
2020,census tract,1.0207.01,1.0207.01,10,0,5.5,0
2020,census tract,1.0208.00,1.0208.00,28,NA,4.76,NA
2020,census tract,1.0209.01,1.0209.01,51,NA,5.92,NA
2020,census tract,1.0211.00,1.0211.00,53,NA,6,NA
2020,census tract,1.0212.00,1.0212.00,54,14,3,0.25925925925925924
2020,census tract,1.0213.03,1.0213.03,31,NA,4,NA
2020,census tract,1.0215.00,1.0215.00,28,NA,2.5,NA
2020,census tract,1.0216.00,1.0216.00,34,NA,6,NA
2020,census tract,1.0218.00,1.0218.00,93,10,5,0.10752688172043011
2020,census tract,1.0219.00,1.0219.00,38,0,3.3299999999999996,0
2020,census tract,1.0220.00,1.0220.00,45,NA,4.83,NA
2020,census tract,1.0221.02,1.0221.02,23,NA,5.25,NA
2020,census tract,1.0222.00,1.0222.00,98,NA,6.659999999999999,NA
2020,census tract,1.0223.01,1.0223.01,54,NA,7,NA
2020,census tract,1.0224.00,1.0224.00,40,NA,3.92,NA
2020,census tract,1.0225.00,1.0225.00,91,NA,6,NA
2020,census tract,1.0226.00,1.0226.00,77,NA,4,NA
2020,census tract,1.0227.00,1.0227.00,28,0,6.5,0
2020,census tract,1.0228.00,1.0228.00,70,NA,4,NA
2020,census tract,1.0229.00,1.0229.00,100,12,6.17,0.12
2020,census tract,1.0230.00,1.0230.00,62,NA,4.31,NA
2020,census tract,1.0231.00,1.0231.00,38,NA,4,NA
2020,census tract,1.0232.00,1.0232.00,91,NA,4,NA
2020,census tract,1.0233.00,1.0233.00,91,15,7.13,0.16483516483516483
2020,census tract,1.0234.00,1.0234.00,35,NA,4,NA
2020,census tract,1.0235.01,1.0235.01,26,NA,4,NA
2020,census tract,1.0235.02,1.0235.02,19,0,2,0
2020,census tract,1.0236.00,1.0236.00,23,0,4.5,0
2020,census tract,1.0237.00,1.0237.00,41,NA,5,NA
2020,census tract,1.0238.01,1.0238.01,12,NA,4,NA
2020,census tract,1.0239.00,1.0239.00,12,NA,5.92,NA
2020,census tract,1.0241.00,1.0241.00,58,NA,6,NA
2020,census tract,1.0242.00,1.0242.00,17,0,4,0
2020,census tract,1.0243.01,1.0243.01,34,NA,4,NA
2020,census tract,1.0245.00,1.0245.00,202,24,7,0.1188118811881188
2020,census tract,1.0249.00,1.0249.00,22,NA,4,NA
2020,census tract,1.0251.00,1.0251.00,38,NA,5,NA
2020,census tract,1.0253.00,1.0253.00,125,NA,6,NA
2020,census tract,1.0257.00,1.0257.00,38,NA,6,NA
2020,census tract,1.0259.00,1.0259.00,46,NA,3,NA
2020,census tract,1.0261.00,1.0261.00,109,13,5.67,0.11926605504587157
2020,census tract,1.0263.00,1.0263.00,139,13,8,0.09352517985611511
2020,census tract,1.0265.00,1.0265.00,106,NA,7,NA
2020,census tract,1.0269.00,1.0269.00,160,20,5.33,0.125
2020,census tract,1.0271.00,1.0271.00,116,NA,8,NA
2020,census tract,1.0273.00,1.0273.00,50,NA,8,NA
2020,census tract,1.0277.00,1.0277.00,48,NA,5,NA
2020,census tract,1.0279.00,1.0279.00,83,NA,5,NA
2020,census tract,1.0283.00,1.0283.00,65,NA,5,NA
2020,census tract,1.0285.00,1.0285.00,102,NA,4,NA
2020,census tract,1.0287.00,1.0287.00,73,NA,6,NA
2020,census tract,1.0291.00,1.0291.00,104,NA,5,NA
2020,census tract,1.0293.00,1.0293.00,158,NA,5,NA
2020,census tract,1.0295.00,1.0295.00,60,NA,6,NA
2020,census tract,1.0299.00,1.0299.00,47,NA,3,NA
2020,census tract,1.0303.00,1.0303.00,59,NA,5,NA
2020,census tract,1.0307.00,1.0307.00,14,NA,2,NA
2020,census tract,1.0309.00,1.0309.00,55,NA,4,NA
2020,census tract,1.0317.03,1.0317.03,48,NA,5,NA
2020,census tract,1.0317.04,1.0317.04,38,NA,6,NA
2020,census tract,2.0000.00,2.0000.00,35,NA,2.8299999999999996,NA
2020,census tract,2.0004.00,2.0004.00,13,NA,2.5,NA
2020,census tract,2.0019.00,2.0019.00,67,NA,2,NA
2020,census tract,2.0020.00,2.0020.00,13,0,1.3900000000000001,0
2020,census tract,2.0025.00,2.0025.00,56,NA,4,NA
2020,census tract,2.0027.01,2.0027.01,23,0,3.13,0
2020,census tract,2.0027.02,2.0027.02,23,NA,3.09,NA
2020,census tract,2.0028.00,2.0028.00,28,0,3.29,0
2020,census tract,2.0031.00,2.0031.00,48,NA,4,NA
2020,census tract,2.0033.00,2.0033.00,11,0,NA,0
2020,census tract,2.0035.00,2.0035.00,25,0,3,0
2020,census tract,2.0039.00,2.0039.00,108,NA,4,NA
2020,census tract,2.0041.00,2.0041.00,14,NA,3.8,NA
2020,census tract,2.0042.00,2.0042.00,46,11,4,0.2391304347826087
2020,census tract,2.0043.00,2.0043.00,107,NA,4,NA
2020,census tract,2.0044.00,2.0044.00,16,0,2.05,0
2020,census tract,2.0046.00,2.0046.00,11,0,6,0
2020,census tract,2.0048.00,2.0048.00,31,NA,3.5,NA
2020,census tract,2.0050.01,2.0050.01,21,NA,3.08,NA
2020,census tract,2.0050.02,2.0050.02,57,NA,3,NA
2020,census tract,2.0051.00,2.0051.00,40,NA,2.65,NA
2020,census tract,2.0054.00,2.0054.00,80,NA,4,NA
2020,census tract,2.0056.00,2.0056.00,21,0,4,0
2020,census tract,2.0059.02,2.0059.02,24,NA,8,NA
2020,census tract,2.0060.00,2.0060.00,10,0,NA,0
2020,census tract,2.0061.00,2.0061.00,40,NA,4,NA
2020,census tract,2.0062.00,2.0062.00,20,NA,5,NA
2020,census tract,2.0063.00,2.0063.00,107,14,5,0.1308411214953271
2020,census tract,2.0065.00,2.0065.00,164,13,4,0.07926829268292683
2020,census tract,2.0067.00,2.0067.00,86,10,3.59,0.11627906976744186
2020,census tract,2.0069.00,2.0069.00,36,NA,3,NA
2020,census tract,2.0070.00,2.0070.00,28,0,3.15,0
2020,census tract,2.0071.00,2.0071.00,70,11,4.5,0.15714285714285714
2020,census tract,2.0072.00,2.0072.00,49,NA,3,NA
2020,census tract,2.0073.00,2.0073.00,29,NA,4.07,NA
2020,census tract,2.0075.00,2.0075.00,12,0,2,0
2020,census tract,2.0076.00,2.0076.00,79,NA,2.08,NA
2020,census tract,2.0077.00,2.0077.00,21,NA,2,NA
2020,census tract,2.0078.00,2.0078.00,32,NA,2,NA
2020,census tract,2.0079.00,2.0079.00,39,NA,3,NA
2020,census tract,2.0083.00,2.0083.00,47,NA,2.66,NA
2020,census tract,2.0085.00,2.0085.00,37,NA,2.08,NA
2020,census tract,2.0087.00,2.0087.00,55,NA,3,NA
2020,census tract,2.0089.00,2.0089.00,49,NA,3,NA
2020,census tract,2.0090.00,2.0090.00,33,NA,4.17,NA
2020,census tract,2.0092.00,2.0092.00,73,NA,4,NA
2020,census tract,2.0093.00,2.0093.00,118,NA,2,NA
2020,census tract,2.0096.00,2.0096.00,38,NA,3,NA
2020,census tract,2.0115.02,2.0115.02,43,NA,2,NA
2020,census tract,2.0117.00,2.0117.00,27,NA,3.55,NA
2020,census tract,2.0119.00,2.0119.00,66,NA,4.7700000000000005,NA
2020,census tract,2.0121.01,2.0121.01,15,NA,2,NA
2020,census tract,2.0123.00,2.0123.00,25,NA,2,NA
2020,census tract,2.0125.00,2.0125.00,26,NA,2.67,NA
2020,census tract,2.0127.01,2.0127.01,35,NA,6,NA
2020,census tract,2.0129.01,2.0129.01,70,NA,3,NA
2020,census tract,2.0131.00,2.0131.00,24,NA,2.42,NA
2020,census tract,2.0132.00,2.0132.00,15,0,3.55,0
2020,census tract,2.0133.00,2.0133.00,11,NA,1,NA
2020,census tract,2.0135.00,2.0135.00,11,0,2.7,0
2020,census tract,2.0141.00,2.0141.00,59,NA,3,NA
2020,census tract,2.0143.00,2.0143.00,17,NA,28,NA
2020,census tract,2.0145.00,2.0145.00,51,NA,3.06,NA
2020,census tract,2.0149.00,2.0149.00,30,NA,3,NA
2020,census tract,2.0151.00,2.0151.00,39,NA,3,NA
2020,census tract,2.0152.00,2.0152.00,38,NA,5,NA
2020,census tract,2.0155.00,2.0155.00,32,NA,2.18,NA
2020,census tract,2.0157.00,2.0157.00,17,NA,1.4,NA
2020,census tract,2.0159.00,2.0159.00,48,NA,5,NA
2020,census tract,2.0161.00,2.0161.00,67,NA,3,NA
2020,census tract,2.0162.00,2.0162.00,15,0,3.25,0
2020,census tract,2.0164.00,2.0164.00,30,NA,3,NA
2020,census tract,2.0165.00,2.0165.00,17,NA,14,NA
2020,census tract,2.0166.00,2.0166.00,16,NA,2.48,NA
2020,census tract,2.0167.00,2.0167.00,21,0,2.3,0
2020,census tract,2.0169.00,2.0169.00,14,NA,3,NA
2020,census tract,2.0173.00,2.0173.00,20,0,4,0
2020,census tract,2.0175.00,2.0175.00,35,0,3.96,0
2020,census tract,2.0177.01,2.0177.01,27,NA,3,NA
2020,census tract,2.0177.02,2.0177.02,27,NA,2,NA
2020,census tract,2.0179.01,2.0179.01,38,NA,5,NA
2020,census tract,2.0179.02,2.0179.02,19,0,5.5,0
2020,census tract,2.0181.01,2.0181.01,34,NA,5,NA
2020,census tract,2.0181.02,2.0181.02,38,NA,4,NA
2020,census tract,2.0183.01,2.0183.01,26,NA,4,NA
2020,census tract,2.0183.02,2.0183.02,12,0,3,0
2020,census tract,2.0184.00,2.0184.00,25,0,3.8099999999999996,0
2020,census tract,2.0185.00,2.0185.00,68,NA,2,NA
2020,census tract,2.0189.00,2.0189.00,48,NA,2.67,NA
2020,census tract,2.0193.00,2.0193.00,16,0,2,0
2020,census tract,2.0194.00,2.0194.00,14,0,4,0
2020,census tract,2.0195.00,2.0195.00,51,NA,5,NA
2020,census tract,2.0197.00,2.0197.00,88,NA,5,NA
2020,census tract,2.0199.00,2.0199.00,45,NA,4,NA
2020,census tract,2.0200.00,2.0200.00,127,11,3,0.08661417322834646
2020,census tract,2.0201.00,2.0201.00,20,NA,3,NA
2020,census tract,2.0202.00,2.0202.00,30,0,3,0
2020,census tract,2.0206.01,2.0206.01,30,NA,2.54,NA
2020,census tract,2.0209.00,2.0209.00,29,NA,3,NA
2020,census tract,2.0211.00,2.0211.00,33,0,3,0
2020,census tract,2.0213.01,2.0213.01,23,NA,4,NA
2020,census tract,2.0213.02,2.0213.02,13,NA,3.58,NA
2020,census tract,2.0215.01,2.0215.01,36,0,4,0
2020,census tract,2.0215.02,2.0215.02,38,0,3.4899999999999998,0
2020,census tract,2.0216.02,2.0216.02,38,NA,4,NA
2020,census tract,2.0217.00,2.0217.00,16,NA,1.8800000000000001,NA
2020,census tract,2.0218.00,2.0218.00,23,0,2,0
2020,census tract,2.0219.00,2.0219.00,38,NA,2,NA
2020,census tract,2.0220.00,2.0220.00,22,NA,3,NA
2020,census tract,2.0221.01,2.0221.01,50,NA,5,NA
2020,census tract,2.0221.02,2.0221.02,34,NA,3.71,NA
2020,census tract,2.0222.00,2.0222.00,99,NA,3,NA
2020,census tract,2.0223.00,2.0223.00,44,NA,8,NA
2020,census tract,2.0224.01,2.0224.01,32,NA,5.67,NA
2020,census tract,2.0224.03,2.0224.03,31,NA,6.29,NA
2020,census tract,2.0224.04,2.0224.04,50,0,4.58,0
2020,census tract,2.0225.00,2.0225.00,44,NA,4.5,NA
2020,census tract,2.0227.01,2.0227.01,39,0,3.65,0
2020,census tract,2.0227.02,2.0227.02,30,NA,4,NA
2020,census tract,2.0227.03,2.0227.03,10,0,26.5,0
2020,census tract,2.0228.00,2.0228.00,32,0,3,0
2020,census tract,2.0229.01,2.0229.01,12,NA,4.5,NA
2020,census tract,2.0229.02,2.0229.02,22,0,3.5,0
2020,census tract,2.0230.00,2.0230.00,27,NA,15,NA
2020,census tract,2.0231.00,2.0231.00,46,NA,3,NA
2020,census tract,2.0232.00,2.0232.00,25,0,3,0
2020,census tract,2.0233.01,2.0233.01,42,0,2,0
2020,census tract,2.0235.01,2.0235.01,44,NA,4.08,NA
2020,census tract,2.0235.02,2.0235.02,49,NA,4,NA
2020,census tract,2.0236.00,2.0236.00,39,NA,3,NA
2020,census tract,2.0237.02,2.0237.02,40,NA,6,NA
2020,census tract,2.0237.03,2.0237.03,92,NA,5,NA
2020,census tract,2.0237.04,2.0237.04,53,NA,5,NA
2020,census tract,2.0238.00,2.0238.00,22,NA,2.4,NA
2020,census tract,2.0239.00,2.0239.00,122,NA,3,NA
2020,census tract,2.0240.00,2.0240.00,23,NA,3.5,NA
2020,census tract,2.0241.00,2.0241.00,75,NA,4,NA
2020,census tract,2.0243.00,2.0243.00,64,NA,4,NA
2020,census tract,2.0244.00,2.0244.00,18,0,2.1,0
2020,census tract,2.0245.01,2.0245.01,18,0,4.5,0
2020,census tract,2.0245.02,2.0245.02,24,NA,4,NA
2020,census tract,2.0248.00,2.0248.00,34,NA,3,NA
2020,census tract,2.0250.00,2.0250.00,32,NA,3,NA
2020,census tract,2.0251.00,2.0251.00,63,NA,3,NA
2020,census tract,2.0252.00,2.0252.00,23,0,3,0
2020,census tract,2.0253.00,2.0253.00,35,0,5,0
2020,census tract,2.0254.00,2.0254.00,18,NA,11.629999999999999,NA
2020,census tract,2.0255.00,2.0255.00,16,NA,3,NA
2020,census tract,2.0256.00,2.0256.00,17,NA,4.63,NA
2020,census tract,2.0263.00,2.0263.00,23,0,7,0
2020,census tract,2.0264.00,2.0264.00,23,NA,2,NA
2020,census tract,2.0265.00,2.0265.00,72,NA,5,NA
2020,census tract,2.0266.01,2.0266.01,16,NA,21,NA
2020,census tract,2.0266.02,2.0266.02,84,NA,3.75,NA
2020,census tract,2.0267.01,2.0267.01,34,NA,3,NA
2020,census tract,2.0273.00,2.0273.00,26,0,2,0
2020,census tract,2.0277.00,2.0277.00,34,NA,4,NA
2020,census tract,2.0279.00,2.0279.00,16,NA,2.5,NA
2020,census tract,2.0283.00,2.0283.00,91,13,3.17,0.14285714285714285
2020,census tract,2.0285.00,2.0285.00,27,NA,2,NA
2020,census tract,2.0287.00,2.0287.00,16,NA,3,NA
2020,census tract,2.0288.00,2.0288.00,36,0,3,0
2020,census tract,2.0289.00,2.0289.00,124,NA,5,NA
2020,census tract,2.0293.02,2.0293.02,37,NA,4,NA
2020,census tract,2.0295.00,2.0295.00,73,NA,3.66,NA
2020,census tract,2.0296.00,2.0296.00,30,NA,1.5,NA
2020,census tract,2.0297.00,2.0297.00,37,NA,6,NA
2020,census tract,2.0300.00,2.0300.00,37,NA,3,NA
2020,census tract,2.0302.00,2.0302.00,19,NA,2.5,NA
2020,census tract,2.0310.00,2.0310.00,12,NA,NA,NA
2020,census tract,2.0312.00,2.0312.00,42,NA,4,NA
2020,census tract,2.0323.00,2.0323.00,23,NA,4,NA
2020,census tract,2.0324.00,2.0324.00,12,0,2.96,0
2020,census tract,2.0326.00,2.0326.00,24,0,2,0
2020,census tract,2.0328.00,2.0328.00,28,0,3.2800000000000002,0
2020,census tract,2.0330.00,2.0330.00,69,NA,3,NA
2020,census tract,2.0332.02,2.0332.02,21,NA,8,NA
2020,census tract,2.0336.00,2.0336.00,59,NA,32,NA
2020,census tract,2.0337.00,2.0337.00,45,NA,2.67,NA
2020,census tract,2.0338.00,2.0338.00,46,NA,2.15,NA
2020,census tract,2.0340.00,2.0340.00,14,0,3,0
2020,census tract,2.0342.00,2.0342.00,17,0,2.5,0
2020,census tract,2.0344.00,2.0344.00,14,0,4.67,0
2020,census tract,2.0345.00,2.0345.00,19,NA,3.18,NA
2020,census tract,2.0348.00,2.0348.00,27,0,2,0
2020,census tract,2.0350.00,2.0350.00,14,0,3,0
2020,census tract,2.0358.00,2.0358.00,23,0,2.5,0
2020,census tract,2.0359.00,2.0359.00,23,0,3,0
2020,census tract,2.0363.00,2.0363.00,49,NA,3.17,NA
2020,census tract,2.0364.00,2.0364.00,43,12,3,0.27906976744186046
2020,census tract,2.0365.01,2.0365.01,41,NA,4,NA
2020,census tract,2.0365.02,2.0365.02,29,NA,4,NA
2020,census tract,2.0368.00,2.0368.00,11,NA,NA,NA
2020,census tract,2.0369.01,2.0369.01,32,NA,3.9499999999999997,NA
2020,census tract,2.0370.00,2.0370.00,19,0,3,0
2020,census tract,2.0371.00,2.0371.00,25,NA,3.29,NA
2020,census tract,2.0372.00,2.0372.00,17,NA,2,NA
2020,census tract,2.0373.00,2.0373.00,65,NA,4,NA
2020,census tract,2.0374.00,2.0374.00,47,NA,3,NA
2020,census tract,2.0375.04,2.0375.04,47,NA,3,NA
2020,census tract,2.0378.00,2.0378.00,17,NA,2,NA
2020,census tract,2.0379.00,2.0379.00,24,NA,2,NA
2020,census tract,2.0380.00,2.0380.00,38,0,3,0
2020,census tract,2.0381.00,2.0381.00,44,NA,3.5,NA
2020,census tract,2.0383.01,2.0383.01,44,NA,6,NA
2020,census tract,2.0383.02,2.0383.02,34,NA,2.77,NA
2020,census tract,2.0385.00,2.0385.00,36,0,3,0
2020,census tract,2.0386.00,2.0386.00,59,NA,2.05,NA
2020,census tract,2.0387.00,2.0387.00,52,NA,3.3699999999999997,NA
2020,census tract,2.0389.00,2.0389.00,102,16,5,0.1568627450980392
2020,census tract,2.0390.00,2.0390.00,28,NA,2.55,NA
2020,census tract,2.0391.00,2.0391.00,114,10,5,0.08771929824561403
2020,census tract,2.0392.00,2.0392.00,13,NA,3.8299999999999996,NA
2020,census tract,2.0393.00,2.0393.00,25,0,5,0
2020,census tract,2.0394.00,2.0394.00,24,NA,3,NA
2020,census tract,2.0395.00,2.0395.00,66,NA,2,NA
2020,census tract,2.0396.00,2.0396.00,40,0,2.58,0
2020,census tract,2.0397.00,2.0397.00,40,NA,5.01,NA
2022,census tract,3.0529.00,3.0529.00,14,NA,2,NA
2020,census tract,2.0399.01,2.0399.01,69,NA,6,NA
2020,census tract,2.0399.02,2.0399.02,56,14,4,0.25
2020,census tract,2.0401.00,2.0401.00,72,NA,6,NA
2020,census tract,2.0403.02,2.0403.02,17,NA,2.8299999999999996,NA
2020,census tract,2.0403.03,2.0403.03,10,0,3,0
2020,census tract,2.0403.04,2.0403.04,19,0,5,0
2020,census tract,2.0404.00,2.0404.00,27,0,3,0
2020,census tract,2.0405.01,2.0405.01,20,0,30,0
2020,census tract,2.0405.02,2.0405.02,13,NA,NA,NA
2020,census tract,2.0406.00,2.0406.00,48,0,2.08,0
2020,census tract,2.0407.01,2.0407.01,34,NA,4,NA
2020,census tract,2.0407.02,2.0407.02,36,NA,4,NA
2020,census tract,2.0408.00,2.0408.00,15,0,1,0
2020,census tract,2.0411.00,2.0411.00,33,NA,3.5,NA
2020,census tract,2.0413.00,2.0413.00,23,NA,3,NA
2020,census tract,2.0414.00,2.0414.00,36,NA,2,NA
2020,census tract,2.0415.00,2.0415.00,10,NA,NA,NA
2020,census tract,2.0418.00,2.0418.00,47,0,3,0
2020,census tract,2.0419.00,2.0419.00,33,0,4,0
2020,census tract,2.0420.00,2.0420.00,30,NA,2.5,NA
2020,census tract,2.0421.00,2.0421.00,54,NA,4,NA
2020,census tract,2.0422.00,2.0422.00,66,NA,3,NA
2020,census tract,2.0423.00,2.0423.00,38,NA,4,NA
2020,census tract,2.0424.00,2.0424.00,17,0,2.38,0
2020,census tract,2.0425.00,2.0425.00,71,0,2.98,0
2020,census tract,2.0426.00,2.0426.00,10,0,NA,0
2020,census tract,2.0429.02,2.0429.02,29,NA,3,NA
2020,census tract,2.0431.00,2.0431.00,68,NA,3.17,NA
2020,census tract,2.0434.00,2.0434.00,60,NA,3.29,NA
2020,census tract,2.0442.00,2.0442.00,23,NA,3.46,NA
2020,census tract,2.0449.01,2.0449.01,12,0,2.13,0
2020,census tract,2.0449.02,2.0449.02,28,NA,2.63,NA
2020,census tract,2.0451.01,2.0451.01,11,0,NA,0
2020,census tract,2.0451.02,2.0451.02,14,0,NA,0
2020,census tract,2.0462.01,2.0462.01,212,NA,3.25,NA
2020,census tract,2.0462.02,2.0462.02,65,NA,2,NA
2020,census tract,2.0484.00,2.0484.00,31,0,2.2800000000000002,0
2020,census tract,2.0516.00,2.0516.00,37,NA,2,NA
2020,census tract,3.0000.00,3.0000.00,50,0,4,0
2020,census tract,3.0001.00,3.0001.00,27,NA,4.53,NA
2020,census tract,3.0002.00,3.0002.00,37,NA,2,NA
2020,census tract,3.0005.01,3.0005.01,41,11,7.25,0.2682926829268293
2020,census tract,3.0005.02,3.0005.02,59,13,7,0.22033898305084745
2020,census tract,3.0007.00,3.0007.00,51,NA,5.970000000000001,NA
2020,census tract,3.0009.00,3.0009.00,108,14,6,0.12962962962962962
2020,census tract,3.0011.00,3.0011.00,103,11,6.08,0.10679611650485436
2020,census tract,3.0013.00,3.0013.00,16,NA,4.83,NA
2020,census tract,3.0015.00,3.0015.00,64,NA,4,NA
2020,census tract,3.0018.00,3.0018.00,162,35,2,0.21604938271604937
2020,census tract,3.0020.00,3.0020.00,33,NA,3,NA
2020,census tract,3.0021.00,3.0021.00,145,22,4.42,0.15172413793103448
2020,census tract,3.0022.00,3.0022.00,41,NA,2,NA
2020,census tract,3.0033.00,3.0033.00,82,21,5,0.25609756097560976
2020,census tract,3.0034.00,3.0034.00,12,NA,NA,NA
2020,census tract,3.0035.00,3.0035.00,56,NA,5.75,NA
2020,census tract,3.0037.00,3.0037.00,141,31,6,0.2198581560283688
2020,census tract,3.0039.00,3.0039.00,32,NA,4,NA
2020,census tract,3.0041.00,3.0041.00,42,NA,4.79,NA
2020,census tract,3.0043.00,3.0043.00,68,NA,6,NA
2020,census tract,3.0045.00,3.0045.00,45,NA,5,NA
2020,census tract,3.0051.00,3.0051.00,21,NA,2,NA
2020,census tract,3.0053.00,3.0053.00,54,NA,3,NA
2020,census tract,3.0054.00,3.0054.00,13,NA,4,NA
2020,census tract,3.0056.01,3.0056.01,13,0,NA,0
2020,census tract,3.0056.02,3.0056.02,23,NA,41.5,NA
2020,census tract,3.0058.00,3.0058.00,65,NA,3.9499999999999997,NA
2020,census tract,3.0059.00,3.0059.00,29,NA,2,NA
2020,census tract,3.0060.00,3.0060.00,48,0,4.5,0
2020,census tract,3.0062.00,3.0062.00,39,NA,5,NA
2020,census tract,3.0063.00,3.0063.00,10,NA,NA,NA
2020,census tract,3.0064.00,3.0064.00,34,NA,5,NA
2020,census tract,3.0065.00,3.0065.00,23,0,4.53,0
2020,census tract,3.0066.00,3.0066.00,43,NA,4,NA
2020,census tract,3.0067.00,3.0067.00,28,NA,4.76,NA
2020,census tract,3.0068.00,3.0068.00,46,NA,3,NA
2020,census tract,3.0069.00,3.0069.00,43,NA,5.5,NA
2020,census tract,3.0071.00,3.0071.00,17,NA,2,NA
2020,census tract,3.0074.00,3.0074.00,45,NA,4,NA
2020,census tract,3.0075.00,3.0075.00,25,NA,5,NA
2020,census tract,3.0076.00,3.0076.00,39,NA,4,NA
2020,census tract,3.0077.00,3.0077.00,41,NA,3.61,NA
2020,census tract,3.0078.00,3.0078.00,50,NA,4,NA
2020,census tract,3.0080.00,3.0080.00,29,NA,5,NA
2020,census tract,3.0082.00,3.0082.00,21,NA,3.8299999999999996,NA
2020,census tract,3.0084.00,3.0084.00,66,NA,2.5,NA
2020,census tract,3.0088.00,3.0088.00,15,0,5,0
2020,census tract,3.0090.00,3.0090.00,40,NA,2,NA
2020,census tract,3.0092.00,3.0092.00,30,14,3,0.4666666666666667
2020,census tract,3.0094.00,3.0094.00,20,NA,4.42,NA
2020,census tract,3.0096.00,3.0096.00,33,NA,4,NA
2020,census tract,3.0285.01,3.0285.01,15,NA,NA,NA
2020,census tract,3.0098.00,3.0098.00,41,NA,3,NA
2020,census tract,3.0100.00,3.0100.00,36,NA,4.64,NA
2020,census tract,3.0101.00,3.0101.00,74,NA,2.25,NA
2020,census tract,3.0102.00,3.0102.00,30,NA,4.08,NA
2020,census tract,3.0104.00,3.0104.00,95,13,4,0.1368421052631579
2020,census tract,3.0106.00,3.0106.00,65,NA,4,NA
2020,census tract,3.0108.00,3.0108.00,47,NA,4.92,NA
2020,census tract,3.0110.00,3.0110.00,19,NA,2,NA
2020,census tract,3.0112.00,3.0112.00,18,NA,3.71,NA
2020,census tract,3.0114.00,3.0114.00,16,0,3.08,0
2020,census tract,3.0116.00,3.0116.00,20,NA,3,NA
2020,census tract,3.0117.00,3.0117.00,55,NA,2,NA
2020,census tract,3.0118.00,3.0118.00,68,NA,2.5,NA
2020,census tract,3.0119.00,3.0119.00,75,NA,2,NA
2020,census tract,3.0120.00,3.0120.00,78,NA,2.8499999999999996,NA
2020,census tract,3.0121.00,3.0121.00,33,NA,3.02,NA
2020,census tract,3.0122.00,3.0122.00,35,NA,3,NA
2020,census tract,3.0126.00,3.0126.00,14,0,4.5,0
2020,census tract,3.0127.00,3.0127.00,32,0,4.25,0
2020,census tract,3.0129.01,3.0129.01,30,NA,4.58,NA
2020,census tract,3.0129.02,3.0129.02,27,NA,5.08,NA
2020,census tract,3.0130.00,3.0130.00,47,NA,3,NA
2020,census tract,3.0131.00,3.0131.00,42,NA,5.54,NA
2020,census tract,3.0132.00,3.0132.00,16,NA,3,NA
2020,census tract,3.0133.00,3.0133.00,55,NA,4,NA
2020,census tract,3.0134.00,3.0134.00,23,NA,3,NA
2020,census tract,3.0135.00,3.0135.00,36,NA,4.88,NA
2020,census tract,3.0136.00,3.0136.00,37,NA,4,NA
2020,census tract,3.0137.00,3.0137.00,48,NA,5,NA
2020,census tract,3.0138.00,3.0138.00,59,NA,5,NA
2020,census tract,3.0139.00,3.0139.00,55,NA,4,NA
2020,census tract,3.0140.00,3.0140.00,14,NA,NA,NA
2020,census tract,3.0141.00,3.0141.00,43,NA,4,NA
2020,census tract,3.0142.00,3.0142.00,28,NA,4,NA
2020,census tract,3.0143.00,3.0143.00,31,NA,3.4,NA
2020,census tract,3.0145.00,3.0145.00,37,NA,4,NA
2020,census tract,3.0149.00,3.0149.00,40,NA,4.83,NA
2020,census tract,3.0151.00,3.0151.00,32,NA,4,NA
2020,census tract,3.0153.00,3.0153.00,23,NA,5,NA
2020,census tract,3.0155.00,3.0155.00,18,NA,5,NA
2020,census tract,3.0157.00,3.0157.00,71,NA,5.85,NA
2020,census tract,3.0159.00,3.0159.00,50,NA,5,NA
2020,census tract,3.0160.00,3.0160.00,77,11,5,0.14285714285714285
2020,census tract,3.0161.00,3.0161.00,34,NA,5.46,NA
2020,census tract,3.0162.00,3.0162.00,12,NA,8.5,NA
2020,census tract,3.0163.00,3.0163.00,22,NA,6.67,NA
2020,census tract,3.0167.00,3.0167.00,10,NA,NA,NA
2020,census tract,3.0169.00,3.0169.00,32,NA,5,NA
2020,census tract,3.0171.00,3.0171.00,10,0,3.56,0
2020,census tract,3.0172.00,3.0172.00,12,0,3,0
2020,census tract,3.0176.00,3.0176.00,10,NA,NA,NA
2020,census tract,3.0178.00,3.0178.00,24,NA,4,NA
2020,census tract,3.0180.00,3.0180.00,13,0,3.5,0
2020,census tract,3.0181.00,3.0181.00,27,NA,6,NA
2020,census tract,3.0183.00,3.0183.00,19,NA,3.5,NA
2020,census tract,3.0187.00,3.0187.00,10,NA,NA,NA
2020,census tract,3.0190.00,3.0190.00,28,NA,3,NA
2020,census tract,3.0191.00,3.0191.00,36,NA,3,NA
2020,census tract,3.0192.00,3.0192.00,23,NA,2.08,NA
2020,census tract,3.0193.00,3.0193.00,29,NA,3,NA
2020,census tract,3.0194.00,3.0194.00,20,NA,3,NA
2020,census tract,3.0195.00,3.0195.00,20,NA,4,NA
2020,census tract,3.0196.00,3.0196.00,33,NA,3,NA
2020,census tract,3.0198.00,3.0198.00,16,NA,1.9,NA
2020,census tract,3.0199.00,3.0199.00,38,13,4,0.34210526315789475
2020,census tract,3.0200.00,3.0200.00,24,NA,3,NA
2020,census tract,3.0201.00,3.0201.00,24,NA,6.08,NA
2020,census tract,3.0203.00,3.0203.00,11,NA,NA,NA
2020,census tract,3.0205.00,3.0205.00,18,NA,7.5,NA
2020,census tract,3.0206.00,3.0206.00,11,NA,NA,NA
2020,census tract,3.0210.00,3.0210.00,20,NA,3.44,NA
2020,census tract,3.0211.00,3.0211.00,18,NA,2.3099999999999996,NA
2020,census tract,3.0212.00,3.0212.00,26,NA,3.04,NA
2020,census tract,3.0213.00,3.0213.00,21,NA,4.5,NA
2020,census tract,3.0214.00,3.0214.00,16,NA,1,NA
2020,census tract,3.0216.00,3.0216.00,10,NA,NA,NA
2020,census tract,3.0217.00,3.0217.00,37,NA,6,NA
2020,census tract,3.0218.00,3.0218.00,21,NA,2,NA
2020,census tract,3.0219.00,3.0219.00,38,11,6,0.2894736842105263
2020,census tract,3.0220.00,3.0220.00,67,NA,3,NA
2020,census tract,3.0222.00,3.0222.00,51,NA,4,NA
2020,census tract,3.0224.00,3.0224.00,16,0,3,0
2020,census tract,3.0226.00,3.0226.00,26,0,2,0
2020,census tract,3.0227.00,3.0227.00,52,13,3,0.25
2020,census tract,3.0228.00,3.0228.00,18,0,2,0
2020,census tract,3.0229.00,3.0229.00,12,0,2,0
2020,census tract,3.0230.00,3.0230.00,25,NA,2,NA
2020,census tract,3.0232.00,3.0232.00,47,NA,3,NA
2020,census tract,3.0233.00,3.0233.00,20,NA,3,NA
2020,census tract,3.0234.00,3.0234.00,35,0,4,0
2020,census tract,3.0235.00,3.0235.00,20,NA,3,NA
2020,census tract,3.0236.00,3.0236.00,33,0,3,0
2020,census tract,3.0238.00,3.0238.00,14,0,3.5,0
2020,census tract,3.0240.00,3.0240.00,14,NA,NA,NA
2020,census tract,3.0241.00,3.0241.00,15,NA,4,NA
2020,census tract,3.0243.00,3.0243.00,17,NA,4,NA
2020,census tract,3.0244.00,3.0244.00,15,0,3,0
2020,census tract,3.0245.00,3.0245.00,36,NA,3,NA
2020,census tract,3.0247.00,3.0247.00,62,NA,3.92,NA
2020,census tract,3.0248.00,3.0248.00,34,NA,3,NA
2020,census tract,3.0249.00,3.0249.00,25,NA,4,NA
2020,census tract,3.0250.00,3.0250.00,16,NA,NA,NA
2020,census tract,3.0251.00,3.0251.00,10,NA,NA,NA
2020,census tract,3.0252.00,3.0252.00,45,NA,5,NA
2020,census tract,3.0253.00,3.0253.00,12,NA,3,NA
2020,census tract,3.0254.00,3.0254.00,14,0,2.3099999999999996,0
2020,census tract,3.0256.00,3.0256.00,21,NA,3.53,NA
2020,census tract,3.0257.00,3.0257.00,20,NA,2.25,NA
2020,census tract,3.0258.00,3.0258.00,25,NA,2.5,NA
2020,census tract,3.0259.01,3.0259.01,20,NA,2,NA
2020,census tract,3.0260.00,3.0260.00,27,NA,3.13,NA
2020,census tract,3.0261.00,3.0261.00,14,NA,NA,NA
2020,census tract,3.0264.00,3.0264.00,33,NA,2.3,NA
2020,census tract,3.0265.00,3.0265.00,15,NA,4,NA
2020,census tract,3.0266.00,3.0266.00,22,NA,2.25,NA
2020,census tract,3.0268.00,3.0268.00,16,NA,3.24,NA
2020,census tract,3.0269.00,3.0269.00,22,NA,4,NA
2020,census tract,3.0271.00,3.0271.00,26,NA,2,NA
2020,census tract,3.0272.00,3.0272.00,18,NA,1,NA
2020,census tract,3.0273.00,3.0273.00,24,NA,2,NA
2020,census tract,3.0274.00,3.0274.00,17,NA,5.5,NA
2020,census tract,3.0275.00,3.0275.00,29,NA,4,NA
2020,census tract,3.0276.00,3.0276.00,38,NA,3,NA
2020,census tract,3.0277.00,3.0277.00,16,NA,2,NA
2020,census tract,3.0278.00,3.0278.00,43,NA,3.05,NA
2020,census tract,3.0279.00,3.0279.00,13,NA,2,NA
2020,census tract,3.0280.00,3.0280.00,17,NA,2,NA
2020,census tract,3.0281.00,3.0281.00,35,NA,2,NA
2020,census tract,3.0282.00,3.0282.00,14,0,10,0
2020,census tract,3.0283.00,3.0283.00,20,NA,2.67,NA
2020,census tract,3.0284.00,3.0284.00,40,NA,3.8299999999999996,NA
2020,census tract,3.0286.00,3.0286.00,15,NA,3.72,NA
2020,census tract,3.0287.00,3.0287.00,13,0,3,0
2020,census tract,3.0288.00,3.0288.00,54,NA,4,NA
2020,census tract,3.0289.00,3.0289.00,22,NA,2,NA
2020,census tract,3.0290.00,3.0290.00,44,NA,5,NA
2020,census tract,3.0292.00,3.0292.00,26,0,3,0
2020,census tract,3.0294.00,3.0294.00,17,NA,9.5,NA
2020,census tract,3.0295.00,3.0295.00,14,0,3,0
2020,census tract,3.0296.00,3.0296.00,46,NA,3.03,NA
2020,census tract,3.0298.00,3.0298.00,25,NA,4,NA
2020,census tract,3.0300.00,3.0300.00,37,NA,3,NA
2020,census tract,3.0301.00,3.0301.00,15,0,3.17,0
2020,census tract,3.0303.00,3.0303.00,18,NA,2,NA
2020,census tract,3.0305.00,3.0305.00,30,NA,2.75,NA
2020,census tract,3.0309.00,3.0309.00,18,0,3.5,0
2020,census tract,3.0311.00,3.0311.00,11,0,NA,0
2020,census tract,3.0314.00,3.0314.00,13,NA,NA,NA
2020,census tract,3.0315.00,3.0315.00,32,NA,2.75,NA
2020,census tract,3.0317.01,3.0317.01,47,NA,3,NA
2020,census tract,3.0317.02,3.0317.02,23,0,5.33,0
2020,census tract,3.0319.00,3.0319.00,19,NA,3,NA
2020,census tract,3.0321.00,3.0321.00,39,NA,3,NA
2020,census tract,3.0323.00,3.0323.00,28,NA,3,NA
2020,census tract,3.0325.00,3.0325.00,24,NA,4,NA
2020,census tract,3.0326.00,3.0326.00,32,NA,2.1,NA
2020,census tract,3.0327.00,3.0327.00,35,NA,3,NA
2020,census tract,3.0328.00,3.0328.00,13,0,3,0
2020,census tract,3.0329.00,3.0329.00,40,NA,3.96,NA
2020,census tract,3.0331.00,3.0331.00,27,0,2.08,0
2020,census tract,3.0333.00,3.0333.00,17,0,4,0
2020,census tract,3.0339.00,3.0339.00,25,NA,3,NA
2020,census tract,3.0342.00,3.0342.00,22,0,3,0
2020,census tract,3.0345.00,3.0345.00,25,NA,2.8299999999999996,NA
2020,census tract,3.0348.00,3.0348.00,55,NA,2.22,NA
2020,census tract,3.0349.00,3.0349.00,42,NA,4,NA
2020,census tract,3.0350.00,3.0350.00,22,10,18,0.45454545454545453
2020,census tract,3.0351.00,3.0351.00,73,14,3.38,0.1917808219178082
2020,census tract,3.0352.00,3.0352.00,16,NA,1,NA
2020,census tract,3.0353.00,3.0353.00,17,NA,3,NA
2020,census tract,3.0354.00,3.0354.00,28,13,4.619999999999999,0.4642857142857143
2020,census tract,3.0355.00,3.0355.00,45,NA,3,NA
2020,census tract,3.0356.02,3.0356.02,12,0,3.5,0
2020,census tract,3.0359.00,3.0359.00,14,0,2.02,0
2020,census tract,3.0360.01,3.0360.01,28,NA,6,NA
2020,census tract,3.0360.02,3.0360.02,19,0,5.13,0
2020,census tract,3.0361.00,3.0361.00,16,NA,3,NA
2020,census tract,3.0362.00,3.0362.00,92,NA,5.21,NA
2020,census tract,3.0363.00,3.0363.00,14,NA,2.3299999999999996,NA
2020,census tract,3.0364.00,3.0364.00,22,0,5.5,0
2020,census tract,3.0366.00,3.0366.00,16,NA,6,NA
2020,census tract,3.0369.00,3.0369.00,23,NA,2.3699999999999997,NA
2020,census tract,3.0373.00,3.0373.00,14,NA,2,NA
2020,census tract,3.0374.02,3.0374.02,20,NA,3.5,NA
2020,census tract,3.0375.00,3.0375.00,17,NA,2.5,NA
2020,census tract,3.0377.00,3.0377.00,15,NA,2.46,NA
2020,census tract,3.0379.00,3.0379.00,10,NA,NA,NA
2020,census tract,3.0381.00,3.0381.00,10,0,3,0
2020,census tract,3.0383.00,3.0383.00,12,0,3,0
2020,census tract,3.0385.00,3.0385.00,10,NA,NA,NA
2020,census tract,3.0386.00,3.0386.00,21,0,3.29,0
2020,census tract,3.0387.00,3.0387.00,20,NA,3.01,NA
2020,census tract,3.0388.00,3.0388.00,16,NA,2.7,NA
2020,census tract,3.0389.00,3.0389.00,45,NA,3,NA
2020,census tract,3.0390.00,3.0390.00,10,NA,NA,NA
2020,census tract,3.0391.00,3.0391.00,18,NA,NA,NA
2020,census tract,3.0392.00,3.0392.00,23,NA,2.75,NA
2020,census tract,3.0393.00,3.0393.00,23,NA,2,NA
2020,census tract,3.0394.00,3.0394.00,21,NA,3,NA
2020,census tract,3.0395.00,3.0395.00,22,NA,2.36,NA
2020,census tract,3.0396.00,3.0396.00,16,0,4.88,0
2020,census tract,3.0397.00,3.0397.00,27,NA,3,NA
2020,census tract,3.0398.00,3.0398.00,32,NA,12,NA
2020,census tract,3.0400.00,3.0400.00,32,NA,4.5,NA
2020,census tract,3.0401.00,3.0401.00,14,NA,3,NA
2020,census tract,3.0402.00,3.0402.00,33,NA,2,NA
2020,census tract,3.0403.00,3.0403.00,36,NA,3,NA
2020,census tract,3.0404.00,3.0404.00,17,NA,NA,NA
2020,census tract,3.0405.00,3.0405.00,11,0,2.77,0
2020,census tract,3.0408.00,3.0408.00,18,NA,3,NA
2020,census tract,3.0412.00,3.0412.00,36,NA,3,NA
2020,census tract,3.0414.01,3.0414.01,16,NA,4.08,NA
2020,census tract,3.0418.00,3.0418.00,50,NA,3.29,NA
2020,census tract,3.0420.00,3.0420.00,27,NA,3,NA
2020,census tract,3.0421.00,3.0421.00,10,NA,NA,NA
2020,census tract,3.0422.00,3.0422.00,42,NA,3,NA
2020,census tract,3.0423.00,3.0423.00,25,NA,3,NA
2020,census tract,3.0424.00,3.0424.00,18,NA,2.71,NA
2020,census tract,3.0425.00,3.0425.00,14,NA,NA,NA
2020,census tract,3.0556.00,3.0556.00,13,NA,NA,NA
2020,census tract,3.0426.00,3.0426.00,21,0,3,0
2020,census tract,3.0427.00,3.0427.00,24,NA,3,NA
2020,census tract,3.0428.00,3.0428.00,24,NA,3,NA
2020,census tract,3.0429.00,3.0429.00,64,NA,3.25,NA
2020,census tract,3.0430.00,3.0430.00,22,NA,3,NA
2020,census tract,3.0431.00,3.0431.00,72,NA,4,NA
2020,census tract,3.0432.00,3.0432.00,32,NA,3.75,NA
2020,census tract,3.0433.00,3.0433.00,23,NA,4,NA
2020,census tract,3.0434.00,3.0434.00,18,NA,2,NA
2020,census tract,3.0435.00,3.0435.00,10,0,2,0
2020,census tract,3.0436.00,3.0436.00,34,NA,3,NA
2020,census tract,3.0438.00,3.0438.00,25,NA,2,NA
2020,census tract,3.0439.00,3.0439.00,44,NA,3,NA
2020,census tract,3.0441.00,3.0441.00,38,NA,3,NA
2020,census tract,3.0442.00,3.0442.00,12,NA,3,NA
2020,census tract,3.0443.00,3.0443.00,35,NA,4,NA
2020,census tract,3.0445.00,3.0445.00,29,NA,3.22,NA
2020,census tract,3.0447.00,3.0447.00,71,NA,4,NA
2020,census tract,3.0449.00,3.0449.00,54,NA,2,NA
2020,census tract,3.0453.00,3.0453.00,60,NA,2.4499999999999997,NA
2020,census tract,3.0454.00,3.0454.00,31,NA,3,NA
2020,census tract,3.0456.00,3.0456.00,22,NA,4,NA
2020,census tract,3.0460.00,3.0460.00,25,NA,3.4899999999999998,NA
2020,census tract,3.0462.01,3.0462.01,10,0,2.88,0
2020,census tract,3.0472.00,3.0472.00,10,0,2,0
2020,census tract,3.0474.00,3.0474.00,30,0,2.88,0
2020,census tract,3.0476.00,3.0476.00,33,NA,3,NA
2020,census tract,3.0477.00,3.0477.00,15,0,3,0
2020,census tract,3.0478.00,3.0478.00,31,0,3,0
2020,census tract,3.0480.00,3.0480.00,17,0,3.13,0
2020,census tract,3.0481.00,3.0481.00,23,NA,2,NA
2020,census tract,3.0482.00,3.0482.00,13,0,5,0
2020,census tract,3.0484.00,3.0484.00,21,NA,4,NA
2020,census tract,3.0485.00,3.0485.00,94,17,3,0.18085106382978725
2020,census tract,3.0486.00,3.0486.00,27,NA,3,NA
2020,census tract,3.0488.00,3.0488.00,18,0,3,0
2020,census tract,3.0490.00,3.0490.00,10,0,3,0
2020,census tract,3.0491.00,3.0491.00,112,15,5,0.13392857142857142
2020,census tract,3.0492.00,3.0492.00,20,NA,12,NA
2020,census tract,3.0493.00,3.0493.00,45,NA,3,NA
2020,census tract,3.0494.00,3.0494.00,15,NA,4.5,NA
2020,census tract,3.0495.00,3.0495.00,71,NA,4.14,NA
2020,census tract,3.0496.00,3.0496.00,49,NA,3,NA
2020,census tract,3.0497.00,3.0497.00,41,NA,6,NA
2020,census tract,3.0499.00,3.0499.00,13,0,3.42,0
2020,census tract,3.0501.00,3.0501.00,20,NA,4,NA
2020,census tract,3.0502.02,3.0502.02,10,0,3,0
2020,census tract,3.0503.00,3.0503.00,22,NA,4,NA
2020,census tract,3.0504.00,3.0504.00,14,0,3,0
2020,census tract,3.0505.00,3.0505.00,28,NA,3,NA
2020,census tract,3.0506.00,3.0506.00,22,NA,5.5,NA
2020,census tract,3.0507.00,3.0507.00,26,NA,3,NA
2020,census tract,3.0508.01,3.0508.01,55,NA,4,NA
2020,census tract,3.0508.03,3.0508.03,14,0,7.5,0
2020,census tract,3.0509.00,3.0509.00,11,0,2,0
2020,census tract,3.0510.01,3.0510.01,15,NA,5,NA
2020,census tract,3.0510.02,3.0510.02,48,NA,6.67,NA
2020,census tract,3.0511.00,3.0511.00,21,NA,2.5,NA
2020,census tract,3.0513.00,3.0513.00,60,11,3,0.18333333333333332
2020,census tract,3.0514.00,3.0514.00,17,NA,4,NA
2020,census tract,3.0515.00,3.0515.00,20,NA,5,NA
2020,census tract,3.0516.02,3.0516.02,19,NA,2.9299999999999997,NA
2020,census tract,3.0517.00,3.0517.00,33,NA,4,NA
2020,census tract,3.0519.00,3.0519.00,61,12,4,0.19672131147540983
2020,census tract,3.0520.00,3.0520.00,33,NA,5,NA
2020,census tract,3.0523.00,3.0523.00,70,NA,4,NA
2020,census tract,3.0525.00,3.0525.00,70,NA,3,NA
2020,census tract,3.0526.00,3.0526.00,33,NA,3,NA
2020,census tract,3.0527.00,3.0527.00,58,11,4,0.1896551724137931
2020,census tract,3.0528.00,3.0528.00,10,0,2.63,0
2020,census tract,3.0529.00,3.0529.00,18,NA,2,NA
2020,census tract,3.0530.00,3.0530.00,38,NA,3,NA
2020,census tract,3.0531.00,3.0531.00,22,0,2,0
2020,census tract,3.0533.00,3.0533.00,39,0,2.25,0
2020,census tract,3.0534.00,3.0534.00,42,NA,2.8899999999999997,NA
2020,census tract,3.0535.00,3.0535.00,28,0,3,0
2020,census tract,3.0538.00,3.0538.00,58,NA,3.63,NA
2020,census tract,3.0542.00,3.0542.00,13,NA,3,NA
2020,census tract,3.0543.00,3.0543.00,35,20,1,0.5714285714285714
2020,census tract,3.0547.00,3.0547.00,13,0,2.5,0
2020,census tract,3.0549.00,3.0549.00,57,NA,4,NA
2020,census tract,3.0550.00,3.0550.00,15,NA,6,NA
2020,census tract,3.0551.00,3.0551.00,71,18,5,0.2535211267605634
2020,census tract,3.0552.00,3.0552.00,88,NA,4.33,NA
2020,census tract,3.0553.00,3.0553.00,114,12,8,0.10526315789473684
2020,census tract,3.0554.00,3.0554.00,98,14,5,0.14285714285714285
2020,census tract,3.0555.00,3.0555.00,163,39,5,0.2392638036809816
2020,census tract,3.0557.00,3.0557.00,41,NA,4.25,NA
2020,census tract,3.0561.00,3.0561.00,91,14,4.7,0.15384615384615385
2020,census tract,3.0563.00,3.0563.00,43,10,3,0.23255813953488372
2020,census tract,3.0564.00,3.0564.00,25,NA,3,NA
2020,census tract,3.0565.00,3.0565.00,111,17,4.17,0.15315315315315314
2020,census tract,3.0566.00,3.0566.00,13,0,2,0
2020,census tract,3.0569.00,3.0569.00,51,NA,5.71,NA
2020,census tract,3.0570.00,3.0570.00,42,NA,3,NA
2020,census tract,3.0571.00,3.0571.00,37,NA,3.3,NA
2020,census tract,3.0573.00,3.0573.00,12,NA,2,NA
2020,census tract,3.0574.00,3.0574.00,28,NA,22,NA
2020,census tract,3.0575.00,3.0575.00,52,NA,5,NA
2020,census tract,3.0576.00,3.0576.00,25,NA,4.35,NA
2020,census tract,3.0578.00,3.0578.00,68,NA,4.02,NA
2020,census tract,3.0579.00,3.0579.00,21,NA,2,NA
2020,census tract,3.0580.00,3.0580.00,23,NA,4,NA
2020,census tract,3.0582.00,3.0582.00,51,NA,5,NA
2020,census tract,3.0584.00,3.0584.00,12,NA,2.5,NA
2020,census tract,3.0588.00,3.0588.00,27,NA,3,NA
2020,census tract,3.0589.00,3.0589.00,29,NA,2,NA
2020,census tract,3.0590.00,3.0590.00,23,NA,4,NA
2020,census tract,3.0591.00,3.0591.00,13,NA,3.75,NA
2020,census tract,3.0592.00,3.0592.00,25,0,4,0
2020,census tract,3.0593.00,3.0593.00,26,0,1.5,0
2020,census tract,3.0594.01,3.0594.01,38,NA,3,NA
2020,census tract,3.0594.02,3.0594.02,55,NA,2.24,NA
2020,census tract,3.0596.00,3.0596.00,37,NA,4,NA
2020,census tract,3.0600.00,3.0600.00,46,NA,4,NA
2020,census tract,3.0606.00,3.0606.00,111,19,4.79,0.17117117117117117
2020,census tract,3.0608.00,3.0608.00,43,NA,3,NA
2020,census tract,3.0610.03,3.0610.03,14,NA,3.67,NA
2020,census tract,3.0610.04,3.0610.04,59,NA,5.33,NA
2020,census tract,3.0628.00,3.0628.00,24,NA,2.01,NA
2020,census tract,3.0642.00,3.0642.00,21,0,2,0
2020,census tract,3.0644.00,3.0644.00,14,NA,3,NA
2020,census tract,3.0646.00,3.0646.00,20,NA,2.17,NA
2020,census tract,3.0650.00,3.0650.00,27,NA,3,NA
2020,census tract,3.0652.00,3.0652.00,32,NA,3,NA
2020,census tract,3.0662.00,3.0662.00,38,NA,3.38,NA
2020,census tract,3.0670.00,3.0670.00,18,NA,3.5,NA
2020,census tract,3.0672.00,3.0672.00,21,NA,14,NA
2020,census tract,3.0674.00,3.0674.00,22,NA,2,NA
2020,census tract,3.0676.00,3.0676.00,12,0,2,0
2020,census tract,5.0239.00,5.0239.00,18,NA,NA,NA
2020,census tract,3.0680.00,3.0680.00,24,NA,2,NA
2020,census tract,3.0682.00,3.0682.00,21,NA,2.8099999999999996,NA
2020,census tract,3.0688.00,3.0688.00,19,NA,3.58,NA
2020,census tract,3.0690.00,3.0690.00,21,NA,21,NA
2020,census tract,3.0696.01,3.0696.01,39,NA,56,NA
2020,census tract,3.0696.02,3.0696.02,15,0,2.5,0
2020,census tract,3.0698.00,3.0698.00,30,NA,2.68,NA
2020,census tract,3.0720.00,3.0720.00,32,NA,4,NA
2020,census tract,3.0722.00,3.0722.00,21,NA,2,NA
2020,census tract,3.0724.00,3.0724.00,12,0,2,0
2020,census tract,3.0728.00,3.0728.00,15,0,2.29,0
2020,census tract,3.0736.00,3.0736.00,19,NA,3,NA
2020,census tract,3.0738.00,3.0738.00,13,0,2.58,0
2020,census tract,3.0740.00,3.0740.00,20,NA,2,NA
2020,census tract,3.0742.00,3.0742.00,11,NA,NA,NA
2020,census tract,3.0746.00,3.0746.00,23,0,3,0
2020,census tract,3.0748.00,3.0748.00,14,NA,2,NA
2020,census tract,3.0768.00,3.0768.00,37,0,3.25,0
2020,census tract,3.0770.00,3.0770.00,18,NA,3.17,NA
2020,census tract,3.0774.00,3.0774.00,40,NA,4,NA
2020,census tract,3.0784.00,3.0784.00,10,0,5.5,0
2020,census tract,3.0786.00,3.0786.00,40,NA,3,NA
2020,census tract,3.0790.00,3.0790.00,37,NA,2.3299999999999996,NA
2020,census tract,3.0792.00,3.0792.00,24,NA,2.8699999999999997,NA
2020,census tract,3.0794.00,3.0794.00,53,NA,3,NA
2020,census tract,3.0796.01,3.0796.01,20,NA,4,NA
2020,census tract,3.0796.02,3.0796.02,52,NA,4,NA
2020,census tract,3.0798.01,3.0798.01,37,NA,4.5,NA
2020,census tract,3.0798.02,3.0798.02,61,NA,4,NA
2020,census tract,3.0800.00,3.0800.00,31,NA,3.82,NA
2020,census tract,3.0802.00,3.0802.00,28,NA,3,NA
2020,census tract,3.0804.00,3.0804.00,34,NA,3,NA
2020,census tract,3.0810.00,3.0810.00,12,NA,NA,NA
2020,census tract,3.0814.00,3.0814.00,13,NA,3,NA
2020,census tract,3.0816.00,3.0816.00,17,0,4,0
2020,census tract,3.0818.00,3.0818.00,40,NA,5,NA
2020,census tract,3.0820.00,3.0820.00,57,NA,4,NA
2020,census tract,3.0822.00,3.0822.00,12,0,3.5,0
2020,census tract,3.0824.00,3.0824.00,42,NA,2.8099999999999996,NA
2020,census tract,3.0826.00,3.0826.00,25,NA,2,NA
2020,census tract,3.0828.00,3.0828.00,38,NA,3.17,NA
2020,census tract,3.0830.00,3.0830.00,13,NA,5.42,NA
2020,census tract,3.0836.00,3.0836.00,13,0,2.14,0
2020,census tract,3.0838.00,3.0838.00,15,0,2,0
2020,census tract,3.0840.00,3.0840.00,22,NA,2.94,NA
2020,census tract,3.0846.00,3.0846.00,34,NA,3,NA
2020,census tract,3.0848.00,3.0848.00,11,0,NA,0
2020,census tract,3.0856.00,3.0856.00,16,0,2,0
2020,census tract,3.0858.00,3.0858.00,23,NA,2.5,NA
2020,census tract,3.0860.00,3.0860.00,49,NA,2,NA
2020,census tract,3.0862.00,3.0862.00,26,NA,3,NA
2020,census tract,3.0866.00,3.0866.00,14,0,2,0
2020,census tract,3.0868.00,3.0868.00,55,NA,3.54,NA
2020,census tract,3.0870.00,3.0870.00,17,0,3.06,0
2020,census tract,3.0876.00,3.0876.00,10,NA,NA,NA
2020,census tract,3.0878.00,3.0878.00,27,0,2,0
2020,census tract,3.0880.00,3.0880.00,20,NA,2.54,NA
2020,census tract,3.0882.00,3.0882.00,15,NA,3,NA
2020,census tract,3.0888.00,3.0888.00,19,NA,3,NA
2020,census tract,3.0890.00,3.0890.00,35,0,2,0
2020,census tract,3.0892.00,3.0892.00,80,NA,3,NA
2020,census tract,3.0900.00,3.0900.00,12,NA,NA,NA
2020,census tract,3.0902.00,3.0902.00,37,NA,3,NA
2020,census tract,3.0906.00,3.0906.00,86,11,2,0.12790697674418605
2020,census tract,3.0908.00,3.0908.00,35,NA,2,NA
2020,census tract,3.0918.00,3.0918.00,12,0,2,0
2020,census tract,3.0924.00,3.0924.00,55,NA,4,NA
2020,census tract,3.0928.00,3.0928.00,13,0,2,0
2020,census tract,3.0930.00,3.0930.00,19,0,2,0
2020,census tract,3.0932.00,3.0932.00,38,NA,1,NA
2020,census tract,3.0934.00,3.0934.00,15,NA,3,NA
2020,census tract,3.0944.01,3.0944.01,10,NA,NA,NA
2020,census tract,3.0950.00,3.0950.00,38,NA,4,NA
2020,census tract,3.0954.00,3.0954.00,22,NA,1,NA
2020,census tract,3.0956.00,3.0956.00,24,NA,4,NA
2020,census tract,3.0960.00,3.0960.00,47,0,3,0
2020,census tract,3.0962.00,3.0962.00,10,NA,NA,NA
2020,census tract,3.0966.00,3.0966.00,10,0,NA,0
2020,census tract,3.0968.00,3.0968.00,24,NA,46,NA
2020,census tract,3.0974.00,3.0974.00,39,NA,3.46,NA
2020,census tract,3.0990.00,3.0990.00,11,NA,NA,NA
2020,census tract,3.1010.00,3.1010.00,11,0,1.41,0
2020,census tract,3.1022.00,3.1022.00,15,NA,4,NA
2020,census tract,3.1028.00,3.1028.00,27,NA,3,NA
2020,census tract,3.1058.04,3.1058.04,25,NA,3.3299999999999996,NA
2020,census tract,3.1070.00,3.1070.00,67,NA,4,NA
2020,census tract,3.1098.00,3.1098.00,19,NA,1.33,NA
2020,census tract,3.1104.00,3.1104.00,61,NA,3.2800000000000002,NA
2020,census tract,3.1116.00,3.1116.00,24,NA,2.3299999999999996,NA
2020,census tract,3.1126.00,3.1126.00,11,NA,2,NA
2020,census tract,3.1144.00,3.1144.00,23,NA,2.25,NA
2020,census tract,3.1146.00,3.1146.00,10,NA,NA,NA
2020,census tract,3.1156.00,3.1156.00,14,NA,2.17,NA
2020,census tract,3.1170.00,3.1170.00,14,0,3,0
2020,census tract,3.1174.00,3.1174.00,17,0,5,0
2020,census tract,3.1176.01,3.1176.01,17,NA,3,NA
2020,census tract,3.1178.00,3.1178.00,15,NA,NA,NA
2020,census tract,3.1184.00,3.1184.00,19,0,2.42,0
2020,census tract,3.1188.00,3.1188.00,53,NA,2,NA
2020,census tract,3.1190.00,3.1190.00,28,NA,2,NA
2020,census tract,3.1194.00,3.1194.00,12,NA,2,NA
2020,census tract,3.1196.00,3.1196.00,21,0,3,0
2020,census tract,3.1198.00,3.1198.00,32,NA,2.59,NA
2020,census tract,3.1220.00,3.1220.00,14,0,3,0
2020,census tract,3.1237.00,3.1237.00,58,NA,2,NA
2020,census tract,3.1522.00,3.1522.00,28,NA,5,NA
2020,census tract,4.0000.00,4.0000.00,123,NA,2.25,NA
2020,census tract,4.0001.00,4.0001.00,80,NA,3,NA
2020,census tract,4.0002.00,4.0002.00,10,NA,NA,NA
2020,census tract,4.0004.00,4.0004.00,21,NA,2.1,NA
2020,census tract,4.0007.00,4.0007.00,119,NA,4,NA
2020,census tract,4.0010.00,4.0010.00,19,0,2.19,0
2020,census tract,4.0012.00,4.0012.00,22,0,2.3299999999999996,0
2020,census tract,4.0014.00,4.0014.00,11,NA,NA,NA
2020,census tract,4.0016.00,4.0016.00,16,0,3,0
2020,census tract,4.0018.00,4.0018.00,27,NA,2,NA
2020,census tract,4.0019.00,4.0019.00,152,35,4,0.23026315789473684
2020,census tract,4.0028.00,4.0028.00,10,NA,NA,NA
2020,census tract,4.0031.00,4.0031.00,35,NA,3,NA
2020,census tract,4.0033.00,4.0033.00,108,NA,3,NA
2020,census tract,4.0034.00,4.0034.00,18,0,3.08,0
2020,census tract,4.0038.00,4.0038.00,19,NA,NA,NA
2020,census tract,4.0039.00,4.0039.00,22,NA,2,NA
2020,census tract,4.0040.01,4.0040.01,23,0,2.5,0
2020,census tract,4.0040.02,4.0040.02,23,0,2.12,0
2020,census tract,4.0042.00,4.0042.00,11,NA,2,NA
2020,census tract,4.0043.00,4.0043.00,12,0,3.23,0
2020,census tract,4.0044.01,4.0044.01,11,NA,NA,NA
2020,census tract,4.0045.00,4.0045.00,15,0,4,0
2020,census tract,4.0047.00,4.0047.00,13,NA,2.5,NA
2020,census tract,4.0051.00,4.0051.00,33,NA,3.25,NA
2020,census tract,4.0053.00,4.0053.00,28,NA,4,NA
2020,census tract,4.0054.00,4.0054.00,36,NA,3,NA
2020,census tract,4.0055.00,4.0055.00,43,11,2,0.2558139534883721
2020,census tract,4.0057.00,4.0057.00,57,10,2.8899999999999997,0.17543859649122806
2020,census tract,4.0058.00,4.0058.00,19,NA,3,NA
2020,census tract,4.0059.00,4.0059.00,72,NA,4.2,NA
2020,census tract,4.0061.00,4.0061.00,81,0,3.17,0
2020,census tract,4.0062.02,4.0062.02,28,NA,3,NA
2020,census tract,4.0063.00,4.0063.00,81,NA,4,NA
2020,census tract,4.0065.01,4.0065.01,20,NA,6,NA
2020,census tract,4.0065.02,4.0065.02,41,NA,3,NA
2020,census tract,4.0069.00,4.0069.00,51,NA,2.82,NA
2020,census tract,4.0071.00,4.0071.00,61,NA,3.17,NA
2020,census tract,4.0073.00,4.0073.00,10,0,NA,0
2020,census tract,4.0075.00,4.0075.00,13,0,4,0
2020,census tract,4.0077.00,4.0077.00,23,0,4,0
2020,census tract,4.0079.00,4.0079.00,21,NA,2.5,NA
2020,census tract,4.0083.00,4.0083.00,26,NA,2.5,NA
2020,census tract,4.0085.00,4.0085.00,41,NA,3,NA
2020,census tract,4.0086.00,4.0086.00,25,NA,2,NA
2020,census tract,4.0088.00,4.0088.00,22,NA,3,NA
2020,census tract,4.0094.00,4.0094.00,20,0,2.38,0
2020,census tract,4.0096.00,4.0096.00,15,NA,3,NA
2020,census tract,4.0097.00,4.0097.00,12,0,3.25,0
2020,census tract,4.0098.00,4.0098.00,31,0,3,0
2020,census tract,4.0100.00,4.0100.00,22,NA,3,NA
2020,census tract,4.0101.00,4.0101.00,13,0,3,0
2020,census tract,4.0102.00,4.0102.00,11,NA,3.29,NA
2020,census tract,4.0103.00,4.0103.00,12,0,2,0
2020,census tract,4.0104.00,4.0104.00,13,0,3,0
2020,census tract,4.0105.00,4.0105.00,15,NA,2,NA
2020,census tract,4.0106.00,4.0106.00,24,NA,3.5,NA
2020,census tract,4.0112.00,4.0112.00,10,NA,NA,NA
2020,census tract,4.0113.00,4.0113.00,52,NA,4.42,NA
2020,census tract,4.0114.00,4.0114.00,18,NA,3.42,NA
2020,census tract,4.0115.00,4.0115.00,129,NA,4.38,NA
2020,census tract,4.0116.00,4.0116.00,14,0,3,0
2020,census tract,4.0117.00,4.0117.00,21,NA,4,NA
2020,census tract,4.0118.00,4.0118.00,10,0,NA,0
2020,census tract,4.0119.00,4.0119.00,27,NA,3.08,NA
2020,census tract,4.0121.00,4.0121.00,13,0,4,0
2020,census tract,4.0122.00,4.0122.00,18,0,3.38,0
2020,census tract,4.0123.01,4.0123.01,27,NA,3,NA
2020,census tract,4.0124.00,4.0124.00,14,NA,3,NA
2020,census tract,4.0125.00,4.0125.00,10,NA,NA,NA
2020,census tract,4.0126.01,4.0126.01,38,NA,3,NA
2020,census tract,4.0132.00,4.0132.00,26,NA,5,NA
2020,census tract,4.0136.00,4.0136.00,20,NA,4,NA
2020,census tract,4.0137.00,4.0137.00,22,NA,3,NA
2020,census tract,4.0138.00,4.0138.00,13,NA,NA,NA
2020,census tract,4.0140.00,4.0140.00,11,0,NA,0
2020,census tract,4.0141.00,4.0141.00,33,NA,4,NA
2020,census tract,4.0142.01,4.0142.01,15,0,1.45,0
2020,census tract,4.0142.02,4.0142.02,31,NA,3,NA
2020,census tract,4.0143.00,4.0143.00,41,NA,4.25,NA
2020,census tract,4.0144.00,4.0144.00,42,NA,6,NA
2020,census tract,4.0147.00,4.0147.00,46,NA,3.5,NA
2020,census tract,4.0149.00,4.0149.00,57,NA,3,NA
2020,census tract,4.0151.00,4.0151.00,13,0,4.7,0
2020,census tract,4.0153.00,4.0153.00,15,NA,3,NA
2020,census tract,4.0154.00,4.0154.00,14,NA,3,NA
2020,census tract,4.0155.00,4.0155.00,151,23,4,0.152317880794702
2020,census tract,4.0157.00,4.0157.00,54,NA,3.58,NA
2020,census tract,4.0158.01,4.0158.01,23,NA,2.02,NA
2020,census tract,4.0158.02,4.0158.02,83,NA,4,NA
2020,census tract,4.0159.00,4.0159.00,17,0,3.08,0
2020,census tract,4.0161.00,4.0161.00,25,NA,4,NA
2020,census tract,4.0163.00,4.0163.00,23,NA,2.58,NA
2020,census tract,4.0166.00,4.0166.00,24,NA,2,NA
2020,census tract,4.0169.00,4.0169.00,12,NA,5,NA
2020,census tract,4.0171.00,4.0171.00,56,NA,2,NA
2020,census tract,4.0179.00,4.0179.00,60,16,2.8,0.26666666666666666
2020,census tract,4.0181.01,4.0181.01,33,NA,5,NA
2020,census tract,4.0181.02,4.0181.02,20,NA,5,NA
2020,census tract,4.0183.00,4.0183.00,95,NA,4.58,NA
2020,census tract,4.0185.01,4.0185.01,14,NA,2.46,NA
2020,census tract,4.0185.02,4.0185.02,38,NA,3,NA
2020,census tract,4.0189.00,4.0189.00,20,NA,2,NA
2020,census tract,4.0190.00,4.0190.00,22,NA,2,NA
2020,census tract,4.0199.00,4.0199.00,77,15,2,0.19480519480519481
2020,census tract,4.0205.00,4.0205.00,15,0,NA,0
2020,census tract,4.0208.00,4.0208.00,18,0,2.5,0
2020,census tract,4.0212.00,4.0212.00,42,NA,4,NA
2020,census tract,4.0214.00,4.0214.00,56,NA,6.83,NA
2020,census tract,4.0216.00,4.0216.00,60,15,3.44,0.25
2020,census tract,4.0219.00,4.0219.00,26,0,2,0
2020,census tract,4.0220.02,4.0220.02,11,NA,NA,NA
2020,census tract,4.0230.00,4.0230.00,16,NA,4.26,NA
2020,census tract,4.0235.00,4.0235.00,59,NA,3.13,NA
2020,census tract,4.0236.00,4.0236.00,43,NA,4,NA
2020,census tract,4.0238.00,4.0238.00,40,NA,3.88,NA
2020,census tract,4.0240.00,4.0240.00,52,NA,3,NA
2020,census tract,4.0245.00,4.0245.00,28,NA,3,NA
2020,census tract,4.0249.00,4.0249.00,20,0,2,0
2020,census tract,4.0251.00,4.0251.00,25,0,3,0
2020,census tract,4.0253.01,4.0253.01,44,NA,4,NA
2020,census tract,4.0253.02,4.0253.02,35,NA,3,NA
2020,census tract,4.0254.00,4.0254.00,13,0,NA,0
2020,census tract,4.0255.00,4.0255.00,23,0,2,0
2020,census tract,4.0257.00,4.0257.00,22,NA,1.75,NA
2020,census tract,4.0259.00,4.0259.00,51,NA,3.61,NA
2020,census tract,4.0261.00,4.0261.00,117,NA,3.86,NA
2020,census tract,4.0263.00,4.0263.00,50,NA,4,NA
2020,census tract,4.0265.00,4.0265.00,41,NA,6.05,NA
2020,census tract,4.0267.00,4.0267.00,63,NA,5,NA
2020,census tract,4.0269.01,4.0269.01,104,NA,5,NA
2020,census tract,4.0269.02,4.0269.02,30,NA,5.83,NA
2020,census tract,4.0271.00,4.0271.00,49,NA,4,NA
2020,census tract,4.0272.00,4.0272.00,13,0,3.13,0
2020,census tract,4.0273.00,4.0273.00,122,NA,5,NA
2020,census tract,4.0275.00,4.0275.00,70,NA,4.5,NA
2020,census tract,4.0277.00,4.0277.00,81,NA,5,NA
2020,census tract,4.0279.00,4.0279.00,52,NA,6.25,NA
2020,census tract,4.0281.00,4.0281.00,28,NA,8,NA
2020,census tract,4.0282.00,4.0282.00,18,NA,3.5,NA
2020,census tract,4.0283.00,4.0283.00,156,10,6.2700000000000005,0.0641025641025641
2020,census tract,4.0284.00,4.0284.00,23,0,3,0
2020,census tract,4.0285.00,4.0285.00,29,NA,6,NA
2020,census tract,4.0287.00,4.0287.00,78,NA,8,NA
2020,census tract,4.0289.00,4.0289.00,103,NA,7,NA
2020,census tract,4.0291.00,4.0291.00,38,NA,5,NA
2020,census tract,4.0293.00,4.0293.00,13,0,NA,0
2020,census tract,4.0294.00,4.0294.00,25,NA,2.92,NA
2020,census tract,4.0295.00,4.0295.00,45,NA,3,NA
2020,census tract,4.0297.00,4.0297.00,76,NA,2.1,NA
2020,census tract,4.0306.00,4.0306.00,52,NA,2,NA
2020,census tract,4.0309.02,4.0309.02,19,NA,4,NA
2020,census tract,4.0309.03,4.0309.03,51,NA,3,NA
2020,census tract,4.0320.00,4.0320.00,55,10,2,0.18181818181818182
2020,census tract,4.0328.00,4.0328.00,11,0,3,0
2020,census tract,4.0329.00,4.0329.00,27,0,3.25,0
2020,census tract,4.0334.01,4.0334.01,15,NA,3,NA
2020,census tract,4.0334.02,4.0334.02,17,NA,2,NA
2020,census tract,4.0337.00,4.0337.00,11,NA,4.5,NA
2020,census tract,4.0339.00,4.0339.00,15,0,4,0
2020,census tract,4.0347.00,4.0347.00,11,NA,NA,NA
2020,census tract,4.0351.00,4.0351.00,12,0,3.6,0
2020,census tract,4.0352.00,4.0352.00,35,NA,4,NA
2020,census tract,4.0353.00,4.0353.00,24,NA,4,NA
2020,census tract,4.0358.00,4.0358.00,18,NA,2.3299999999999996,NA
2020,census tract,4.0365.00,4.0365.00,11,0,NA,0
2020,census tract,4.0366.00,4.0366.00,31,0,3,0
2020,census tract,4.0375.00,4.0375.00,108,NA,5,NA
2020,census tract,4.0376.00,4.0376.00,10,0,NA,0
2020,census tract,4.0377.00,4.0377.00,10,NA,NA,NA
2020,census tract,4.0379.00,4.0379.00,18,NA,4,NA
2020,census tract,4.0383.01,4.0383.01,29,NA,3,NA
2020,census tract,4.0384.00,4.0384.00,12,0,NA,0
2020,census tract,4.0394.00,4.0394.00,21,0,30,0
2020,census tract,4.0399.00,4.0399.00,23,NA,2.2600000000000002,NA
2020,census tract,4.0401.00,4.0401.00,24,NA,3.64,NA
2020,census tract,4.0403.00,4.0403.00,49,NA,4,NA
2020,census tract,4.0405.00,4.0405.00,129,12,4,0.09302325581395349
2020,census tract,4.0407.00,4.0407.00,46,NA,3.4299999999999997,NA
2020,census tract,4.0409.00,4.0409.00,23,0,6,0
2020,census tract,4.0413.00,4.0413.00,14,NA,NA,NA
2020,census tract,4.0415.00,4.0415.00,16,0,2,0
2020,census tract,4.0427.00,4.0427.00,24,0,3,0
2020,census tract,4.0439.00,4.0439.00,25,0,5,0
2020,census tract,4.0440.00,4.0440.00,17,0,1.5,0
2020,census tract,4.0443.01,4.0443.01,14,NA,2,NA
2020,census tract,4.0443.02,4.0443.02,31,0,3.88,0
2020,census tract,4.0444.00,4.0444.00,75,NA,2,NA
2020,census tract,4.0446.01,4.0446.01,158,18,5,0.11392405063291139
2020,census tract,4.0446.02,4.0446.02,39,NA,4,NA
2020,census tract,4.0450.00,4.0450.00,11,0,3,0
2020,census tract,4.0454.00,4.0454.00,26,0,6,0
2020,census tract,4.0455.00,4.0455.00,44,14,4,0.3181818181818182
2020,census tract,4.0458.00,4.0458.00,30,NA,3,NA
2020,census tract,4.0460.00,4.0460.00,63,NA,4,NA
2020,census tract,4.0461.00,4.0461.00,28,NA,3.38,NA
2020,census tract,4.0462.00,4.0462.00,43,NA,4,NA
2020,census tract,4.0463.00,4.0463.00,13,NA,6.5,NA
2020,census tract,4.0465.00,4.0465.00,50,NA,5.5,NA
2020,census tract,4.0466.00,4.0466.00,40,0,3.24,0
2020,census tract,4.0468.00,4.0468.00,18,NA,2.21,NA
2020,census tract,4.0469.00,4.0469.00,28,0,2,0
2020,census tract,4.0470.00,4.0470.00,21,NA,3,NA
2020,census tract,4.0471.00,4.0471.00,35,NA,4,NA
2020,census tract,4.0473.00,4.0473.00,52,NA,5,NA
2020,census tract,4.0475.00,4.0475.00,43,NA,3,NA
2020,census tract,4.0478.00,4.0478.00,52,NA,3.79,NA
2020,census tract,4.0479.00,4.0479.00,20,NA,3,NA
2020,census tract,4.0480.00,4.0480.00,15,NA,3,NA
2020,census tract,4.0481.00,4.0481.00,29,NA,5.83,NA
2020,census tract,4.0483.00,4.0483.00,18,0,2.5,0
2020,census tract,4.0484.00,4.0484.00,15,0,2,0
2020,census tract,4.0485.00,4.0485.00,56,NA,4,NA
2020,census tract,4.0489.00,4.0489.00,18,NA,2,NA
2020,census tract,4.0492.00,4.0492.00,13,NA,3,NA
2020,census tract,4.0493.02,4.0493.02,44,NA,2.67,NA
2020,census tract,4.0496.00,4.0496.00,14,NA,2,NA
2020,census tract,4.0499.00,4.0499.00,16,NA,2,NA
2020,census tract,4.0500.00,4.0500.00,21,0,2.5,0
2020,census tract,4.0512.00,4.0512.00,20,0,1.8800000000000001,0
2020,census tract,4.0517.00,4.0517.00,36,NA,3,NA
2020,census tract,4.0521.00,4.0521.00,13,0,2,0
2020,census tract,4.0530.00,4.0530.00,10,NA,NA,NA
2020,census tract,4.0531.00,4.0531.00,44,NA,1.6300000000000001,NA
2020,census tract,4.0532.00,4.0532.00,19,0,4.78,0
2020,census tract,4.0534.01,4.0534.01,12,NA,2,NA
2020,census tract,4.0535.00,4.0535.00,35,NA,1.6700000000000002,NA
2020,census tract,4.0539.00,4.0539.00,18,NA,2,NA
2020,census tract,4.0540.00,4.0540.00,36,NA,2,NA
2020,census tract,4.0542.00,4.0542.00,22,NA,2,NA
2020,census tract,4.0545.00,4.0545.00,11,NA,NA,NA
2020,census tract,4.0547.00,4.0547.00,28,NA,2.75,NA
2020,census tract,4.0549.00,4.0549.00,59,NA,4,NA
2020,census tract,4.0551.00,4.0551.00,90,14,3,0.15555555555555556
2020,census tract,4.0553.00,4.0553.00,56,NA,3,NA
2020,census tract,4.0555.00,4.0555.00,18,NA,2,NA
2020,census tract,4.0557.00,4.0557.00,27,NA,2.8299999999999996,NA
2020,census tract,4.0559.00,4.0559.00,12,0,NA,0
2020,census tract,4.0566.00,4.0566.00,17,0,2.8299999999999996,0
2020,census tract,4.0568.00,4.0568.00,59,11,2.46,0.1864406779661017
2020,census tract,4.0577.00,4.0577.00,34,NA,1.92,NA
2020,census tract,4.0581.00,4.0581.00,22,NA,3.5,NA
2020,census tract,4.0582.00,4.0582.00,14,NA,2,NA
2020,census tract,4.0583.00,4.0583.00,27,NA,3,NA
2020,census tract,4.0585.00,4.0585.00,22,0,3.3299999999999996,0
2020,census tract,4.0587.00,4.0587.00,19,NA,3.3299999999999996,NA
2020,census tract,4.0589.00,4.0589.00,20,NA,2.15,NA
2020,census tract,4.0591.00,4.0591.00,13,NA,1.75,NA
2020,census tract,4.0593.00,4.0593.00,21,0,4,0
2020,census tract,4.0595.00,4.0595.00,15,NA,3.57,NA
2020,census tract,4.0601.00,4.0601.00,13,NA,2.8,NA
2020,census tract,4.0603.00,4.0603.00,17,0,2.92,0
2020,census tract,4.0613.01,4.0613.01,51,NA,3.08,NA
2020,census tract,4.0618.00,4.0618.00,11,0,3.12,0
2020,census tract,4.0619.00,4.0619.00,25,NA,2.4,NA
2020,census tract,4.0621.00,4.0621.00,20,0,3,0
2020,census tract,4.0622.00,4.0622.00,12,0,2.56,0
2020,census tract,4.0626.00,4.0626.00,24,NA,2,NA
2020,census tract,4.0627.00,4.0627.00,18,NA,2,NA
2020,census tract,4.0629.00,4.0629.00,25,NA,2.75,NA
2020,census tract,4.0632.00,4.0632.00,57,NA,3,NA
2020,census tract,4.0637.00,4.0637.00,34,NA,2,NA
2020,census tract,4.0638.00,4.0638.00,17,0,2,0
2020,census tract,4.0645.00,4.0645.00,21,NA,3.5,NA
2020,census tract,4.0654.00,4.0654.00,22,NA,2.63,NA
2020,census tract,4.0656.00,4.0656.00,14,NA,4,NA
2020,census tract,4.0657.02,4.0657.02,13,NA,1.74,NA
2020,census tract,4.0657.03,4.0657.03,27,0,3,0
2020,census tract,4.0664.00,4.0664.00,11,NA,NA,NA
2020,census tract,4.0669.00,4.0669.00,10,0,2.92,0
2020,census tract,4.0671.00,4.0671.00,22,NA,2.8499999999999996,NA
2020,census tract,4.0679.00,4.0679.00,24,NA,3,NA
2020,census tract,4.0683.00,4.0683.00,20,NA,6.38,NA
2020,census tract,4.0687.00,4.0687.00,19,NA,3.13,NA
2020,census tract,4.0693.00,4.0693.00,89,NA,4.58,NA
2020,census tract,4.0695.00,4.0695.00,26,0,3,0
2020,census tract,4.0697.01,4.0697.01,14,NA,2,NA
2020,census tract,4.0697.02,4.0697.02,15,NA,NA,NA
2020,census tract,4.0707.00,4.0707.00,16,NA,3,NA
2020,census tract,4.0709.00,4.0709.00,13,NA,3,NA
2020,census tract,4.0711.00,4.0711.00,99,NA,7.58,NA
2020,census tract,4.0713.03,4.0713.03,48,0,5,0
2020,census tract,4.0713.04,4.0713.04,37,NA,3,NA
2020,census tract,4.0713.05,4.0713.05,11,0,5,0
2020,census tract,4.0713.06,4.0713.06,35,NA,4.5,NA
2020,census tract,4.0717.01,4.0717.01,60,NA,5,NA
2020,census tract,4.0717.02,4.0717.02,37,NA,7,NA
2020,census tract,4.0723.00,4.0723.00,14,0,3.42,0
2020,census tract,4.0731.00,4.0731.00,20,NA,2.63,NA
2020,census tract,4.0737.00,4.0737.00,117,14,6.5,0.11965811965811966
2020,census tract,4.0743.00,4.0743.00,46,NA,2,NA
2020,census tract,4.0757.01,4.0757.01,73,NA,5,NA
2020,census tract,4.0757.02,4.0757.02,28,NA,3.36,NA
2020,census tract,4.0769.01,4.0769.01,28,0,5,0
2020,census tract,4.0769.02,4.0769.02,23,NA,6,NA
2020,census tract,4.0775.00,4.0775.00,36,NA,3,NA
2020,census tract,4.0779.02,4.0779.02,41,NA,5,NA
2020,census tract,4.0779.04,4.0779.04,54,NA,5,NA
2020,census tract,4.0779.06,4.0779.06,24,NA,9,NA
2020,census tract,4.0779.07,4.0779.07,21,0,4.31,0
2020,census tract,4.0797.01,4.0797.01,23,NA,6.430000000000001,NA
2020,census tract,4.0797.02,4.0797.02,57,NA,4,NA
2020,census tract,4.0799.00,4.0799.00,32,NA,47,NA
2020,census tract,4.0809.00,4.0809.00,16,0,43,0
2020,census tract,4.0814.00,4.0814.00,11,0,NA,0
2020,census tract,4.0837.00,4.0837.00,12,0,5.74,0
2020,census tract,4.0838.00,4.0838.00,21,0,3,0
2020,census tract,4.0840.00,4.0840.00,38,NA,2,NA
2020,census tract,4.0845.00,4.0845.00,17,NA,3,NA
2020,census tract,4.0849.00,4.0849.00,175,23,5,0.13142857142857142
2020,census tract,4.0853.00,4.0853.00,114,NA,8.08,NA
2020,census tract,4.0855.00,4.0855.00,24,NA,1.85,NA
2020,census tract,4.0857.00,4.0857.00,22,NA,3,NA
2020,census tract,4.0859.00,4.0859.00,34,NA,7,NA
2020,census tract,4.0864.00,4.0864.00,13,0,2,0
2020,census tract,4.0865.00,4.0865.00,49,NA,4,NA
2020,census tract,4.0869.00,4.0869.00,277,31,4,0.11191335740072202
2020,census tract,4.0871.00,4.0871.00,353,32,6.38,0.0906515580736544
2020,census tract,4.0884.00,4.0884.00,15,0,6.67,0
2020,census tract,4.0889.01,4.0889.01,54,NA,4,NA
2020,census tract,4.0892.00,4.0892.00,116,12,3.96,0.10344827586206896
2020,census tract,4.0907.00,4.0907.00,34,NA,2,NA
2020,census tract,4.0919.00,4.0919.00,37,NA,2,NA
2020,census tract,4.0925.00,4.0925.00,63,NA,2,NA
2020,census tract,4.0929.00,4.0929.00,26,NA,2.3699999999999997,NA
2020,census tract,4.0934.02,4.0934.02,23,NA,3.03,NA
2020,census tract,4.0938.00,4.0938.00,65,NA,3,NA
2020,census tract,4.0942.01,4.0942.01,17,NA,2.77,NA
2020,census tract,4.0942.02,4.0942.02,26,0,3,0
2020,census tract,4.0942.03,4.0942.03,20,NA,2,NA
2020,census tract,4.0945.00,4.0945.00,59,NA,3,NA
2020,census tract,4.0947.00,4.0947.00,20,NA,3.3299999999999996,NA
2020,census tract,4.0954.00,4.0954.00,18,0,4,0
2020,census tract,4.0981.00,4.0981.00,52,0,3,0
2020,census tract,4.0987.00,4.0987.00,70,11,3.5,0.15714285714285714
2020,census tract,4.0992.00,4.0992.00,11,NA,NA,NA
2020,census tract,4.0997.04,4.0997.04,65,10,5,0.15384615384615385
2020,census tract,4.0998.01,4.0998.01,17,0,5,0
2020,census tract,4.1008.02,4.1008.02,38,NA,2.51,NA
2020,census tract,4.1010.01,4.1010.01,63,NA,3,NA
2020,census tract,4.1017.00,4.1017.00,66,NA,3,NA
2020,census tract,4.1032.01,4.1032.01,30,NA,3,NA
2020,census tract,4.1032.02,4.1032.02,41,NA,3,NA
2020,census tract,4.1039.00,4.1039.00,18,0,5,0
2020,census tract,4.1047.00,4.1047.00,25,NA,25,NA
2020,census tract,4.1085.00,4.1085.00,14,NA,3,NA
2020,census tract,4.1099.00,4.1099.00,49,NA,2,NA
2020,census tract,4.1123.00,4.1123.00,93,NA,4,NA
2020,census tract,4.1129.00,4.1129.00,18,NA,4,NA
2020,census tract,4.1139.00,4.1139.00,30,0,3.09,0
2020,census tract,4.1155.00,4.1155.00,30,NA,3.82,NA
2020,census tract,4.1157.00,4.1157.00,50,NA,4.5,NA
2020,census tract,4.1159.00,4.1159.00,17,NA,3,NA
2020,census tract,4.1163.00,4.1163.00,43,NA,7,NA
2020,census tract,4.1167.00,4.1167.00,31,NA,3.8499999999999996,NA
2020,census tract,4.1171.00,4.1171.00,209,28,4,0.1339712918660287
2020,census tract,4.1175.00,4.1175.00,38,NA,3.9,NA
2020,census tract,4.1181.00,4.1181.00,19,0,3.51,0
2020,census tract,4.1185.00,4.1185.00,23,NA,2.9,NA
2020,census tract,4.1191.00,4.1191.00,51,NA,3,NA
2020,census tract,4.1205.00,4.1205.00,15,0,6,0
2020,census tract,4.1207.00,4.1207.00,16,NA,3,NA
2020,census tract,4.1223.00,4.1223.00,12,NA,NA,NA
2020,census tract,4.1227.01,4.1227.01,50,NA,3,NA
2020,census tract,4.1227.02,4.1227.02,33,NA,2,NA
2020,census tract,4.1241.00,4.1241.00,19,NA,4.95,NA
2020,census tract,4.1257.00,4.1257.00,15,0,2,0
2020,census tract,4.1265.00,4.1265.00,23,NA,3,NA
2020,census tract,4.1267.00,4.1267.00,15,NA,5,NA
2020,census tract,4.1277.00,4.1277.00,74,NA,3.17,NA
2020,census tract,4.1291.02,4.1291.02,22,0,2.25,0
2020,census tract,4.1291.03,4.1291.03,22,NA,6,NA
2020,census tract,4.1291.04,4.1291.04,24,NA,4,NA
2020,census tract,4.1301.00,4.1301.00,17,NA,3.3499999999999996,NA
2020,census tract,4.1333.00,4.1333.00,46,0,3,0
2020,census tract,4.1339.00,4.1339.00,35,NA,5,NA
2020,census tract,4.1341.00,4.1341.00,45,NA,3,NA
2020,census tract,4.1347.00,4.1347.00,67,NA,4.83,NA
2020,census tract,4.1367.00,4.1367.00,39,NA,4.92,NA
2020,census tract,4.1377.00,4.1377.00,32,NA,3,NA
2020,census tract,4.1399.00,4.1399.00,10,NA,NA,NA
2020,census tract,4.1417.00,4.1417.00,16,0,31,0
2020,census tract,4.1429.00,4.1429.00,21,0,4,0
2020,census tract,4.1435.00,4.1435.00,16,0,2,0
2020,census tract,4.1447.00,4.1447.00,48,NA,3.6,NA
2020,census tract,4.1451.01,4.1451.01,23,0,3.92,0
2020,census tract,4.1451.02,4.1451.02,13,0,7,0
2020,census tract,4.1459.00,4.1459.00,29,NA,3,NA
2020,census tract,4.1463.00,4.1463.00,30,NA,4.21,NA
2020,census tract,4.1467.00,4.1467.00,92,10,4,0.10869565217391304
2020,census tract,4.1471.00,4.1471.00,68,NA,4,NA
2020,census tract,4.1479.00,4.1479.00,106,11,3,0.10377358490566038
2020,census tract,4.1507.01,4.1507.01,25,NA,4,NA
2020,census tract,4.1507.02,4.1507.02,58,NA,4.75,NA
2020,census tract,4.1529.01,4.1529.01,24,NA,2.67,NA
2020,census tract,4.1529.02,4.1529.02,24,NA,3.29,NA
2020,census tract,4.1551.01,4.1551.01,21,NA,1,NA
2020,census tract,4.1551.02,4.1551.02,50,NA,4,NA
2020,census tract,4.1571.01,4.1571.01,43,NA,3,NA
2020,census tract,4.1579.01,4.1579.01,21,NA,3.68,NA
2020,census tract,4.1579.02,4.1579.02,27,NA,4,NA
2020,census tract,4.1579.03,4.1579.03,18,0,3,0
2020,census tract,4.1617.00,4.1617.00,11,0,NA,0
2020,census tract,4.1621.00,4.1621.00,15,NA,1.83,NA
2020,census tract,5.0000.00,5.0000.00,37,NA,5,NA
2022,census tract,3.0642.00,3.0642.00,11,NA,2.5,NA
2020,census tract,5.0003.00,5.0003.00,83,11,2.4299999999999997,0.13253012048192772
2020,census tract,5.0006.00,5.0006.00,37,NA,2.54,NA
2020,census tract,5.0008.00,5.0008.00,28,NA,2.75,NA
2020,census tract,5.0021.00,5.0021.00,89,14,2.2,0.15730337078651685
2020,census tract,5.0027.00,5.0027.00,18,NA,NA,NA
2020,census tract,5.0040.00,5.0040.00,27,NA,2,NA
2020,census tract,5.0047.00,5.0047.00,15,NA,4,NA
2020,census tract,5.0050.00,5.0050.00,14,0,4,0
2020,census tract,5.0059.00,5.0059.00,19,NA,3.13,NA
2020,census tract,5.0064.00,5.0064.00,54,NA,2.4499999999999997,NA
2020,census tract,5.0067.00,5.0067.00,20,NA,3,NA
2020,census tract,5.0070.00,5.0070.00,60,NA,4,NA
2020,census tract,5.0074.00,5.0074.00,24,NA,3,NA
2020,census tract,5.0081.00,5.0081.00,10,0,NA,0
2020,census tract,5.0096.01,5.0096.01,39,NA,3.23,NA
2020,census tract,5.0096.02,5.0096.02,32,NA,18,NA
2020,census tract,5.0105.00,5.0105.00,44,NA,2.5,NA
2020,census tract,5.0112.01,5.0112.01,41,NA,3,NA
2020,census tract,5.0112.02,5.0112.02,56,NA,2,NA
2020,census tract,5.0114.01,5.0114.01,32,NA,3.65,NA
2020,census tract,5.0114.02,5.0114.02,27,NA,3.5,NA
2020,census tract,5.0121.00,5.0121.00,32,NA,3,NA
2020,census tract,5.0122.00,5.0122.00,104,NA,3,NA
2020,census tract,5.0128.04,5.0128.04,76,10,5,0.13157894736842105
2020,census tract,5.0128.06,5.0128.06,30,NA,4.5,NA
2020,census tract,5.0132.03,5.0132.03,18,NA,1.41,NA
2020,census tract,5.0132.04,5.0132.04,13,0,NA,0
2020,census tract,5.0133.02,5.0133.02,84,NA,2,NA
2020,census tract,5.0134.00,5.0134.00,75,NA,2.3299999999999996,NA
2020,census tract,5.0138.00,5.0138.00,24,0,36,0
2020,census tract,5.0146.04,5.0146.04,72,NA,4,NA
2020,census tract,5.0146.05,5.0146.05,19,NA,2.5,NA
2020,census tract,5.0146.06,5.0146.06,26,NA,36,NA
2020,census tract,5.0146.07,5.0146.07,51,NA,28.5,NA
2020,census tract,5.0147.00,5.0147.00,14,NA,NA,NA
2020,census tract,5.0151.00,5.0151.00,57,NA,3,NA
2020,census tract,5.0156.01,5.0156.01,59,NA,35,NA
2020,census tract,5.0156.02,5.0156.02,20,0,3,0
2020,census tract,5.0156.03,5.0156.03,27,NA,3.7,NA
2020,census tract,5.0169.01,5.0169.01,38,NA,2.3299999999999996,NA
2020,census tract,5.0170.05,5.0170.05,40,NA,3,NA
2020,census tract,5.0170.10,5.0170.10,19,0,32,0
2020,census tract,5.0170.11,5.0170.11,23,0,3,0
2020,census tract,5.0177.00,5.0177.00,10,0,NA,0
2020,census tract,5.0181.00,5.0181.00,33,NA,2.58,NA
2020,census tract,5.0187.01,5.0187.01,36,NA,3,NA
2020,census tract,5.0187.02,5.0187.02,19,0,3.5,0
2020,census tract,5.0189.01,5.0189.01,27,NA,2.62,NA
2020,census tract,5.0198.00,5.0198.00,35,NA,4,NA
2020,census tract,5.0201.00,5.0201.00,48,NA,3.3299999999999996,NA
2020,census tract,5.0207.00,5.0207.00,46,NA,1.21,NA
2020,census tract,5.0208.01,5.0208.01,69,NA,4.5,NA
2020,census tract,5.0213.00,5.0213.00,45,NA,3,NA
2020,census tract,5.0223.00,5.0223.00,24,0,2,0
2020,census tract,5.0226.00,5.0226.00,213,14,3,0.06572769953051644
2020,census tract,5.0228.00,5.0228.00,18,0,3.32,0
2020,census tract,5.0231.00,5.0231.00,22,NA,3,NA
2020,census tract,5.0247.00,5.0247.00,18,0,3.9,0
2020,census tract,5.0248.00,5.0248.00,99,NA,3,NA
2020,census tract,5.0251.00,5.0251.00,12,NA,2.5,NA
2020,census tract,5.0273.01,5.0273.01,19,0,25,0
2020,census tract,5.0277.02,5.0277.02,94,12,8,0.1276595744680851
2020,census tract,5.0277.06,5.0277.06,44,0,40.5,0
2020,census tract,5.0279.00,5.0279.00,14,0,2,0
2020,census tract,5.0291.02,5.0291.02,74,NA,2,NA
2020,census tract,5.0291.03,5.0291.03,57,NA,3,NA
2020,census tract,5.0291.04,5.0291.04,29,NA,3,NA
2020,census tract,5.0303.01,5.0303.01,22,0,3,0
2020,census tract,5.0303.02,5.0303.02,47,NA,3,NA
2020,census tract,5.0323.00,5.0323.00,37,NA,2,NA
2021,citywide,Citywide,Citywide,62066,NA,5,NA
2021,borough,Manhattan,MN,23776,NA,8,NA
2021,borough,Bronx,BX,8391,510,3.42,0.06077940650697176
2021,borough,Brooklyn,BK,14483,NA,3.92,NA
2021,borough,Queens,QN,13068,985,4,0.0753749617385981
2021,borough,Staten Island,SI,2348,198,3,0.08432708688245315
2021,council district,1,1,4643,723,7.5,0.1557182855912126
2021,council district,2,2,2547,330,9,0.12956419316843346
2021,council district,3,3,4444,680,10,0.15301530153015303
2021,council district,4,4,4738,800,12,0.16884761502743773
2021,council district,5,5,1464,175,9,0.11953551912568305
2021,council district,6,6,1329,144,9.639999999999999,0.10835214446952596
2021,council district,7,7,1165,104,6,0.08927038626609442
2021,council district,8,8,1333,116,4,0.08702175543885972
2021,council district,9,9,1188,102,5,0.08585858585858586
2021,council district,10,10,1626,100,6,0.06150061500615006
2021,council district,11,11,969,62,4,0.06398348813209494
2021,council district,12,12,836,44,3,0.05263157894736842
2021,council district,13,13,901,42,3,0.04661487236403995
2021,council district,14,14,952,22,4,0.023109243697478993
2021,council district,15,15,1165,82,3.3299999999999996,0.0703862660944206
2021,council district,16,16,771,59,4,0.07652399481193256
2021,council district,17,17,1307,90,3,0.06885998469778118
2021,council district,18,18,789,54,3,0.06844106463878327
2021,council district,19,19,1182,91,3.7600000000000002,0.07698815566835872
2021,council district,20,20,1469,130,5,0.08849557522123894
2021,council district,21,21,1096,72,5,0.06569343065693431
2021,council district,22,22,1182,86,4,0.0727580372250423
2021,council district,23,23,555,43,3.75,0.07747747747747748
2021,council district,24,24,824,63,4,0.07645631067961164
2021,council district,25,25,843,52,4.96,0.06168446026097272
2021,council district,26,26,1515,132,4,0.08712871287128712
2021,council district,27,27,720,48,3,0.06666666666666667
2021,council district,28,28,468,28,3,0.05982905982905983
2021,council district,29,29,1095,94,4,0.08584474885844749
2021,council district,30,30,678,52,3,0.07669616519174041
2021,council district,31,31,456,32,2.75,0.07017543859649122
2021,council district,32,32,732,43,3,0.05874316939890711
2021,council district,33,33,1921,265,6,0.137948984903696
2021,council district,34,34,1380,137,3.03,0.09927536231884058
2021,council district,35,35,818,108,4,0.13202933985330073
2021,council district,36,36,691,62,3,0.08972503617945007
2021,council district,37,37,618,47,3,0.07605177993527508
2021,council district,38,38,1402,139,3,0.09914407988587731
2021,council district,39,39,1119,83,4.17,0.0741733690795353
2021,council district,40,40,740,52,4,0.07027027027027027
2021,council district,41,41,681,52,3,0.0763582966226138
2021,council district,42,42,370,27,3,0.07297297297297298
2021,council district,43,43,910,77,3.05,0.08461538461538462
2021,council district,44,44,824,49,3,0.05946601941747573
2021,council district,45,45,671,42,3,0.06259314456035768
2021,council district,46,46,590,40,3,0.06779661016949153
2021,council district,47,47,889,65,3,0.07311586051743532
2021,council district,48,48,1112,87,4,0.07823741007194245
2021,council district,49,49,682,64,2,0.093841642228739
2021,council district,50,50,836,78,3,0.09330143540669857
2021,council district,51,51,830,56,4,0.06746987951807229
2021,census tract,1.0000.00,1.0000.00,28,NA,10,NA
2021,census tract,1.0002.01,1.0002.01,14,NA,6.5,NA
2021,census tract,1.0006.00,1.0006.00,84,NA,6,NA
2021,census tract,1.0007.00,1.0007.00,122,NA,8,NA
2021,census tract,1.0008.00,1.0008.00,205,NA,6,NA
2021,census tract,1.0009.00,1.0009.00,122,NA,8,NA
2021,census tract,1.0012.00,1.0012.00,20,0,2.5,0
2021,census tract,1.0013.00,1.0013.00,125,NA,7,NA
2021,census tract,1.0014.01,1.0014.01,33,0,8,0
2021,census tract,1.0014.02,1.0014.02,75,NA,5,NA
2021,census tract,1.0015.01,1.0015.01,99,NA,7.83,NA
2021,census tract,1.0015.02,1.0015.02,202,NA,10,NA
2021,census tract,1.0016.00,1.0016.00,290,38,5,0.1310344827586207
2021,census tract,1.0018.00,1.0018.00,296,54,6.67,0.18243243243243243
2021,census tract,1.0021.00,1.0021.00,179,NA,10.83,NA
2021,census tract,1.0022.01,1.0022.01,68,NA,5,NA
2021,census tract,1.0022.02,1.0022.02,20,NA,5,NA
2021,census tract,1.0026.01,1.0026.01,21,NA,6,NA
2021,census tract,1.0026.02,1.0026.02,33,NA,5,NA
2021,census tract,1.0027.00,1.0027.00,47,NA,5,NA
2021,census tract,1.0028.00,1.0028.00,43,12,6.94,0.27906976744186046
2021,census tract,1.0029.00,1.0029.00,268,39,6,0.1455223880597015
2021,census tract,1.0030.01,1.0030.01,210,NA,7,NA
2021,census tract,1.0030.02,1.0030.02,55,NA,10,NA
2021,census tract,1.0031.00,1.0031.00,77,NA,8,NA
2021,census tract,1.0032.00,1.0032.00,173,NA,8.92,NA
2021,census tract,1.0033.00,1.0033.00,240,35,6.92,0.14583333333333334
2021,census tract,1.0034.00,1.0034.00,153,NA,10,NA
2021,census tract,1.0036.01,1.0036.01,65,NA,6.359999999999999,NA
2021,census tract,1.0036.02,1.0036.02,55,NA,7.5,NA
2021,census tract,1.0037.00,1.0037.00,103,NA,6,NA
2021,census tract,1.0038.00,1.0038.00,280,NA,8,NA
2021,census tract,1.0039.00,1.0039.00,143,NA,7,NA
2021,census tract,1.0040.00,1.0040.00,180,NA,9,NA
2021,census tract,1.0041.00,1.0041.00,360,40,8,0.1111111111111111
2021,census tract,1.0042.00,1.0042.00,71,NA,10,NA
2021,census tract,1.0043.00,1.0043.00,248,NA,11,NA
2021,census tract,1.0044.00,1.0044.00,21,NA,7,NA
2021,census tract,1.0045.00,1.0045.00,150,NA,10,NA
2021,census tract,1.0047.00,1.0047.00,227,25,10.25,0.11013215859030837
2021,census tract,1.0048.00,1.0048.00,79,NA,6,NA
2021,census tract,1.0049.00,1.0049.00,340,48,11,0.1411764705882353
2021,census tract,1.0050.00,1.0050.00,87,NA,10,NA
2021,census tract,1.0052.00,1.0052.00,142,NA,12,NA
2021,census tract,1.0054.00,1.0054.00,164,NA,7,NA
2021,census tract,1.0055.01,1.0055.01,35,NA,14.709999999999999,NA
2021,census tract,1.0055.02,1.0055.02,128,NA,9.5,NA
2021,census tract,1.0056.00,1.0056.00,106,NA,10,NA
2021,census tract,1.0057.00,1.0057.00,52,NA,12.5,NA
2021,census tract,1.0058.00,1.0058.00,236,NA,9,NA
2021,census tract,1.0059.00,1.0059.00,91,NA,10,NA
2021,census tract,1.0061.00,1.0061.00,130,14,10,0.1076923076923077
2021,census tract,1.0062.00,1.0062.00,14,0,3,0
2021,census tract,1.0063.00,1.0063.00,162,NA,9,NA
2021,census tract,1.0064.00,1.0064.00,116,NA,7,NA
2021,census tract,1.0065.00,1.0065.00,208,21,10,0.10096153846153846
2021,census tract,1.0066.00,1.0066.00,91,NA,8,NA
2021,census tract,1.0067.00,1.0067.00,173,NA,13,NA
2021,census tract,1.0068.00,1.0068.00,141,NA,10,NA
2021,census tract,1.0069.00,1.0069.00,26,NA,4,NA
2021,census tract,1.0070.00,1.0070.00,78,NA,12,NA
2021,census tract,1.0071.00,1.0071.00,148,NA,9,NA
2021,census tract,1.0072.00,1.0072.00,146,NA,8,NA
2021,census tract,1.0073.00,1.0073.00,178,NA,15,NA
2021,census tract,1.0074.00,1.0074.00,201,NA,11,NA
2021,census tract,1.0075.00,1.0075.00,52,NA,12,NA
2021,census tract,1.0076.00,1.0076.00,255,NA,10,NA
2021,census tract,1.0077.00,1.0077.00,132,15,12,0.11363636363636363
2021,census tract,1.0078.00,1.0078.00,85,16,10,0.18823529411764706
2021,census tract,1.0079.00,1.0079.00,117,22,14,0.18803418803418803
2021,census tract,1.0080.00,1.0080.00,147,NA,9,NA
2021,census tract,1.0081.00,1.0081.00,138,NA,10,NA
2021,census tract,1.0082.00,1.0082.00,178,NA,13,NA
2021,census tract,1.0083.00,1.0083.00,131,NA,11,NA
2021,census tract,1.0084.00,1.0084.00,159,19,8,0.11949685534591195
2021,census tract,1.0086.03,1.0086.03,28,NA,9.5,NA
2021,census tract,1.0087.00,1.0087.00,95,NA,9,NA
2021,census tract,1.0088.00,1.0088.00,91,NA,9,NA
2021,census tract,1.0089.00,1.0089.00,36,NA,9,NA
2021,census tract,1.0090.00,1.0090.00,118,NA,10,NA
2021,census tract,1.0091.00,1.0091.00,168,NA,9,NA
2021,census tract,1.0092.00,1.0092.00,194,NA,12,NA
2021,census tract,1.0093.00,1.0093.00,79,NA,6.35,NA
2021,census tract,1.0094.00,1.0094.00,132,NA,15.5,NA
2021,census tract,1.0095.00,1.0095.00,209,29,6,0.13875598086124402
2021,census tract,1.0096.00,1.0096.00,269,NA,18,NA
2021,census tract,1.0097.00,1.0097.00,13,NA,7,NA
2021,census tract,1.0098.00,1.0098.00,189,NA,9,NA
2021,census tract,1.0099.00,1.0099.00,225,NA,7,NA
2021,census tract,1.0100.00,1.0100.00,144,NA,11,NA
2021,census tract,1.0101.00,1.0101.00,130,NA,10,NA
2021,census tract,1.0102.00,1.0102.00,189,NA,18,NA
2021,census tract,1.0103.00,1.0103.00,63,NA,12,NA
2021,census tract,1.0104.00,1.0104.00,188,36,11,0.19148936170212766
2021,census tract,1.0106.01,1.0106.01,32,NA,10,NA
2021,census tract,1.0106.02,1.0106.02,31,NA,9,NA
2021,census tract,1.0108.00,1.0108.00,186,NA,9,NA
2021,census tract,1.0109.00,1.0109.00,309,NA,10,NA
2021,census tract,1.0110.00,1.0110.00,171,NA,8,NA
2021,census tract,1.0111.00,1.0111.00,120,NA,8,NA
2021,census tract,1.0112.01,1.0112.01,72,NA,10.5,NA
2021,census tract,1.0112.02,1.0112.02,97,NA,22,NA
2021,census tract,1.0112.03,1.0112.03,121,26,12,0.21487603305785125
2021,census tract,1.0113.00,1.0113.00,241,NA,12,NA
2021,census tract,1.0114.01,1.0114.01,80,NA,19.5,NA
2021,census tract,1.0114.02,1.0114.02,125,NA,11,NA
2021,census tract,1.0115.00,1.0115.00,66,NA,7.85,NA
2021,census tract,1.0116.00,1.0116.00,15,NA,9.5,NA
2021,census tract,1.0117.00,1.0117.00,12,NA,2,NA
2021,census tract,1.0118.00,1.0118.00,110,NA,9,NA
2021,census tract,1.0119.00,1.0119.00,122,NA,20,NA
2021,census tract,1.0120.00,1.0120.00,104,NA,13,NA
2021,census tract,1.0121.00,1.0121.00,128,NA,12,NA
2021,census tract,1.0122.00,1.0122.00,122,16,24,0.13114754098360656
2021,census tract,1.0124.00,1.0124.00,66,11,10,0.16666666666666666
2021,census tract,1.0125.00,1.0125.00,140,NA,12,NA
2021,census tract,1.0126.00,1.0126.00,140,NA,10,NA
2021,census tract,1.0127.00,1.0127.00,154,NA,9,NA
2021,census tract,1.0128.00,1.0128.00,152,19,10,0.125
2021,census tract,1.0129.00,1.0129.00,61,NA,6.5,NA
2021,census tract,1.0130.00,1.0130.00,115,11,26,0.09565217391304348
2021,census tract,1.0131.00,1.0131.00,126,22,15,0.1746031746031746
2021,census tract,1.0132.00,1.0132.00,84,NA,10,NA
2021,census tract,1.0133.00,1.0133.00,132,13,13,0.09848484848484848
2021,census tract,1.0134.00,1.0134.00,156,NA,10,NA
2021,census tract,1.0135.00,1.0135.00,71,NA,9,NA
2021,census tract,1.0136.00,1.0136.00,74,NA,7,NA
2021,census tract,1.0137.00,1.0137.00,188,NA,14,NA
2021,census tract,1.0138.00,1.0138.00,148,NA,9,NA
2021,census tract,1.0139.00,1.0139.00,134,NA,14,NA
2021,census tract,1.0140.00,1.0140.00,185,NA,13,NA
2021,census tract,1.0142.00,1.0142.00,134,NA,19,NA
2021,census tract,1.0144.01,1.0144.01,30,NA,8,NA
2021,census tract,1.0144.02,1.0144.02,41,NA,10,NA
2021,census tract,1.0145.00,1.0145.00,42,NA,9,NA
2021,census tract,1.0146.01,1.0146.01,88,NA,9,NA
2021,census tract,1.0146.02,1.0146.02,86,NA,11,NA
2021,census tract,1.0147.00,1.0147.00,13,NA,NA,NA
2021,census tract,1.0148.01,1.0148.01,44,NA,15,NA
2021,census tract,1.0148.02,1.0148.02,109,NA,10,NA
2021,census tract,1.0149.00,1.0149.00,35,NA,5,NA
2021,census tract,1.0150.01,1.0150.01,26,NA,9,NA
2021,census tract,1.0150.02,1.0150.02,50,NA,14,NA
2021,census tract,1.0151.00,1.0151.00,33,NA,6.75,NA
2021,census tract,1.0152.00,1.0152.00,35,NA,6.619999999999999,NA
2021,census tract,1.0153.00,1.0153.00,121,NA,10,NA
2021,census tract,1.0154.00,1.0154.00,113,NA,7,NA
2021,census tract,1.0155.00,1.0155.00,35,NA,7,NA
2021,census tract,1.0156.01,1.0156.01,24,NA,5,NA
2021,census tract,1.0157.00,1.0157.00,184,NA,12,NA
2021,census tract,1.0158.01,1.0158.01,59,NA,9,NA
2021,census tract,1.0158.02,1.0158.02,17,NA,8,NA
2021,census tract,1.0159.00,1.0159.00,66,NA,8,NA
2021,census tract,1.0160.01,1.0160.01,28,NA,13,NA
2021,census tract,1.0161.00,1.0161.00,48,NA,13,NA
2021,census tract,1.0163.00,1.0163.00,53,NA,12,NA
2021,census tract,1.0165.00,1.0165.00,61,NA,9,NA
2021,census tract,1.0166.00,1.0166.00,82,NA,5,NA
2021,census tract,1.0167.00,1.0167.00,116,NA,9,NA
2021,census tract,1.0169.00,1.0169.00,102,NA,11.5,NA
2021,census tract,1.0170.00,1.0170.00,66,NA,5.5,NA
2021,census tract,1.0171.00,1.0171.00,97,NA,10.7,NA
2021,census tract,1.0172.00,1.0172.00,108,NA,4,NA
2021,census tract,1.0173.00,1.0173.00,33,NA,6,NA
2021,census tract,1.0174.02,1.0174.02,25,NA,3,NA
2021,census tract,1.0175.00,1.0175.00,72,NA,11,NA
2021,census tract,1.0177.00,1.0177.00,21,0,7,0
2021,census tract,1.0178.00,1.0178.00,40,NA,4,NA
2021,census tract,1.0179.00,1.0179.00,54,NA,9.5,NA
2021,census tract,1.0180.00,1.0180.00,41,NA,4,NA
2021,census tract,1.0181.00,1.0181.00,35,NA,9,NA
2021,census tract,1.0182.00,1.0182.00,88,NA,5,NA
2021,census tract,1.0183.00,1.0183.00,87,NA,11,NA
2021,census tract,1.0184.00,1.0184.00,61,NA,3,NA
2021,census tract,1.0185.00,1.0185.00,27,NA,7.5,NA
2021,census tract,1.0187.00,1.0187.00,66,NA,10,NA
2021,census tract,1.0188.00,1.0188.00,90,NA,4,NA
2021,census tract,1.0189.00,1.0189.00,35,0,5.58,0
2021,census tract,1.0190.00,1.0190.00,34,NA,4,NA
2021,census tract,1.0191.00,1.0191.00,67,NA,8.17,NA
2021,census tract,1.0193.00,1.0193.00,73,NA,7,NA
2021,census tract,1.0194.00,1.0194.00,29,NA,3,NA
2021,census tract,1.0195.00,1.0195.00,59,NA,6.5,NA
2021,census tract,1.0196.00,1.0196.00,68,NA,6,NA
2021,census tract,1.0197.02,1.0197.02,17,NA,4.7700000000000005,NA
2021,census tract,1.0198.00,1.0198.00,53,NA,6.5,NA
2021,census tract,1.0199.00,1.0199.00,59,NA,10,NA
2021,census tract,1.0200.00,1.0200.00,57,15,5.5,0.2631578947368421
2021,census tract,1.0201.02,1.0201.02,22,NA,4.08,NA
2021,census tract,1.0206.00,1.0206.00,14,NA,1.36,NA
2021,census tract,1.0207.01,1.0207.01,11,NA,4.5,NA
2021,census tract,1.0208.00,1.0208.00,25,NA,4.83,NA
2021,census tract,1.0209.01,1.0209.01,34,NA,4.75,NA
2021,census tract,1.0211.00,1.0211.00,49,0,6,0
2021,census tract,1.0212.00,1.0212.00,51,NA,3,NA
2021,census tract,1.0213.03,1.0213.03,22,NA,4,NA
2021,census tract,1.0215.00,1.0215.00,24,NA,3,NA
2021,census tract,1.0216.00,1.0216.00,38,NA,6.33,NA
2021,census tract,1.0218.00,1.0218.00,92,NA,5,NA
2021,census tract,1.0219.00,1.0219.00,30,0,2.94,0
2021,census tract,1.0220.00,1.0220.00,48,NA,5.63,NA
2021,census tract,1.0221.02,1.0221.02,26,NA,6,NA
2021,census tract,1.0222.00,1.0222.00,89,NA,7,NA
2021,census tract,1.0223.01,1.0223.01,53,NA,6,NA
2021,census tract,1.0224.00,1.0224.00,40,NA,4,NA
2021,census tract,1.0225.00,1.0225.00,82,NA,6,NA
2021,census tract,1.0226.00,1.0226.00,68,NA,5,NA
2021,census tract,1.0227.00,1.0227.00,40,NA,7,NA
2021,census tract,1.0228.00,1.0228.00,64,NA,4.92,NA
2021,census tract,1.0229.00,1.0229.00,101,NA,6.17,NA
2021,census tract,1.0230.00,1.0230.00,41,NA,4.58,NA
2021,census tract,1.0231.00,1.0231.00,33,NA,4,NA
2021,census tract,1.0232.00,1.0232.00,57,NA,5,NA
2021,census tract,1.0233.00,1.0233.00,79,NA,6.99,NA
2021,census tract,1.0234.00,1.0234.00,32,NA,4,NA
2021,census tract,1.0235.01,1.0235.01,21,NA,3,NA
2021,census tract,1.0235.02,1.0235.02,13,0,1,0
2021,census tract,1.0236.00,1.0236.00,20,0,1,0
2021,census tract,1.0237.00,1.0237.00,32,NA,4,NA
2021,census tract,1.0238.01,1.0238.01,12,NA,4,NA
2021,census tract,1.0241.00,1.0241.00,46,NA,6,NA
2021,census tract,1.0242.00,1.0242.00,16,NA,3,NA
2021,census tract,1.0243.01,1.0243.01,36,NA,4,NA
2021,census tract,1.0245.00,1.0245.00,189,22,7,0.1164021164021164
2021,census tract,1.0247.00,1.0247.00,15,NA,5.5,NA
2021,census tract,1.0249.00,1.0249.00,11,NA,4,NA
2021,census tract,1.0251.00,1.0251.00,40,NA,6,NA
2021,census tract,1.0253.00,1.0253.00,132,NA,6,NA
2021,census tract,1.0257.00,1.0257.00,31,NA,6.5,NA
2021,census tract,1.0259.00,1.0259.00,41,NA,3,NA
2021,census tract,1.0261.00,1.0261.00,107,NA,6,NA
2021,census tract,1.0263.00,1.0263.00,128,NA,8,NA
2021,census tract,1.0265.00,1.0265.00,96,NA,8,NA
2021,census tract,1.0269.00,1.0269.00,118,NA,5.05,NA
2021,census tract,1.0271.00,1.0271.00,110,NA,8,NA
2021,census tract,1.0273.00,1.0273.00,50,NA,7,NA
2021,census tract,1.0277.00,1.0277.00,43,NA,5.75,NA
2021,census tract,1.0279.00,1.0279.00,71,NA,6,NA
2021,census tract,1.0283.00,1.0283.00,70,NA,5,NA
2021,census tract,1.0285.00,1.0285.00,89,NA,5,NA
2021,census tract,1.0287.00,1.0287.00,60,NA,7,NA
2021,census tract,1.0291.00,1.0291.00,98,NA,6,NA
2021,census tract,1.0293.00,1.0293.00,137,NA,6,NA
2021,census tract,1.0295.00,1.0295.00,66,NA,7,NA
2021,census tract,1.0299.00,1.0299.00,42,NA,3.13,NA
2021,census tract,1.0303.00,1.0303.00,48,NA,5.72,NA
2021,census tract,1.0307.00,1.0307.00,11,NA,2,NA
2021,census tract,1.0309.00,1.0309.00,54,NA,5,NA
2021,census tract,1.0317.03,1.0317.03,46,NA,5,NA
2021,census tract,1.0317.04,1.0317.04,33,NA,6,NA
2021,census tract,2.0019.00,2.0019.00,37,NA,3,NA
2021,census tract,2.0020.00,2.0020.00,17,NA,3,NA
2021,census tract,2.0025.00,2.0025.00,41,NA,4.5,NA
2021,census tract,2.0027.01,2.0027.01,18,NA,3,NA
2021,census tract,2.0027.02,2.0027.02,23,NA,3.92,NA
2021,census tract,2.0028.00,2.0028.00,30,NA,3.75,NA
2021,census tract,2.0031.00,2.0031.00,46,NA,6,NA
2021,census tract,2.0035.00,2.0035.00,21,NA,3.27,NA
2021,census tract,2.0039.00,2.0039.00,93,NA,4,NA
2021,census tract,2.0041.00,2.0041.00,12,NA,3.3,NA
2021,census tract,2.0042.00,2.0042.00,44,13,5,0.29545454545454547
2021,census tract,2.0043.00,2.0043.00,71,NA,5,NA
2021,census tract,2.0044.00,2.0044.00,13,0,2.11,0
2021,census tract,2.0046.00,2.0046.00,10,0,6,0
2021,census tract,2.0048.00,2.0048.00,29,NA,3.8299999999999996,NA
2021,census tract,2.0050.01,2.0050.01,16,0,3,0
2021,census tract,2.0050.02,2.0050.02,31,NA,4,NA
2021,census tract,2.0051.00,2.0051.00,38,NA,3,NA
2021,census tract,2.0054.00,2.0054.00,71,NA,4,NA
2021,census tract,2.0056.00,2.0056.00,22,NA,4,NA
2021,census tract,2.0059.02,2.0059.02,17,NA,5,NA
2021,census tract,2.0061.00,2.0061.00,29,NA,3,NA
2021,census tract,2.0062.00,2.0062.00,19,NA,5,NA
2021,census tract,2.0063.00,2.0063.00,112,NA,5,NA
2021,census tract,2.0065.00,2.0065.00,86,NA,5,NA
2021,census tract,2.0067.00,2.0067.00,73,NA,4,NA
2021,census tract,2.0069.00,2.0069.00,21,NA,2.67,NA
2021,census tract,2.0070.00,2.0070.00,19,NA,2.65,NA
2021,census tract,2.0071.00,2.0071.00,65,11,3.67,0.16923076923076924
2021,census tract,2.0072.00,2.0072.00,39,NA,3.5,NA
2021,census tract,2.0073.00,2.0073.00,30,NA,4,NA
2021,census tract,2.0076.00,2.0076.00,62,NA,2,NA
2021,census tract,2.0077.00,2.0077.00,25,NA,2,NA
2021,census tract,2.0078.00,2.0078.00,30,NA,2,NA
2021,census tract,2.0079.00,2.0079.00,42,NA,3,NA
2021,census tract,2.0083.00,2.0083.00,35,NA,2.92,NA
2021,census tract,2.0085.00,2.0085.00,32,NA,2,NA
2021,census tract,2.0087.00,2.0087.00,42,NA,3,NA
2021,census tract,2.0089.00,2.0089.00,47,NA,3,NA
2021,census tract,2.0090.00,2.0090.00,32,NA,4,NA
2021,census tract,2.0092.00,2.0092.00,66,NA,5,NA
2021,census tract,2.0093.00,2.0093.00,90,NA,3,NA
2021,census tract,2.0098.00,2.0098.00,11,NA,NA,NA
2021,census tract,2.0115.02,2.0115.02,31,NA,2.3699999999999997,NA
2021,census tract,2.0117.00,2.0117.00,24,NA,9,NA
2021,census tract,2.0119.00,2.0119.00,67,NA,6,NA
2021,census tract,2.0121.01,2.0121.01,12,NA,1.51,NA
2021,census tract,2.0123.00,2.0123.00,25,NA,1.92,NA
2021,census tract,2.0125.00,2.0125.00,22,NA,2.88,NA
2021,census tract,2.0127.01,2.0127.01,30,NA,6,NA
2021,census tract,2.0129.01,2.0129.01,61,NA,3,NA
2021,census tract,2.0131.00,2.0131.00,18,NA,3.58,NA
2021,census tract,2.0141.00,2.0141.00,50,NA,3,NA
2021,census tract,2.0145.00,2.0145.00,38,NA,4,NA
2021,census tract,2.0149.00,2.0149.00,31,NA,3.5,NA
2021,census tract,2.0151.00,2.0151.00,36,NA,3,NA
2021,census tract,2.0152.00,2.0152.00,25,NA,3.8299999999999996,NA
2021,census tract,2.0155.00,2.0155.00,38,11,3,0.2894736842105263
2021,census tract,2.0157.00,2.0157.00,11,NA,2.05,NA
2021,census tract,2.0158.00,2.0158.00,12,NA,2,NA
2021,census tract,2.0159.00,2.0159.00,17,NA,5,NA
2021,census tract,2.0161.00,2.0161.00,60,NA,3.42,NA
2021,census tract,2.0162.00,2.0162.00,17,NA,3,NA
2021,census tract,2.0166.00,2.0166.00,15,NA,2.48,NA
2021,census tract,2.0167.00,2.0167.00,28,NA,2,NA
2021,census tract,2.0169.00,2.0169.00,14,NA,3.8499999999999996,NA
2021,census tract,2.0173.00,2.0173.00,17,0,4,0
2021,census tract,2.0175.00,2.0175.00,25,NA,3,NA
2021,census tract,2.0177.01,2.0177.01,21,0,3,0
2021,census tract,2.0177.02,2.0177.02,25,NA,2,NA
2021,census tract,2.0179.01,2.0179.01,38,NA,5,NA
2021,census tract,2.0179.02,2.0179.02,12,0,3,0
2021,census tract,2.0181.01,2.0181.01,31,NA,5,NA
2021,census tract,2.0181.02,2.0181.02,40,NA,4.67,NA
2021,census tract,2.0183.01,2.0183.01,24,0,4,0
2021,census tract,2.0183.02,2.0183.02,12,NA,3,NA
2021,census tract,2.0184.00,2.0184.00,25,NA,4,NA
2021,census tract,2.0185.00,2.0185.00,61,NA,2.53,NA
2021,census tract,2.0189.00,2.0189.00,44,NA,3,NA
2021,census tract,2.0193.00,2.0193.00,12,0,2,0
2021,census tract,2.0194.00,2.0194.00,21,NA,3,NA
2021,census tract,2.0195.00,2.0195.00,38,NA,4.5,NA
2021,census tract,2.0197.00,2.0197.00,85,NA,5,NA
2021,census tract,2.0199.00,2.0199.00,34,NA,2.92,NA
2021,census tract,2.0200.00,2.0200.00,104,NA,4,NA
2021,census tract,2.0201.00,2.0201.00,10,0,4,0
2021,census tract,2.0202.00,2.0202.00,21,NA,3,NA
2021,census tract,2.0206.01,2.0206.01,15,NA,2,NA
2021,census tract,2.0209.00,2.0209.00,32,NA,3,NA
2021,census tract,2.0211.00,2.0211.00,19,0,3,0
2021,census tract,2.0212.00,2.0212.00,10,NA,NA,NA
2021,census tract,2.0213.01,2.0213.01,11,NA,3,NA
2021,census tract,2.0213.02,2.0213.02,13,NA,2,NA
2021,census tract,2.0215.01,2.0215.01,30,0,4.5,0
2021,census tract,2.0215.02,2.0215.02,28,NA,3,NA
2021,census tract,2.0216.01,2.0216.01,26,NA,2,NA
2021,census tract,2.0216.02,2.0216.02,98,21,3,0.21428571428571427
2021,census tract,2.0217.00,2.0217.00,13,0,2,0
2021,census tract,2.0218.00,2.0218.00,21,NA,2.5,NA
2021,census tract,2.0219.00,2.0219.00,20,NA,3.4,NA
2021,census tract,2.0220.00,2.0220.00,13,0,2,0
2021,census tract,2.0221.01,2.0221.01,37,NA,3,NA
2021,census tract,2.0221.02,2.0221.02,26,0,3.3,0
2021,census tract,2.0222.00,2.0222.00,68,NA,3,NA
2021,census tract,2.0223.00,2.0223.00,47,NA,6.609999999999999,NA
2021,census tract,2.0224.01,2.0224.01,34,0,5.13,0
2021,census tract,2.0224.03,2.0224.03,21,NA,5.75,NA
2021,census tract,2.0224.04,2.0224.04,50,NA,4.75,NA
2021,census tract,2.0225.00,2.0225.00,43,NA,4.5,NA
2021,census tract,2.0227.01,2.0227.01,31,NA,4,NA
2021,census tract,2.0227.02,2.0227.02,25,0,4,0
2021,census tract,2.0228.00,2.0228.00,25,0,3,0
2021,census tract,2.0229.02,2.0229.02,26,NA,3,NA
2021,census tract,2.0231.00,2.0231.00,33,NA,3,NA
2021,census tract,2.0232.00,2.0232.00,26,NA,3,NA
2021,census tract,2.0233.01,2.0233.01,14,NA,2.58,NA
2021,census tract,2.0235.01,2.0235.01,34,NA,4.17,NA
2021,census tract,2.0235.02,2.0235.02,33,0,4,0
2021,census tract,2.0236.00,2.0236.00,35,NA,3,NA
2021,census tract,2.0237.02,2.0237.02,34,NA,5,NA
2021,census tract,2.0237.03,2.0237.03,78,NA,6,NA
2021,census tract,2.0237.04,2.0237.04,54,0,3.59,0
2021,census tract,2.0238.00,2.0238.00,22,NA,2.3099999999999996,NA
2021,census tract,2.0239.00,2.0239.00,87,NA,4,NA
2021,census tract,2.0240.00,2.0240.00,14,NA,NA,NA
2021,census tract,2.0241.00,2.0241.00,63,NA,4,NA
2021,census tract,2.0243.00,2.0243.00,43,NA,5,NA
2021,census tract,2.0244.00,2.0244.00,16,NA,2,NA
2021,census tract,2.0245.02,2.0245.02,21,0,4,0
2021,census tract,2.0248.00,2.0248.00,37,NA,3,NA
2021,census tract,2.0250.00,2.0250.00,28,NA,3,NA
2021,census tract,2.0251.00,2.0251.00,51,NA,4,NA
2021,census tract,2.0252.00,2.0252.00,35,NA,3,NA
2021,census tract,2.0253.00,2.0253.00,24,0,5.5,0
2021,census tract,2.0254.00,2.0254.00,13,0,28,0
2021,census tract,2.0255.00,2.0255.00,11,0,5,0
2021,census tract,2.0256.00,2.0256.00,15,NA,11.5,NA
2021,census tract,2.0263.00,2.0263.00,22,0,8.5,0
2021,census tract,2.0264.00,2.0264.00,17,NA,2.5,NA
2021,census tract,2.0265.00,2.0265.00,43,NA,5,NA
2021,census tract,2.0266.01,2.0266.01,18,NA,19,NA
2021,census tract,2.0266.02,2.0266.02,60,NA,4,NA
2021,census tract,2.0267.01,2.0267.01,26,NA,2,NA
2021,census tract,2.0273.00,2.0273.00,26,NA,2,NA
2021,census tract,2.0277.00,2.0277.00,28,0,4.04,0
2021,census tract,2.0279.00,2.0279.00,26,NA,3,NA
2021,census tract,2.0283.00,2.0283.00,65,NA,4.21,NA
2021,census tract,2.0285.00,2.0285.00,19,NA,3,NA
2021,census tract,2.0287.00,2.0287.00,15,0,3.8299999999999996,0
2021,census tract,2.0288.00,2.0288.00,29,NA,3.9,NA
2021,census tract,2.0289.00,2.0289.00,111,NA,5,NA
2021,census tract,2.0293.02,2.0293.02,40,NA,4,NA
2021,census tract,2.0295.00,2.0295.00,68,NA,4,NA
2021,census tract,2.0296.00,2.0296.00,25,NA,1.42,NA
2021,census tract,2.0297.00,2.0297.00,31,NA,6,NA
2021,census tract,2.0300.00,2.0300.00,15,NA,4,NA
2021,census tract,2.0302.00,2.0302.00,19,0,3,0
2021,census tract,2.0310.00,2.0310.00,11,NA,NA,NA
2021,census tract,2.0312.00,2.0312.00,34,NA,4,NA
2021,census tract,2.0323.00,2.0323.00,13,NA,3,NA
2021,census tract,2.0326.00,2.0326.00,23,NA,3,NA
2021,census tract,2.0328.00,2.0328.00,27,NA,3.06,NA
2021,census tract,2.0330.00,2.0330.00,66,NA,3,NA
2021,census tract,2.0332.02,2.0332.02,20,NA,5,NA
2021,census tract,2.0336.00,2.0336.00,55,NA,4,NA
2021,census tract,2.0337.00,2.0337.00,46,NA,3.38,NA
2021,census tract,2.0338.00,2.0338.00,39,NA,3.51,NA
2021,census tract,2.0340.00,2.0340.00,12,0,2,0
2021,census tract,2.0342.00,2.0342.00,16,NA,2,NA
2021,census tract,2.0344.00,2.0344.00,13,NA,NA,NA
2021,census tract,2.0348.00,2.0348.00,23,0,2.17,0
2021,census tract,2.0350.00,2.0350.00,13,NA,3,NA
2021,census tract,2.0358.00,2.0358.00,18,NA,2.04,NA
2021,census tract,2.0359.00,2.0359.00,19,0,6,0
2021,census tract,2.0361.00,2.0361.00,10,NA,NA,NA
2021,census tract,2.0363.00,2.0363.00,36,NA,3.67,NA
2021,census tract,2.0364.00,2.0364.00,29,NA,2,NA
2021,census tract,2.0365.01,2.0365.01,43,NA,3,NA
2021,census tract,2.0365.02,2.0365.02,28,NA,3.13,NA
2021,census tract,2.0369.01,2.0369.01,28,NA,4,NA
2021,census tract,2.0370.00,2.0370.00,18,NA,3.58,NA
2021,census tract,2.0371.00,2.0371.00,32,NA,3,NA
2021,census tract,2.0372.00,2.0372.00,12,NA,2.5,NA
2021,census tract,2.0373.00,2.0373.00,60,NA,4,NA
2021,census tract,2.0374.00,2.0374.00,34,NA,2,NA
2021,census tract,2.0375.04,2.0375.04,33,NA,2.8299999999999996,NA
2021,census tract,2.0378.00,2.0378.00,18,NA,4,NA
2021,census tract,2.0379.00,2.0379.00,15,NA,3.42,NA
2021,census tract,2.0380.00,2.0380.00,34,NA,3,NA
2021,census tract,2.0381.00,2.0381.00,46,NA,4,NA
2021,census tract,2.0383.01,2.0383.01,27,NA,5.83,NA
2021,census tract,2.0383.02,2.0383.02,26,NA,2,NA
2021,census tract,2.0385.00,2.0385.00,18,0,3.79,0
2021,census tract,2.0386.00,2.0386.00,46,NA,3,NA
2021,census tract,2.0387.00,2.0387.00,42,NA,3.19,NA
2021,census tract,2.0389.00,2.0389.00,71,NA,3.3299999999999996,NA
2021,census tract,2.0390.00,2.0390.00,27,0,2,0
2021,census tract,2.0391.00,2.0391.00,110,NA,3,NA
2021,census tract,2.0392.00,2.0392.00,19,NA,3.92,NA
2021,census tract,2.0393.00,2.0393.00,15,0,4,0
2021,census tract,2.0394.00,2.0394.00,10,0,NA,0
2021,census tract,2.0395.00,2.0395.00,44,NA,2.4,NA
2021,census tract,2.0396.00,2.0396.00,44,NA,2.92,NA
2021,census tract,2.0397.00,2.0397.00,36,NA,4.41,NA
2021,census tract,2.0399.01,2.0399.01,51,NA,4,NA
2021,census tract,2.0399.02,2.0399.02,61,NA,5.63,NA
2021,census tract,2.0401.00,2.0401.00,53,NA,4,NA
2021,census tract,2.0403.02,2.0403.02,13,NA,2.8499999999999996,NA
2021,census tract,2.0403.03,2.0403.03,11,NA,3,NA
2021,census tract,2.0403.04,2.0403.04,22,NA,5,NA
2021,census tract,2.0404.00,2.0404.00,11,0,3,0
2021,census tract,2.0405.01,2.0405.01,12,0,4,0
2021,census tract,2.0405.02,2.0405.02,13,NA,4.5,NA
2021,census tract,2.0406.00,2.0406.00,50,NA,2.58,NA
2021,census tract,2.0407.01,2.0407.01,45,NA,3,NA
2021,census tract,2.0407.02,2.0407.02,36,NA,3,NA
2021,census tract,2.0408.00,2.0408.00,18,0,2.5,0
2021,census tract,2.0411.00,2.0411.00,28,NA,3.67,NA
2021,census tract,2.0413.00,2.0413.00,20,NA,3,NA
2021,census tract,2.0414.00,2.0414.00,34,NA,3,NA
2021,census tract,2.0415.00,2.0415.00,10,0,2,0
2021,census tract,2.0418.00,2.0418.00,40,NA,3,NA
2021,census tract,2.0419.00,2.0419.00,23,NA,5,NA
2021,census tract,2.0420.00,2.0420.00,26,NA,2,NA
2021,census tract,2.0421.00,2.0421.00,52,NA,4,NA
2021,census tract,2.0422.00,2.0422.00,44,NA,3,NA
2021,census tract,2.0423.00,2.0423.00,57,NA,3.17,NA
2021,census tract,2.0424.00,2.0424.00,14,0,3,0
2021,census tract,2.0425.00,2.0425.00,52,NA,3,NA
2021,census tract,2.0429.02,2.0429.02,28,NA,4,NA
2021,census tract,2.0431.00,2.0431.00,66,NA,3,NA
2021,census tract,2.0434.00,2.0434.00,50,NA,3.5,NA
2021,census tract,2.0442.00,2.0442.00,13,NA,NA,NA
2021,census tract,2.0449.02,2.0449.02,11,NA,NA,NA
2021,census tract,2.0462.01,2.0462.01,217,NA,3.42,NA
2021,census tract,2.0462.02,2.0462.02,50,NA,2,NA
2021,census tract,2.0484.00,2.0484.00,21,NA,3.21,NA
2021,census tract,2.0516.00,2.0516.00,29,0,2,0
2021,census tract,3.0000.00,3.0000.00,17,11,NA,0.6470588235294118
2021,census tract,3.0001.00,3.0001.00,25,NA,4.64,NA
2021,census tract,3.0002.00,3.0002.00,63,NA,2,NA
2021,census tract,3.0005.01,3.0005.01,42,NA,9,NA
2021,census tract,3.0005.02,3.0005.02,50,NA,8,NA
2021,census tract,3.0007.00,3.0007.00,41,NA,5,NA
2021,census tract,3.0009.00,3.0009.00,73,NA,11,NA
2021,census tract,3.0011.00,3.0011.00,96,NA,11,NA
2021,census tract,3.0015.00,3.0015.00,72,NA,6,NA
2021,census tract,3.0018.00,3.0018.00,106,NA,3,NA
2021,census tract,3.0020.00,3.0020.00,25,NA,2.5,NA
2021,census tract,3.0021.00,3.0021.00,139,NA,41,NA
2021,census tract,3.0022.00,3.0022.00,33,NA,2,NA
2021,census tract,3.0033.00,3.0033.00,60,NA,5,NA
2021,census tract,3.0035.00,3.0035.00,53,NA,6,NA
2021,census tract,3.0037.00,3.0037.00,125,24,7,0.192
2021,census tract,3.0039.00,3.0039.00,48,NA,5,NA
2021,census tract,3.0041.00,3.0041.00,47,NA,5,NA
2021,census tract,3.0043.00,3.0043.00,69,NA,6,NA
2021,census tract,3.0045.00,3.0045.00,39,NA,6,NA
2021,census tract,3.0051.00,3.0051.00,24,NA,3.5,NA
2021,census tract,3.0053.00,3.0053.00,62,NA,1,NA
2021,census tract,3.0054.00,3.0054.00,17,NA,6,NA
2021,census tract,3.0056.01,3.0056.01,13,NA,3,NA
2021,census tract,3.0056.02,3.0056.02,10,0,4,0
2021,census tract,3.0058.00,3.0058.00,58,NA,3,NA
2021,census tract,3.0059.00,3.0059.00,23,NA,3,NA
2021,census tract,3.0060.00,3.0060.00,31,NA,4,NA
2021,census tract,3.0062.00,3.0062.00,36,NA,4.17,NA
2021,census tract,3.0064.00,3.0064.00,23,NA,4,NA
2021,census tract,3.0065.00,3.0065.00,24,NA,6,NA
2021,census tract,3.0066.00,3.0066.00,30,NA,3.94,NA
2021,census tract,3.0067.00,3.0067.00,24,NA,6,NA
2021,census tract,3.0068.00,3.0068.00,45,NA,3,NA
2021,census tract,3.0069.00,3.0069.00,41,NA,8.5,NA
2021,census tract,3.0071.00,3.0071.00,12,NA,2,NA
2021,census tract,3.0074.00,3.0074.00,26,NA,4.5,NA
2021,census tract,3.0075.00,3.0075.00,25,NA,6.5,NA
2021,census tract,3.0076.00,3.0076.00,39,NA,5,NA
2021,census tract,3.0077.00,3.0077.00,44,NA,4,NA
2021,census tract,3.0078.00,3.0078.00,38,NA,3,NA
2021,census tract,3.0080.00,3.0080.00,24,NA,5,NA
2021,census tract,3.0082.00,3.0082.00,19,NA,3.96,NA
2021,census tract,3.0084.00,3.0084.00,58,NA,2.5,NA
2021,census tract,3.0088.00,3.0088.00,15,NA,5,NA
2021,census tract,3.0090.00,3.0090.00,31,NA,2,NA
2021,census tract,3.0092.00,3.0092.00,27,NA,2,NA
2021,census tract,3.0094.00,3.0094.00,23,NA,7.5,NA
2021,census tract,3.0096.00,3.0096.00,35,NA,5,NA
2021,census tract,3.0098.00,3.0098.00,30,NA,4,NA
2021,census tract,3.0100.00,3.0100.00,36,NA,5,NA
2021,census tract,3.0101.00,3.0101.00,57,NA,2,NA
2021,census tract,3.0102.00,3.0102.00,24,NA,4.06,NA
2021,census tract,3.0104.00,3.0104.00,95,NA,4.23,NA
2021,census tract,3.0106.00,3.0106.00,68,NA,4,NA
2021,census tract,3.0108.00,3.0108.00,49,NA,4.07,NA
2021,census tract,3.0110.00,3.0110.00,14,NA,2,NA
2021,census tract,3.0112.00,3.0112.00,15,NA,4,NA
2021,census tract,3.0114.00,3.0114.00,11,0,3,0
2021,census tract,3.0116.00,3.0116.00,18,NA,2.59,NA
2021,census tract,3.0117.00,3.0117.00,49,NA,2,NA
2021,census tract,3.0118.00,3.0118.00,75,NA,3,NA
2021,census tract,3.0119.00,3.0119.00,63,NA,3.7800000000000002,NA
2021,census tract,3.0120.00,3.0120.00,57,NA,3,NA
2021,census tract,3.0121.00,3.0121.00,35,NA,4,NA
2021,census tract,3.0122.00,3.0122.00,36,NA,4,NA
2021,census tract,3.0126.00,3.0126.00,19,0,3,0
2021,census tract,3.0127.00,3.0127.00,25,NA,24,NA
2021,census tract,3.0129.01,3.0129.01,22,NA,6.84,NA
2021,census tract,3.0129.02,3.0129.02,42,NA,6,NA
2021,census tract,3.0130.00,3.0130.00,42,NA,3,NA
2021,census tract,3.0131.00,3.0131.00,36,NA,7.92,NA
2021,census tract,3.0132.00,3.0132.00,13,NA,3,NA
2021,census tract,3.0133.00,3.0133.00,42,NA,6.5,NA
2021,census tract,3.0134.00,3.0134.00,21,NA,3.79,NA
2021,census tract,3.0135.00,3.0135.00,22,NA,4.5,NA
2021,census tract,3.0136.00,3.0136.00,24,NA,3.67,NA
2021,census tract,3.0137.00,3.0137.00,35,NA,5,NA
2021,census tract,3.0138.00,3.0138.00,43,NA,4,NA
2021,census tract,3.0139.00,3.0139.00,38,NA,4,NA
2021,census tract,3.0140.00,3.0140.00,10,NA,NA,NA
2021,census tract,3.0141.00,3.0141.00,34,NA,4,NA
2021,census tract,3.0142.00,3.0142.00,29,NA,5,NA
2021,census tract,3.0143.00,3.0143.00,30,NA,4,NA
2021,census tract,3.0145.00,3.0145.00,38,NA,4,NA
2021,census tract,3.0149.00,3.0149.00,27,NA,4,NA
2021,census tract,3.0151.00,3.0151.00,22,NA,6,NA
2021,census tract,3.0153.00,3.0153.00,24,NA,7.25,NA
2021,census tract,3.0155.00,3.0155.00,27,NA,5,NA
2021,census tract,3.0157.00,3.0157.00,54,NA,6.96,NA
2021,census tract,3.0159.00,3.0159.00,38,NA,6,NA
2021,census tract,3.0160.00,3.0160.00,102,NA,4.67,NA
2021,census tract,3.0161.00,3.0161.00,36,NA,10,NA
2021,census tract,3.0162.00,3.0162.00,13,NA,3.7600000000000002,NA
2021,census tract,3.0163.00,3.0163.00,21,NA,4,NA
2021,census tract,3.0167.00,3.0167.00,11,0,NA,0
2021,census tract,3.0169.00,3.0169.00,33,NA,5,NA
2021,census tract,3.0172.00,3.0172.00,13,NA,3,NA
2021,census tract,3.0178.00,3.0178.00,23,NA,3,NA
2021,census tract,3.0180.00,3.0180.00,10,0,4,0
2021,census tract,3.0181.00,3.0181.00,20,NA,7,NA
2021,census tract,3.0183.00,3.0183.00,18,NA,4,NA
2021,census tract,3.0187.00,3.0187.00,10,NA,NA,NA
2021,census tract,3.0190.00,3.0190.00,21,NA,3,NA
2021,census tract,3.0191.00,3.0191.00,28,NA,3,NA
2021,census tract,3.0192.00,3.0192.00,17,NA,2.71,NA
2021,census tract,3.0193.00,3.0193.00,23,0,4,0
2021,census tract,3.0194.00,3.0194.00,20,NA,2.27,NA
2021,census tract,3.0195.00,3.0195.00,18,NA,6,NA
2021,census tract,3.0196.00,3.0196.00,20,NA,3,NA
2021,census tract,3.0198.00,3.0198.00,11,0,NA,0
2021,census tract,3.0199.00,3.0199.00,41,NA,3,NA
2021,census tract,3.0200.00,3.0200.00,15,NA,3.17,NA
2021,census tract,3.0201.00,3.0201.00,24,NA,5.29,NA
2021,census tract,3.0203.00,3.0203.00,19,NA,1,NA
2021,census tract,3.0205.00,3.0205.00,18,NA,4.79,NA
2021,census tract,3.0210.00,3.0210.00,15,NA,3.5,NA
2021,census tract,3.0211.00,3.0211.00,10,NA,NA,NA
2021,census tract,3.0212.00,3.0212.00,15,NA,2.22,NA
2021,census tract,3.0213.00,3.0213.00,20,NA,5,NA
2021,census tract,3.0214.00,3.0214.00,19,NA,1,NA
2021,census tract,3.0215.00,3.0215.00,20,NA,5,NA
2021,census tract,3.0217.00,3.0217.00,21,NA,6,NA
2021,census tract,3.0218.00,3.0218.00,16,NA,3,NA
2021,census tract,3.0219.00,3.0219.00,22,NA,4.42,NA
2021,census tract,3.0220.00,3.0220.00,86,NA,3,NA
2021,census tract,3.0222.00,3.0222.00,42,NA,4,NA
2021,census tract,3.0224.00,3.0224.00,20,NA,3,NA
2021,census tract,3.0226.00,3.0226.00,24,NA,2,NA
2021,census tract,3.0227.00,3.0227.00,55,NA,3,NA
2021,census tract,3.0228.00,3.0228.00,20,NA,2,NA
2021,census tract,3.0229.00,3.0229.00,11,0,2,0
2021,census tract,3.0230.00,3.0230.00,29,NA,2,NA
2021,census tract,3.0232.00,3.0232.00,34,NA,3.5,NA
2021,census tract,3.0233.00,3.0233.00,19,NA,4,NA
2021,census tract,3.0234.00,3.0234.00,38,NA,4,NA
2021,census tract,3.0235.00,3.0235.00,15,NA,3.64,NA
2021,census tract,3.0236.00,3.0236.00,27,NA,4,NA
2021,census tract,3.0238.00,3.0238.00,10,NA,NA,NA
2021,census tract,3.0240.00,3.0240.00,11,NA,NA,NA
2021,census tract,3.0241.00,3.0241.00,16,NA,5,NA
2021,census tract,3.0242.00,3.0242.00,10,NA,NA,NA
2021,census tract,3.0243.00,3.0243.00,23,NA,4,NA
2021,census tract,3.0244.00,3.0244.00,11,0,3,0
2021,census tract,3.0245.00,3.0245.00,21,NA,3,NA
2021,census tract,3.0247.00,3.0247.00,52,NA,4,NA
2021,census tract,3.0248.00,3.0248.00,28,NA,2,NA
2021,census tract,3.0249.00,3.0249.00,16,NA,4,NA
2021,census tract,3.0250.00,3.0250.00,16,NA,NA,NA
2021,census tract,3.0252.00,3.0252.00,40,NA,3,NA
2021,census tract,3.0253.00,3.0253.00,13,NA,3,NA
2021,census tract,3.0254.00,3.0254.00,16,NA,3,NA
2021,census tract,3.0256.00,3.0256.00,22,NA,2.04,NA
2021,census tract,3.0257.00,3.0257.00,18,NA,2,NA
2021,census tract,3.0258.00,3.0258.00,24,NA,2.42,NA
2021,census tract,3.0260.00,3.0260.00,17,NA,5,NA
2021,census tract,3.0261.00,3.0261.00,17,NA,3,NA
2021,census tract,3.0264.00,3.0264.00,26,NA,3,NA
2021,census tract,3.0266.00,3.0266.00,13,NA,3.3299999999999996,NA
2021,census tract,3.0269.00,3.0269.00,23,NA,5,NA
2021,census tract,3.0271.00,3.0271.00,14,NA,4,NA
2021,census tract,3.0272.00,3.0272.00,16,NA,3,NA
2021,census tract,3.0273.00,3.0273.00,21,NA,2,NA
2021,census tract,3.0274.00,3.0274.00,19,NA,3,NA
2021,census tract,3.0275.00,3.0275.00,30,NA,3,NA
2021,census tract,3.0276.00,3.0276.00,40,NA,3,NA
2021,census tract,3.0278.00,3.0278.00,43,NA,4,NA
2021,census tract,3.0280.00,3.0280.00,19,NA,2,NA
2021,census tract,3.0281.00,3.0281.00,28,NA,2,NA
2021,census tract,3.0282.00,3.0282.00,13,NA,NA,NA
2021,census tract,3.0283.00,3.0283.00,21,NA,3,NA
2021,census tract,3.0284.00,3.0284.00,39,NA,33.5,NA
2021,census tract,3.0286.00,3.0286.00,10,0,4,0
2021,census tract,3.0287.00,3.0287.00,11,0,3,0
2021,census tract,3.0288.00,3.0288.00,54,NA,4,NA
2021,census tract,3.0289.00,3.0289.00,11,NA,3,NA
2021,census tract,3.0290.00,3.0290.00,39,NA,5,NA
2021,census tract,3.0291.00,3.0291.00,67,NA,4,NA
2021,census tract,3.0292.00,3.0292.00,17,NA,3,NA
2021,census tract,3.0294.00,3.0294.00,19,NA,8.5,NA
2021,census tract,3.0295.00,3.0295.00,20,NA,4,NA
2021,census tract,3.0296.00,3.0296.00,47,NA,4,NA
2021,census tract,3.0298.00,3.0298.00,26,NA,4,NA
2021,census tract,3.0300.00,3.0300.00,32,NA,3,NA
2021,census tract,3.0301.00,3.0301.00,14,0,3.17,0
2021,census tract,3.0303.00,3.0303.00,13,NA,2.5,NA
2021,census tract,3.0305.00,3.0305.00,18,NA,2.5,NA
2021,census tract,3.0309.00,3.0309.00,14,NA,3,NA
2021,census tract,3.0311.00,3.0311.00,10,0,NA,0
2021,census tract,3.0315.00,3.0315.00,38,NA,3.13,NA
2021,census tract,3.0317.01,3.0317.01,15,0,3,0
2021,census tract,3.0317.02,3.0317.02,17,NA,6.25,NA
2021,census tract,3.0319.00,3.0319.00,17,NA,2.79,NA
2021,census tract,3.0321.00,3.0321.00,28,NA,3,NA
2021,census tract,3.0323.00,3.0323.00,13,NA,3.5,NA
2021,census tract,3.0325.00,3.0325.00,18,NA,4,NA
2021,census tract,3.0326.00,3.0326.00,33,NA,3,NA
2021,census tract,3.0327.00,3.0327.00,30,NA,3,NA
2021,census tract,3.0329.00,3.0329.00,34,NA,3.2800000000000002,NA
2021,census tract,3.0331.00,3.0331.00,25,0,2,0
2021,census tract,3.0333.00,3.0333.00,14,0,4.5,0
2021,census tract,3.0337.00,3.0337.00,10,0,NA,0
2021,census tract,3.0339.00,3.0339.00,15,NA,3,NA
2021,census tract,3.0342.00,3.0342.00,25,NA,3,NA
2021,census tract,3.0343.00,3.0343.00,11,0,4,0
2021,census tract,3.0345.00,3.0345.00,20,NA,3.21,NA
2021,census tract,3.0348.00,3.0348.00,42,0,2,0
2021,census tract,3.0349.00,3.0349.00,32,NA,3.5,NA
2021,census tract,3.0350.00,3.0350.00,15,NA,24,NA
2021,census tract,3.0351.00,3.0351.00,79,NA,3,NA
2021,census tract,3.0352.00,3.0352.00,19,NA,1,NA
2021,census tract,3.0354.00,3.0354.00,34,NA,4.619999999999999,NA
2021,census tract,3.0355.00,3.0355.00,44,NA,3,NA
2021,census tract,3.0356.02,3.0356.02,15,NA,4,NA
2021,census tract,3.0359.00,3.0359.00,10,0,NA,0
2021,census tract,3.0360.01,3.0360.01,25,NA,6,NA
2021,census tract,3.0360.02,3.0360.02,38,NA,6,NA
2021,census tract,3.0361.00,3.0361.00,15,NA,3,NA
2021,census tract,3.0362.00,3.0362.00,82,NA,4,NA
2021,census tract,3.0363.00,3.0363.00,14,NA,2.92,NA
2021,census tract,3.0364.00,3.0364.00,12,0,4,0
2021,census tract,3.0366.00,3.0366.00,16,NA,6,NA
2021,census tract,3.0369.00,3.0369.00,11,NA,NA,NA
2021,census tract,3.0373.00,3.0373.00,16,0,3.13,0
2021,census tract,3.0374.02,3.0374.02,16,NA,3.5,NA
2021,census tract,3.0375.00,3.0375.00,15,NA,NA,NA
2021,census tract,3.0377.00,3.0377.00,18,NA,4.159999999999999,NA
2021,census tract,3.0386.00,3.0386.00,60,NA,50,NA
2021,census tract,3.0387.00,3.0387.00,17,NA,2,NA
2021,census tract,3.0389.00,3.0389.00,32,NA,3,NA
2021,census tract,3.0391.00,3.0391.00,20,NA,3,NA
2021,census tract,3.0392.00,3.0392.00,24,NA,3,NA
2021,census tract,3.0393.00,3.0393.00,15,NA,2.09,NA
2021,census tract,3.0394.00,3.0394.00,27,NA,4.79,NA
2021,census tract,3.0395.00,3.0395.00,20,NA,2.71,NA
2021,census tract,3.0396.00,3.0396.00,10,NA,NA,NA
2021,census tract,3.0397.00,3.0397.00,25,NA,3,NA
2021,census tract,3.0398.00,3.0398.00,24,NA,3.5,NA
2021,census tract,3.0400.00,3.0400.00,24,NA,3,NA
2021,census tract,3.0401.00,3.0401.00,22,NA,2.11,NA
2021,census tract,3.0402.00,3.0402.00,21,NA,3.07,NA
2021,census tract,3.0404.00,3.0404.00,16,NA,2.66,NA
2021,census tract,3.0405.00,3.0405.00,11,0,NA,0
2021,census tract,3.0408.00,3.0408.00,18,NA,3,NA
2021,census tract,3.0412.00,3.0412.00,21,NA,3,NA
2021,census tract,3.0418.00,3.0418.00,40,NA,4,NA
2021,census tract,3.0420.00,3.0420.00,20,NA,5,NA
2021,census tract,3.0421.00,3.0421.00,16,NA,2,NA
2021,census tract,3.0422.00,3.0422.00,38,NA,3,NA
2021,census tract,3.0423.00,3.0423.00,14,NA,2.06,NA
2021,census tract,3.0424.00,3.0424.00,14,NA,2.29,NA
2021,census tract,3.0425.00,3.0425.00,10,NA,NA,NA
2021,census tract,3.0426.00,3.0426.00,21,NA,4,NA
2021,census tract,3.0427.00,3.0427.00,35,NA,3,NA
2021,census tract,3.0428.00,3.0428.00,12,NA,3,NA
2021,census tract,3.0429.00,3.0429.00,53,NA,3.8299999999999996,NA
2021,census tract,3.0430.00,3.0430.00,17,NA,3,NA
2021,census tract,3.0431.00,3.0431.00,60,NA,4,NA
2021,census tract,3.0432.00,3.0432.00,22,NA,3,NA
2021,census tract,3.0433.00,3.0433.00,23,NA,3.7800000000000002,NA
2021,census tract,3.0434.00,3.0434.00,12,NA,2,NA
2021,census tract,3.0435.00,3.0435.00,15,NA,2,NA
2021,census tract,3.0436.00,3.0436.00,24,0,3.32,0
2021,census tract,3.0438.00,3.0438.00,22,NA,2,NA
2021,census tract,3.0439.00,3.0439.00,40,NA,3,NA
2021,census tract,3.0441.00,3.0441.00,34,NA,3,NA
2021,census tract,3.0443.00,3.0443.00,25,NA,3.5,NA
2021,census tract,3.0445.00,3.0445.00,32,NA,3,NA
2021,census tract,3.0447.00,3.0447.00,43,NA,4,NA
2021,census tract,3.0449.00,3.0449.00,47,NA,2,NA
2021,census tract,3.0453.00,3.0453.00,49,NA,3,NA
2021,census tract,3.0454.00,3.0454.00,26,NA,2,NA
2021,census tract,3.0456.00,3.0456.00,19,NA,3.82,NA
2021,census tract,3.0462.01,3.0462.01,10,0,2,0
2021,census tract,3.0474.00,3.0474.00,17,NA,4,NA
2021,census tract,3.0476.00,3.0476.00,25,NA,3,NA
2021,census tract,3.0477.00,3.0477.00,11,NA,3,NA
2021,census tract,3.0478.00,3.0478.00,26,NA,3,NA
2021,census tract,3.0480.00,3.0480.00,16,NA,2,NA
2021,census tract,3.0481.00,3.0481.00,21,NA,2,NA
2021,census tract,3.0484.00,3.0484.00,15,0,4,0
2021,census tract,3.0485.00,3.0485.00,73,NA,2,NA
2021,census tract,3.0486.00,3.0486.00,17,NA,3,NA
2021,census tract,3.0488.00,3.0488.00,12,0,3,0
2021,census tract,3.0490.00,3.0490.00,11,0,3,0
2021,census tract,3.0491.00,3.0491.00,103,NA,5,NA
2021,census tract,3.0492.00,3.0492.00,15,NA,11,NA
2021,census tract,3.0493.00,3.0493.00,36,NA,4,NA
2021,census tract,3.0494.00,3.0494.00,15,0,4,0
2021,census tract,3.0495.00,3.0495.00,55,NA,4.67,NA
2021,census tract,3.0496.00,3.0496.00,33,NA,3.94,NA
2021,census tract,3.0497.00,3.0497.00,36,NA,5.42,NA
2021,census tract,3.0501.00,3.0501.00,22,NA,4,NA
2021,census tract,3.0503.00,3.0503.00,13,NA,4,NA
2021,census tract,3.0504.00,3.0504.00,12,NA,22,NA
2021,census tract,3.0505.00,3.0505.00,24,NA,3,NA
2021,census tract,3.0506.00,3.0506.00,16,0,NA,0
2021,census tract,3.0507.00,3.0507.00,27,NA,4,NA
2021,census tract,3.0508.01,3.0508.01,34,NA,5,NA
2021,census tract,3.0508.03,3.0508.03,16,0,3.7600000000000002,0
2021,census tract,3.0510.01,3.0510.01,10,NA,NA,NA
2021,census tract,3.0510.02,3.0510.02,48,NA,7,NA
2021,census tract,3.0511.00,3.0511.00,20,NA,2.14,NA
2021,census tract,3.0513.00,3.0513.00,57,NA,3,NA
2021,census tract,3.0514.00,3.0514.00,12,NA,4.5,NA
2021,census tract,3.0515.00,3.0515.00,19,NA,5,NA
2021,census tract,3.0516.02,3.0516.02,14,NA,3,NA
2021,census tract,3.0517.00,3.0517.00,34,NA,5,NA
2021,census tract,3.0518.00,3.0518.00,13,0,2,0
2021,census tract,3.0519.00,3.0519.00,49,NA,4,NA
2021,census tract,3.0520.00,3.0520.00,27,NA,4.930000000000001,NA
2021,census tract,3.0523.00,3.0523.00,49,NA,6,NA
2021,census tract,3.0525.00,3.0525.00,57,NA,3.94,NA
2021,census tract,3.0526.00,3.0526.00,27,NA,3,NA
2021,census tract,3.0527.00,3.0527.00,35,NA,4,NA
2021,census tract,3.0529.00,3.0529.00,15,NA,2,NA
2021,census tract,3.0530.00,3.0530.00,27,NA,2.5,NA
2021,census tract,3.0531.00,3.0531.00,22,NA,3,NA
2021,census tract,3.0533.00,3.0533.00,38,NA,2,NA
2021,census tract,3.0534.00,3.0534.00,28,NA,3,NA
2021,census tract,3.0535.00,3.0535.00,23,NA,2.5,NA
2021,census tract,3.0538.00,3.0538.00,41,NA,3.6,NA
2021,census tract,3.0542.00,3.0542.00,10,NA,NA,NA
2021,census tract,3.0543.00,3.0543.00,33,19,NA,0.5757575757575758
2021,census tract,3.0549.00,3.0549.00,44,NA,4,NA
2021,census tract,3.0550.00,3.0550.00,14,NA,6,NA
2021,census tract,3.0551.00,3.0551.00,55,NA,8,NA
2021,census tract,3.0552.00,3.0552.00,57,NA,5,NA
2021,census tract,3.0553.00,3.0553.00,105,NA,9,NA
2021,census tract,3.0554.00,3.0554.00,92,NA,4,NA
2021,census tract,3.0555.00,3.0555.00,149,NA,6.92,NA
2021,census tract,3.0557.00,3.0557.00,36,NA,6,NA
2021,census tract,3.0561.00,3.0561.00,79,NA,6,NA
2021,census tract,3.0563.00,3.0563.00,53,NA,3.04,NA
2021,census tract,3.0564.00,3.0564.00,12,NA,2.5,NA
2021,census tract,3.0565.00,3.0565.00,72,NA,29.5,NA
2021,census tract,3.0569.00,3.0569.00,50,NA,6,NA
2021,census tract,3.0570.00,3.0570.00,47,NA,3,NA
2021,census tract,3.0571.00,3.0571.00,44,NA,3,NA
2021,census tract,3.0573.00,3.0573.00,13,0,2,0
2021,census tract,3.0574.00,3.0574.00,11,0,4,0
2021,census tract,3.0575.00,3.0575.00,41,NA,5,NA
2021,census tract,3.0576.00,3.0576.00,25,NA,3,NA
2021,census tract,3.0578.00,3.0578.00,62,NA,5,NA
2021,census tract,3.0579.00,3.0579.00,24,NA,3,NA
2021,census tract,3.0580.00,3.0580.00,28,NA,3.15,NA
2021,census tract,3.0582.00,3.0582.00,33,NA,4,NA
2021,census tract,3.0584.00,3.0584.00,10,0,NA,0
2021,census tract,3.0588.00,3.0588.00,24,NA,3,NA
2021,census tract,3.0589.00,3.0589.00,27,NA,2,NA
2021,census tract,3.0590.00,3.0590.00,25,NA,4,NA
2021,census tract,3.0591.00,3.0591.00,14,NA,4,NA
2021,census tract,3.0592.00,3.0592.00,23,NA,3.14,NA
2021,census tract,3.0593.00,3.0593.00,13,0,2,0
2021,census tract,3.0594.01,3.0594.01,29,NA,3,NA
2021,census tract,3.0594.02,3.0594.02,55,NA,3,NA
2021,census tract,3.0596.00,3.0596.00,31,NA,4,NA
2021,census tract,3.0600.00,3.0600.00,44,NA,3,NA
2021,census tract,3.0606.00,3.0606.00,106,NA,4,NA
2021,census tract,3.0608.00,3.0608.00,38,NA,4,NA
2021,census tract,3.0610.03,3.0610.03,14,NA,4,NA
2021,census tract,3.0610.04,3.0610.04,53,NA,5,NA
2021,census tract,3.0628.00,3.0628.00,21,NA,2,NA
2021,census tract,3.0642.00,3.0642.00,10,0,2.5,0
2021,census tract,3.0646.00,3.0646.00,19,NA,2.1,NA
2021,census tract,3.0650.00,3.0650.00,25,NA,3,NA
2021,census tract,3.0652.00,3.0652.00,25,NA,2.8699999999999997,NA
2021,census tract,3.0662.00,3.0662.00,25,NA,2.3299999999999996,NA
2021,census tract,3.0670.00,3.0670.00,13,NA,4.5,NA
2021,census tract,3.0674.00,3.0674.00,17,NA,2,NA
2021,census tract,3.0676.00,3.0676.00,16,NA,2,NA
2021,census tract,3.0680.00,3.0680.00,24,NA,2,NA
2021,census tract,3.0682.00,3.0682.00,14,NA,NA,NA
2021,census tract,3.0688.00,3.0688.00,13,0,2.8299999999999996,0
2021,census tract,3.0690.00,3.0690.00,13,NA,2,NA
2021,census tract,3.0696.02,3.0696.02,14,NA,3,NA
2021,census tract,3.0698.00,3.0698.00,24,NA,2.17,NA
2021,census tract,3.0720.00,3.0720.00,25,NA,4,NA
2021,census tract,3.0722.00,3.0722.00,24,NA,3,NA
2021,census tract,3.0728.00,3.0728.00,13,0,3,0
2021,census tract,3.0736.00,3.0736.00,13,0,NA,0
2021,census tract,3.0740.00,3.0740.00,19,NA,2,NA
2021,census tract,3.0746.00,3.0746.00,23,NA,NA,NA
2021,census tract,3.0750.00,3.0750.00,10,0,NA,0
2021,census tract,3.0768.00,3.0768.00,25,NA,3,NA
2021,census tract,3.0770.00,3.0770.00,16,NA,3,NA
2021,census tract,3.0774.00,3.0774.00,44,NA,4,NA
2021,census tract,3.0784.00,3.0784.00,11,NA,6,NA
2021,census tract,3.0786.00,3.0786.00,37,NA,3,NA
2021,census tract,3.0788.00,3.0788.00,10,NA,NA,NA
2021,census tract,3.0790.00,3.0790.00,31,NA,3,NA
2021,census tract,3.0792.00,3.0792.00,22,NA,3.5,NA
2021,census tract,3.0794.00,3.0794.00,40,NA,4,NA
2021,census tract,3.0796.01,3.0796.01,15,0,4,0
2021,census tract,3.0796.02,3.0796.02,49,NA,4,NA
2021,census tract,3.0798.01,3.0798.01,42,NA,5,NA
2021,census tract,3.0798.02,3.0798.02,46,NA,3,NA
2021,census tract,3.0800.00,3.0800.00,22,NA,3,NA
2021,census tract,3.0802.00,3.0802.00,18,NA,3,NA
2021,census tract,3.0804.00,3.0804.00,29,NA,3,NA
2021,census tract,3.0806.00,3.0806.00,11,NA,19.5,NA
2021,census tract,3.0814.00,3.0814.00,15,NA,4,NA
2021,census tract,3.0818.00,3.0818.00,37,NA,4,NA
2021,census tract,3.0820.00,3.0820.00,38,NA,3,NA
2021,census tract,3.0822.00,3.0822.00,14,NA,12,NA
2021,census tract,3.0824.00,3.0824.00,32,NA,3,NA
2021,census tract,3.0826.00,3.0826.00,19,NA,2,NA
2021,census tract,3.0828.00,3.0828.00,30,NA,4,NA
2021,census tract,3.0830.00,3.0830.00,13,NA,6.38,NA
2021,census tract,3.0838.00,3.0838.00,18,NA,3,NA
2021,census tract,3.0840.00,3.0840.00,23,NA,3,NA
2021,census tract,3.0846.00,3.0846.00,31,NA,3,NA
2021,census tract,3.0856.00,3.0856.00,15,NA,2,NA
2021,census tract,3.0858.00,3.0858.00,16,NA,3,NA
2021,census tract,3.0860.00,3.0860.00,27,NA,3,NA
2021,census tract,3.0862.00,3.0862.00,27,NA,3,NA
2021,census tract,3.0868.00,3.0868.00,37,NA,3.08,NA
2021,census tract,3.0870.00,3.0870.00,13,NA,3,NA
2021,census tract,3.0878.00,3.0878.00,16,NA,2.17,NA
2021,census tract,3.0880.00,3.0880.00,17,NA,3,NA
2021,census tract,3.0882.00,3.0882.00,10,NA,NA,NA
2021,census tract,3.0888.00,3.0888.00,16,NA,3,NA
2021,census tract,3.0890.00,3.0890.00,36,NA,2.98,NA
2021,census tract,3.0892.00,3.0892.00,74,NA,3,NA
2021,census tract,3.0900.00,3.0900.00,19,NA,2,NA
2021,census tract,3.0902.00,3.0902.00,38,NA,3,NA
2021,census tract,3.0906.00,3.0906.00,58,NA,3,NA
2021,census tract,3.0908.00,3.0908.00,22,NA,2,NA
2021,census tract,3.0924.00,3.0924.00,65,NA,3,NA
2021,census tract,3.0930.00,3.0930.00,14,NA,2,NA
2021,census tract,3.0932.00,3.0932.00,28,NA,5.21,NA
2021,census tract,3.0934.00,3.0934.00,10,NA,NA,NA
2021,census tract,3.0950.00,3.0950.00,25,NA,2.25,NA
2021,census tract,3.0954.00,3.0954.00,27,NA,1,NA
2021,census tract,3.0956.00,3.0956.00,24,NA,4,NA
2021,census tract,3.0960.00,3.0960.00,41,NA,5,NA
2021,census tract,3.0966.00,3.0966.00,13,0,NA,0
2021,census tract,3.0968.00,3.0968.00,17,NA,4,NA
2021,census tract,3.0974.00,3.0974.00,35,NA,4,NA
2021,census tract,3.1010.00,3.1010.00,11,NA,3.17,NA
2021,census tract,3.1022.00,3.1022.00,13,NA,4,NA
2021,census tract,3.1028.00,3.1028.00,26,NA,3,NA
2021,census tract,3.1070.00,3.1070.00,34,NA,3,NA
2021,census tract,3.1098.00,3.1098.00,20,NA,13,NA
2021,census tract,3.1104.00,3.1104.00,48,NA,3.8299999999999996,NA
2021,census tract,3.1144.00,3.1144.00,16,NA,1.6800000000000002,NA
2021,census tract,3.1168.00,3.1168.00,14,NA,2.3299999999999996,NA
2021,census tract,3.1170.00,3.1170.00,10,0,NA,0
2021,census tract,3.1174.00,3.1174.00,11,NA,4,NA
2021,census tract,3.1176.01,3.1176.01,11,NA,1,NA
2021,census tract,3.1178.00,3.1178.00,14,NA,NA,NA
2021,census tract,3.1184.00,3.1184.00,19,NA,3,NA
2021,census tract,3.1188.00,3.1188.00,45,NA,2.5,NA
2021,census tract,3.1190.00,3.1190.00,27,NA,3,NA
2021,census tract,3.1196.00,3.1196.00,18,NA,3.8,NA
2021,census tract,3.1198.00,3.1198.00,20,NA,3,NA
2021,census tract,3.1220.00,3.1220.00,13,NA,3.3299999999999996,NA
2021,census tract,3.1237.00,3.1237.00,44,NA,3,NA
2021,census tract,3.1522.00,3.1522.00,21,NA,4,NA
2021,census tract,4.0000.00,4.0000.00,17,NA,NA,NA
2021,census tract,4.0001.00,4.0001.00,62,NA,8,NA
2021,census tract,4.0004.00,4.0004.00,18,NA,2.86,NA
2021,census tract,4.0007.00,4.0007.00,92,NA,4,NA
2021,census tract,4.0010.00,4.0010.00,15,NA,2,NA
2021,census tract,4.0012.00,4.0012.00,18,NA,2,NA
2021,census tract,4.0016.00,4.0016.00,12,NA,2,NA
2021,census tract,4.0018.00,4.0018.00,26,NA,2,NA
2021,census tract,4.0019.00,4.0019.00,132,NA,5,NA
2021,census tract,4.0022.00,4.0022.00,14,0,3.08,0
2021,census tract,4.0028.00,4.0028.00,10,NA,NA,NA
2021,census tract,4.0031.00,4.0031.00,35,NA,3,NA
2021,census tract,4.0033.00,4.0033.00,93,NA,4,NA
2021,census tract,4.0034.00,4.0034.00,16,0,3.21,0
2021,census tract,4.0038.00,4.0038.00,18,NA,2.5,NA
2021,census tract,4.0039.00,4.0039.00,18,NA,2.08,NA
2021,census tract,4.0040.01,4.0040.01,24,NA,2,NA
2021,census tract,4.0040.02,4.0040.02,23,NA,3,NA
2021,census tract,4.0042.00,4.0042.00,11,0,2.58,0
2021,census tract,4.0044.01,4.0044.01,10,NA,NA,NA
2021,census tract,4.0047.00,4.0047.00,15,NA,13,NA
2021,census tract,4.0051.00,4.0051.00,32,NA,3,NA
2021,census tract,4.0053.00,4.0053.00,29,NA,6,NA
2021,census tract,4.0054.00,4.0054.00,23,NA,3,NA
2021,census tract,4.0055.00,4.0055.00,26,NA,2,NA
2021,census tract,4.0057.00,4.0057.00,49,NA,3,NA
2021,census tract,4.0058.00,4.0058.00,17,NA,3,NA
2021,census tract,4.0059.00,4.0059.00,64,NA,5.5,NA
2021,census tract,4.0061.00,4.0061.00,68,NA,3.77,NA
2021,census tract,4.0062.01,4.0062.01,43,NA,4,NA
2021,census tract,4.0062.02,4.0062.02,25,NA,3,NA
2021,census tract,4.0063.00,4.0063.00,58,NA,4.73,NA
2021,census tract,4.0065.01,4.0065.01,10,NA,NA,NA
2021,census tract,4.0065.02,4.0065.02,31,NA,4.18,NA
2021,census tract,4.0069.00,4.0069.00,53,NA,4,NA
2021,census tract,4.0071.00,4.0071.00,57,NA,4,NA
2021,census tract,4.0077.00,4.0077.00,18,0,3,0
2021,census tract,4.0079.00,4.0079.00,18,NA,3.17,NA
2021,census tract,4.0081.00,4.0081.00,10,0,2,0
2021,census tract,4.0083.00,4.0083.00,22,NA,2,NA
2021,census tract,4.0085.00,4.0085.00,31,NA,3,NA
2021,census tract,4.0086.00,4.0086.00,21,NA,3.63,NA
2021,census tract,4.0088.00,4.0088.00,20,0,4,0
2021,census tract,4.0094.00,4.0094.00,25,NA,2.19,NA
2021,census tract,4.0098.00,4.0098.00,28,NA,4,NA
2021,census tract,4.0100.00,4.0100.00,13,NA,NA,NA
2021,census tract,4.0101.00,4.0101.00,12,0,2.5,0
2021,census tract,4.0105.00,4.0105.00,15,NA,3,NA
2021,census tract,4.0106.00,4.0106.00,20,NA,3.25,NA
2021,census tract,4.0111.00,4.0111.00,10,NA,NA,NA
2021,census tract,4.0113.00,4.0113.00,44,NA,5,NA
2021,census tract,4.0114.00,4.0114.00,17,NA,4.08,NA
2021,census tract,4.0115.00,4.0115.00,119,NA,5,NA
2021,census tract,4.0116.00,4.0116.00,16,NA,3,NA
2021,census tract,4.0117.00,4.0117.00,20,NA,3,NA
2021,census tract,4.0118.00,4.0118.00,10,0,NA,0
2021,census tract,4.0119.00,4.0119.00,27,NA,3,NA
2021,census tract,4.0121.00,4.0121.00,15,NA,4,NA
2021,census tract,4.0123.01,4.0123.01,27,NA,2.74,NA
2021,census tract,4.0126.01,4.0126.01,32,NA,3,NA
2021,census tract,4.0132.00,4.0132.00,20,NA,3,NA
2021,census tract,4.0136.00,4.0136.00,24,NA,3,NA
2021,census tract,4.0137.00,4.0137.00,16,NA,NA,NA
2021,census tract,4.0138.00,4.0138.00,14,NA,NA,NA
2021,census tract,4.0140.00,4.0140.00,10,0,NA,0
2021,census tract,4.0141.00,4.0141.00,21,NA,4.75,NA
2021,census tract,4.0142.01,4.0142.01,11,NA,1,NA
2021,census tract,4.0142.02,4.0142.02,27,NA,3,NA
2021,census tract,4.0143.00,4.0143.00,43,NA,4,NA
2021,census tract,4.0144.00,4.0144.00,31,NA,5,NA
2021,census tract,4.0147.00,4.0147.00,34,NA,3.56,NA
2021,census tract,4.0149.00,4.0149.00,50,NA,4,NA
2021,census tract,4.0151.00,4.0151.00,10,0,4.55,0
2021,census tract,4.0153.00,4.0153.00,10,NA,NA,NA
2021,census tract,4.0154.00,4.0154.00,10,0,2.58,0
2021,census tract,4.0155.00,4.0155.00,121,NA,4,NA
2021,census tract,4.0157.00,4.0157.00,43,NA,6,NA
2021,census tract,4.0158.01,4.0158.01,16,NA,NA,NA
2021,census tract,4.0158.02,4.0158.02,70,NA,4,NA
2021,census tract,4.0159.00,4.0159.00,18,NA,3.59,NA
2021,census tract,4.0161.00,4.0161.00,13,NA,NA,NA
2021,census tract,4.0166.00,4.0166.00,17,NA,2,NA
2021,census tract,4.0171.00,4.0171.00,57,NA,3,NA
2021,census tract,4.0179.00,4.0179.00,43,NA,4,NA
2021,census tract,4.0181.01,4.0181.01,18,NA,3.5,NA
2021,census tract,4.0181.02,4.0181.02,17,0,7,0
2021,census tract,4.0183.00,4.0183.00,97,NA,5.970000000000001,NA
2021,census tract,4.0185.01,4.0185.01,18,NA,3.3099999999999996,NA
2021,census tract,4.0185.02,4.0185.02,45,NA,3,NA
2021,census tract,4.0189.00,4.0189.00,17,NA,2,NA
2021,census tract,4.0190.00,4.0190.00,23,0,3,0
2021,census tract,4.0199.00,4.0199.00,47,NA,2,NA
2021,census tract,4.0204.00,4.0204.00,12,NA,2,NA
2021,census tract,4.0208.00,4.0208.00,10,0,NA,0
2021,census tract,4.0212.00,4.0212.00,41,NA,6.25,NA
2021,census tract,4.0214.00,4.0214.00,56,NA,5,NA
2021,census tract,4.0216.00,4.0216.00,50,NA,3,NA
2021,census tract,4.0219.00,4.0219.00,23,NA,2,NA
2021,census tract,4.0235.00,4.0235.00,67,NA,4.5,NA
2021,census tract,4.0236.00,4.0236.00,35,NA,4,NA
2021,census tract,4.0238.00,4.0238.00,27,NA,3.13,NA
2021,census tract,4.0240.00,4.0240.00,59,NA,5,NA
2021,census tract,4.0245.00,4.0245.00,31,NA,3,NA
2021,census tract,4.0249.00,4.0249.00,33,NA,3.17,NA
2021,census tract,4.0251.00,4.0251.00,21,NA,4,NA
2021,census tract,4.0253.01,4.0253.01,25,NA,4.21,NA
2021,census tract,4.0253.02,4.0253.02,27,NA,4,NA
2021,census tract,4.0254.00,4.0254.00,19,NA,2,NA
2021,census tract,4.0255.00,4.0255.00,23,NA,3,NA
2021,census tract,4.0257.00,4.0257.00,13,NA,NA,NA
2021,census tract,4.0259.00,4.0259.00,21,NA,4,NA
2021,census tract,4.0261.00,4.0261.00,65,NA,3.9499999999999997,NA
2021,census tract,4.0263.00,4.0263.00,33,NA,5.88,NA
2021,census tract,4.0265.00,4.0265.00,42,NA,6,NA
2021,census tract,4.0267.00,4.0267.00,44,NA,5,NA
2021,census tract,4.0269.01,4.0269.01,85,NA,6,NA
2021,census tract,4.0269.02,4.0269.02,22,NA,5,NA
2021,census tract,4.0271.00,4.0271.00,45,NA,3,NA
2021,census tract,4.0272.00,4.0272.00,11,NA,3.2800000000000002,NA
2021,census tract,4.0273.00,4.0273.00,113,NA,5.06,NA
2021,census tract,4.0275.00,4.0275.00,50,NA,5,NA
2021,census tract,4.0277.00,4.0277.00,80,NA,5,NA
2021,census tract,4.0279.00,4.0279.00,46,NA,6,NA
2021,census tract,4.0281.00,4.0281.00,14,0,5.5,0
2021,census tract,4.0282.00,4.0282.00,10,0,NA,0
2021,census tract,4.0283.00,4.0283.00,106,NA,6,NA
2021,census tract,4.0284.00,4.0284.00,23,NA,3,NA
2021,census tract,4.0285.00,4.0285.00,33,NA,7.17,NA
2021,census tract,4.0287.00,4.0287.00,90,NA,4.58,NA
2021,census tract,4.0289.00,4.0289.00,81,NA,5,NA
2021,census tract,4.0291.00,4.0291.00,33,NA,5,NA
2021,census tract,4.0294.00,4.0294.00,24,NA,3.3299999999999996,NA
2021,census tract,4.0295.00,4.0295.00,30,NA,4,NA
2021,census tract,4.0297.00,4.0297.00,48,NA,2,NA
2021,census tract,4.0306.00,4.0306.00,61,NA,2,NA
2021,census tract,4.0309.02,4.0309.02,19,NA,3.92,NA
2021,census tract,4.0309.03,4.0309.03,59,NA,3,NA
2021,census tract,4.0320.00,4.0320.00,46,NA,2,NA
2021,census tract,4.0327.00,4.0327.00,12,NA,1,NA
2021,census tract,4.0328.00,4.0328.00,10,0,4.5,0
2021,census tract,4.0329.00,4.0329.00,31,NA,3.75,NA
2021,census tract,4.0334.01,4.0334.01,15,NA,3,NA
2021,census tract,4.0339.00,4.0339.00,16,NA,4,NA
2021,census tract,4.0351.00,4.0351.00,11,NA,NA,NA
2021,census tract,4.0352.00,4.0352.00,38,NA,4,NA
2021,census tract,4.0353.00,4.0353.00,12,NA,3.5,NA
2021,census tract,4.0358.00,4.0358.00,13,NA,2.17,NA
2021,census tract,4.0366.00,4.0366.00,18,NA,3.06,NA
2021,census tract,4.0375.00,4.0375.00,108,NA,5.5,NA
2021,census tract,4.0379.00,4.0379.00,19,NA,4,NA
2021,census tract,4.0383.01,4.0383.01,18,NA,2,NA
2021,census tract,4.0384.00,4.0384.00,12,0,NA,0
2021,census tract,4.0399.00,4.0399.00,25,NA,3.88,NA
2021,census tract,4.0401.00,4.0401.00,17,NA,3,NA
2021,census tract,4.0403.00,4.0403.00,55,NA,3,NA
2021,census tract,4.0405.00,4.0405.00,94,NA,3.21,NA
2021,census tract,4.0407.00,4.0407.00,37,NA,3,NA
2021,census tract,4.0409.00,4.0409.00,25,NA,6,NA
2021,census tract,4.0413.00,4.0413.00,15,NA,4,NA
2021,census tract,4.0415.00,4.0415.00,15,NA,2,NA
2021,census tract,4.0427.00,4.0427.00,20,NA,3,NA
2021,census tract,4.0439.00,4.0439.00,20,NA,4,NA
2021,census tract,4.0440.00,4.0440.00,14,0,1,0
2021,census tract,4.0443.02,4.0443.02,24,0,6,0
2021,census tract,4.0444.00,4.0444.00,75,NA,2,NA
2021,census tract,4.0446.01,4.0446.01,172,NA,5,NA
2021,census tract,4.0446.02,4.0446.02,28,NA,4,NA
2021,census tract,4.0455.00,4.0455.00,40,NA,3.5,NA
2021,census tract,4.0458.00,4.0458.00,34,0,3,0
2021,census tract,4.0460.00,4.0460.00,61,NA,4,NA
2021,census tract,4.0461.00,4.0461.00,25,NA,3,NA
2021,census tract,4.0462.00,4.0462.00,33,NA,5,NA
2021,census tract,4.0463.00,4.0463.00,13,NA,6,NA
2021,census tract,4.0465.00,4.0465.00,65,NA,6,NA
2021,census tract,4.0466.00,4.0466.00,21,NA,4,NA
2021,census tract,4.0468.00,4.0468.00,18,0,2,0
2021,census tract,4.0469.00,4.0469.00,30,0,3.5,0
2021,census tract,4.0470.00,4.0470.00,11,0,3,0
2021,census tract,4.0471.00,4.0471.00,28,NA,4.6,NA
2021,census tract,4.0473.00,4.0473.00,52,NA,5,NA
2021,census tract,4.0475.00,4.0475.00,34,NA,3.69,NA
2021,census tract,4.0478.00,4.0478.00,51,NA,3.79,NA
2021,census tract,4.0479.00,4.0479.00,22,NA,3,NA
2021,census tract,4.0480.00,4.0480.00,10,0,NA,0
2021,census tract,4.0481.00,4.0481.00,16,NA,4.52,NA
2021,census tract,4.0483.00,4.0483.00,15,NA,3,NA
2021,census tract,4.0484.00,4.0484.00,11,0,1,0
2021,census tract,4.0485.00,4.0485.00,45,NA,3,NA
2021,census tract,4.0489.00,4.0489.00,15,NA,NA,NA
2021,census tract,4.0493.02,4.0493.02,32,NA,3,NA
2021,census tract,4.0496.00,4.0496.00,11,NA,NA,NA
2021,census tract,4.0499.00,4.0499.00,13,NA,3,NA
2021,census tract,4.0500.00,4.0500.00,11,0,NA,0
2021,census tract,4.0512.00,4.0512.00,12,NA,3.4099999999999997,NA
2021,census tract,4.0515.00,4.0515.00,17,NA,2.67,NA
2021,census tract,4.0517.00,4.0517.00,25,NA,3,NA
2021,census tract,4.0521.00,4.0521.00,13,0,2,0
2021,census tract,4.0531.00,4.0531.00,39,NA,4,NA
2021,census tract,4.0532.00,4.0532.00,19,NA,3.68,NA
2021,census tract,4.0534.01,4.0534.01,11,0,3,0
2021,census tract,4.0535.00,4.0535.00,24,NA,2,NA
2021,census tract,4.0539.00,4.0539.00,13,NA,2,NA
2021,census tract,4.0540.00,4.0540.00,32,NA,2,NA
2021,census tract,4.0542.00,4.0542.00,15,NA,2,NA
2021,census tract,4.0547.00,4.0547.00,14,NA,NA,NA
2021,census tract,4.0549.00,4.0549.00,50,NA,3,NA
2021,census tract,4.0551.00,4.0551.00,65,NA,3.88,NA
2021,census tract,4.0553.00,4.0553.00,50,NA,3,NA
2021,census tract,4.0555.00,4.0555.00,16,NA,2,NA
2021,census tract,4.0557.00,4.0557.00,23,NA,2.92,NA
2021,census tract,4.0559.00,4.0559.00,10,NA,NA,NA
2021,census tract,4.0568.00,4.0568.00,52,NA,2,NA
2021,census tract,4.0577.00,4.0577.00,30,NA,2,NA
2021,census tract,4.0581.00,4.0581.00,24,NA,4,NA
2021,census tract,4.0583.00,4.0583.00,21,NA,3,NA
2021,census tract,4.0585.00,4.0585.00,16,NA,5,NA
2021,census tract,4.0587.00,4.0587.00,17,NA,3,NA
2021,census tract,4.0589.00,4.0589.00,13,NA,NA,NA
2021,census tract,4.0591.00,4.0591.00,12,NA,NA,NA
2021,census tract,4.0593.00,4.0593.00,11,0,NA,0
2021,census tract,4.0595.00,4.0595.00,16,NA,3,NA
2021,census tract,4.0596.00,4.0596.00,18,NA,3,NA
2021,census tract,4.0600.00,4.0600.00,13,NA,19,NA
2021,census tract,4.0603.00,4.0603.00,18,NA,3.17,NA
2021,census tract,4.0613.01,4.0613.01,44,NA,4.17,NA
2021,census tract,4.0619.00,4.0619.00,22,NA,2.5,NA
2021,census tract,4.0621.00,4.0621.00,12,NA,2.65,NA
2021,census tract,4.0622.00,4.0622.00,10,0,38,0
2021,census tract,4.0629.00,4.0629.00,19,NA,3,NA
2021,census tract,4.0630.00,4.0630.00,10,0,NA,0
2021,census tract,4.0632.00,4.0632.00,29,0,3,0
2021,census tract,4.0637.00,4.0637.00,19,NA,2.5,NA
2021,census tract,4.0638.00,4.0638.00,16,NA,2,NA
2021,census tract,4.0645.00,4.0645.00,27,NA,3,NA
2021,census tract,4.0654.00,4.0654.00,14,NA,3.5,NA
2021,census tract,4.0657.02,4.0657.02,11,0,NA,0
2021,census tract,4.0657.03,4.0657.03,30,NA,2.25,NA
2021,census tract,4.0671.00,4.0671.00,20,NA,3.54,NA
2021,census tract,4.0679.00,4.0679.00,13,NA,NA,NA
2021,census tract,4.0683.00,4.0683.00,28,NA,7,NA
2021,census tract,4.0687.00,4.0687.00,21,NA,3,NA
2021,census tract,4.0693.00,4.0693.00,91,NA,5,NA
2021,census tract,4.0695.00,4.0695.00,24,NA,3.88,NA
2021,census tract,4.0697.02,4.0697.02,11,NA,NA,NA
2021,census tract,4.0707.00,4.0707.00,18,NA,3,NA
2021,census tract,4.0709.00,4.0709.00,16,NA,3,NA
2021,census tract,4.0711.00,4.0711.00,108,15,5.37,0.1388888888888889
2021,census tract,4.0713.03,4.0713.03,46,NA,5,NA
2021,census tract,4.0713.04,4.0713.04,34,12,3.5,0.35294117647058826
2021,census tract,4.0713.05,4.0713.05,13,NA,4.5,NA
2022,census tract,3.0646.00,3.0646.00,15,NA,2.18,NA
2021,census tract,4.0713.06,4.0713.06,35,NA,4.5,NA
2021,census tract,4.0717.01,4.0717.01,59,NA,5,NA
2021,census tract,4.0717.02,4.0717.02,30,10,7.5,0.3333333333333333
2021,census tract,4.0731.00,4.0731.00,18,NA,2,NA
2021,census tract,4.0737.00,4.0737.00,100,NA,7,NA
2021,census tract,4.0743.00,4.0743.00,46,NA,1,NA
2021,census tract,4.0757.01,4.0757.01,45,NA,22,NA
2021,census tract,4.0757.02,4.0757.02,10,NA,NA,NA
2021,census tract,4.0769.01,4.0769.01,33,NA,3.9699999999999998,NA
2021,census tract,4.0769.02,4.0769.02,24,NA,6,NA
2021,census tract,4.0775.00,4.0775.00,30,NA,3,NA
2021,census tract,4.0779.02,4.0779.02,38,NA,5,NA
2021,census tract,4.0779.04,4.0779.04,38,NA,5,NA
2021,census tract,4.0779.06,4.0779.06,21,NA,4.5,NA
2021,census tract,4.0793.00,4.0793.00,11,0,54,0
2021,census tract,4.0797.01,4.0797.01,21,NA,11,NA
2021,census tract,4.0797.02,4.0797.02,58,NA,4.84,NA
2021,census tract,4.0799.00,4.0799.00,12,NA,NA,NA
2021,census tract,4.0809.00,4.0809.00,12,NA,NA,NA
2021,census tract,4.0837.00,4.0837.00,12,0,5,0
2021,census tract,4.0838.00,4.0838.00,19,NA,2.7,NA
2021,census tract,4.0840.00,4.0840.00,27,NA,2.02,NA
2021,census tract,4.0845.00,4.0845.00,15,NA,3,NA
2021,census tract,4.0849.00,4.0849.00,171,NA,5,NA
2021,census tract,4.0853.00,4.0853.00,93,NA,8,NA
2021,census tract,4.0855.00,4.0855.00,29,NA,3,NA
2021,census tract,4.0857.00,4.0857.00,16,NA,2.23,NA
2021,census tract,4.0859.00,4.0859.00,21,NA,7.5,NA
2021,census tract,4.0861.00,4.0861.00,10,NA,NA,NA
2021,census tract,4.0863.00,4.0863.00,10,NA,NA,NA
2021,census tract,4.0865.00,4.0865.00,52,NA,4,NA
2021,census tract,4.0869.00,4.0869.00,234,19,3,0.0811965811965812
2021,census tract,4.0871.00,4.0871.00,304,21,8,0.06907894736842106
2021,census tract,4.0884.00,4.0884.00,15,NA,2,NA
2021,census tract,4.0889.01,4.0889.01,42,NA,33,NA
2021,census tract,4.0892.00,4.0892.00,101,NA,3.42,NA
2021,census tract,4.0907.00,4.0907.00,16,NA,NA,NA
2021,census tract,4.0919.00,4.0919.00,28,NA,2,NA
2021,census tract,4.0925.00,4.0925.00,44,NA,2.9499999999999997,NA
2021,census tract,4.0929.00,4.0929.00,19,NA,3,NA
2021,census tract,4.0934.02,4.0934.02,35,NA,3,NA
2021,census tract,4.0938.00,4.0938.00,62,NA,3,NA
2021,census tract,4.0942.02,4.0942.02,28,NA,2,NA
2021,census tract,4.0942.03,4.0942.03,13,NA,2.55,NA
2021,census tract,4.0945.00,4.0945.00,45,NA,3,NA
2021,census tract,4.0954.00,4.0954.00,18,0,4,0
2021,census tract,4.0981.00,4.0981.00,58,NA,22,NA
2021,census tract,4.0987.00,4.0987.00,78,NA,3,NA
2021,census tract,4.0992.00,4.0992.00,10,NA,NA,NA
2021,census tract,4.0997.04,4.0997.04,70,13,5,0.18571428571428572
2021,census tract,4.0998.01,4.0998.01,17,0,6,0
2021,census tract,4.1008.02,4.1008.02,37,NA,3,NA
2021,census tract,4.1010.01,4.1010.01,63,NA,2.7800000000000002,NA
2021,census tract,4.1017.00,4.1017.00,60,NA,3,NA
2021,census tract,4.1032.01,4.1032.01,20,NA,3,NA
2021,census tract,4.1032.02,4.1032.02,31,NA,2,NA
2021,census tract,4.1039.00,4.1039.00,14,NA,3,NA
2021,census tract,4.1072.01,4.1072.01,11,NA,NA,NA
2021,census tract,4.1085.00,4.1085.00,14,0,2.5,0
2021,census tract,4.1099.00,4.1099.00,35,NA,2.73,NA
2021,census tract,4.1123.00,4.1123.00,69,NA,4,NA
2021,census tract,4.1129.00,4.1129.00,17,0,4,0
2021,census tract,4.1139.00,4.1139.00,23,NA,3,NA
2021,census tract,4.1155.00,4.1155.00,28,NA,3,NA
2021,census tract,4.1157.00,4.1157.00,49,NA,5.67,NA
2021,census tract,4.1159.00,4.1159.00,19,NA,3,NA
2021,census tract,4.1163.00,4.1163.00,36,NA,7,NA
2021,census tract,4.1167.00,4.1167.00,24,NA,4,NA
2021,census tract,4.1171.00,4.1171.00,177,NA,4,NA
2021,census tract,4.1175.00,4.1175.00,29,NA,5,NA
2021,census tract,4.1181.00,4.1181.00,14,NA,4,NA
2021,census tract,4.1191.00,4.1191.00,43,NA,3,NA
2021,census tract,4.1205.00,4.1205.00,10,0,5.5,0
2021,census tract,4.1223.00,4.1223.00,11,0,NA,0
2021,census tract,4.1227.01,4.1227.01,42,NA,3,NA
2021,census tract,4.1227.02,4.1227.02,24,NA,2,NA
2021,census tract,4.1241.00,4.1241.00,13,NA,4,NA
2021,census tract,4.1257.00,4.1257.00,15,NA,3,NA
2021,census tract,4.1265.00,4.1265.00,25,0,3,0
2021,census tract,4.1267.00,4.1267.00,14,NA,2,NA
2021,census tract,4.1277.00,4.1277.00,59,NA,4.1,NA
2021,census tract,4.1291.03,4.1291.03,22,NA,5,NA
2021,census tract,4.1291.04,4.1291.04,24,NA,4,NA
2021,census tract,4.1301.00,4.1301.00,16,0,6.5,0
2021,census tract,4.1333.00,4.1333.00,43,NA,3,NA
2021,census tract,4.1339.00,4.1339.00,35,NA,5,NA
2021,census tract,4.1341.00,4.1341.00,29,0,3,0
2021,census tract,4.1347.00,4.1347.00,68,NA,5.25,NA
2021,census tract,4.1367.00,4.1367.00,34,NA,5,NA
2021,census tract,4.1429.00,4.1429.00,11,NA,NA,NA
2021,census tract,4.1435.00,4.1435.00,16,NA,2,NA
2022,census tract,3.0650.00,3.0650.00,16,NA,NA,NA
2021,census tract,4.1447.00,4.1447.00,39,NA,3,NA
2021,census tract,4.1459.00,4.1459.00,17,NA,3,NA
2021,census tract,4.1463.00,4.1463.00,33,NA,4,NA
2021,census tract,4.1467.00,4.1467.00,79,NA,5,NA
2021,census tract,4.1471.00,4.1471.00,60,NA,4,NA
2021,census tract,4.1479.00,4.1479.00,99,12,3,0.12121212121212122
2021,census tract,4.1507.02,4.1507.02,56,NA,3.88,NA
2021,census tract,4.1529.01,4.1529.01,18,NA,6.5,NA
2021,census tract,4.1551.01,4.1551.01,21,NA,1,NA
2021,census tract,4.1551.02,4.1551.02,34,NA,4,NA
2021,census tract,4.1571.01,4.1571.01,30,NA,3,NA
2021,census tract,4.1579.01,4.1579.01,21,NA,3.8299999999999996,NA
2021,census tract,4.1579.02,4.1579.02,14,NA,2.08,NA
2021,census tract,4.1579.03,4.1579.03,10,0,NA,0
2021,census tract,4.1617.00,4.1617.00,15,NA,NA,NA
2021,census tract,4.1621.00,4.1621.00,17,NA,2,NA
2021,census tract,5.0003.00,5.0003.00,54,NA,2.06,NA
2021,census tract,5.0006.00,5.0006.00,29,NA,2,NA
2021,census tract,5.0008.00,5.0008.00,25,NA,2.29,NA
2021,census tract,5.0021.00,5.0021.00,56,NA,2,NA
2021,census tract,5.0027.00,5.0027.00,12,NA,NA,NA
2021,census tract,5.0040.00,5.0040.00,10,0,NA,0
2021,census tract,5.0050.00,5.0050.00,22,NA,2.8299999999999996,NA
2021,census tract,5.0059.00,5.0059.00,13,NA,4,NA
2021,census tract,5.0064.00,5.0064.00,27,NA,2,NA
2021,census tract,5.0067.00,5.0067.00,15,NA,3,NA
2021,census tract,5.0070.00,5.0070.00,39,NA,2.12,NA
2021,census tract,5.0074.00,5.0074.00,14,NA,25,NA
2021,census tract,5.0096.01,5.0096.01,26,NA,2.25,NA
2021,census tract,5.0096.02,5.0096.02,27,NA,4.92,NA
2021,census tract,5.0105.00,5.0105.00,32,NA,4,NA
2021,census tract,5.0112.01,5.0112.01,51,NA,3,NA
2021,census tract,5.0112.02,5.0112.02,41,NA,2,NA
2021,census tract,5.0114.01,5.0114.01,29,NA,4,NA
2021,census tract,5.0114.02,5.0114.02,21,NA,3,NA
2021,census tract,5.0121.00,5.0121.00,29,NA,3,NA
2021,census tract,5.0122.00,5.0122.00,54,NA,3,NA
2021,census tract,5.0128.04,5.0128.04,64,NA,5,NA
2021,census tract,5.0132.03,5.0132.03,22,NA,1.6,NA
2021,census tract,5.0132.04,5.0132.04,13,NA,4.5,NA
2021,census tract,5.0133.02,5.0133.02,71,NA,1.7,NA
2021,census tract,5.0134.00,5.0134.00,49,NA,2,NA
2021,census tract,5.0146.04,5.0146.04,43,NA,4,NA
2021,census tract,5.0146.06,5.0146.06,19,NA,3,NA
2021,census tract,5.0146.07,5.0146.07,62,NA,31.5,NA
2021,census tract,5.0151.00,5.0151.00,59,NA,3,NA
2021,census tract,5.0156.01,5.0156.01,58,NA,27,NA
2021,census tract,5.0156.02,5.0156.02,22,NA,3,NA
2021,census tract,5.0156.03,5.0156.03,57,NA,21.5,NA
2021,census tract,5.0169.01,5.0169.01,31,NA,4,NA
2021,census tract,5.0170.05,5.0170.05,28,NA,3.05,NA
2021,census tract,5.0170.11,5.0170.11,24,NA,3,NA
2021,census tract,5.0181.00,5.0181.00,26,NA,2,NA
2021,census tract,5.0187.01,5.0187.01,26,NA,3,NA
2021,census tract,5.0189.01,5.0189.01,26,NA,2.51,NA
2021,census tract,5.0198.00,5.0198.00,22,NA,4,NA
2021,census tract,5.0201.00,5.0201.00,21,NA,2,NA
2021,census tract,5.0207.00,5.0207.00,39,NA,2,NA
2021,census tract,5.0208.01,5.0208.01,39,NA,5,NA
2021,census tract,5.0213.00,5.0213.00,29,NA,3.5,NA
2021,census tract,5.0223.00,5.0223.00,10,0,NA,0
2021,census tract,5.0226.00,5.0226.00,182,NA,3,NA
2021,census tract,5.0231.00,5.0231.00,18,NA,2.5,NA
2021,census tract,5.0247.00,5.0247.00,17,NA,3.25,NA
2021,census tract,5.0248.00,5.0248.00,69,NA,3,NA
2021,census tract,5.0251.00,5.0251.00,11,0,3,0
2021,census tract,5.0277.02,5.0277.02,96,NA,18.5,NA
2021,census tract,5.0277.06,5.0277.06,51,NA,39.5,NA
2021,census tract,5.0279.00,5.0279.00,11,NA,3,NA
2021,census tract,5.0291.02,5.0291.02,63,10,2,0.15873015873015872
2021,census tract,5.0291.03,5.0291.03,67,NA,3,NA
2021,census tract,5.0291.04,5.0291.04,34,NA,2.75,NA
2021,census tract,5.0303.01,5.0303.01,25,NA,3,NA
2021,census tract,5.0303.02,5.0303.02,32,NA,3,NA
2021,census tract,5.0323.00,5.0323.00,23,NA,NA,NA
2022,citywide,Citywide,Citywide,62857,NA,5,NA
2022,borough,Manhattan,MN,24063,NA,9,NA
2022,borough,Bronx,BX,8438,537,3.92,0.06364067314529509
2022,borough,Brooklyn,BK,14364,NA,4,NA
2022,borough,Queens,QN,13459,909,4,0.0675384501077346
2022,borough,Staten Island,SI,2533,192,3,0.0757994472956968
2022,council district,01,01,4677,643,9,0.13748129142612786
2022,council district,02,02,2624,307,8.33,0.1169969512195122
2022,council district,03,03,4547,652,10,0.14339124697602815
2022,council district,04,04,4804,805,12,0.16756869275603664
2022,council district,05,05,1523,176,9,0.11556139198949442
2022,council district,06,06,1334,NA,11,NA
2022,council district,07,07,1117,NA,7,NA
2022,council district,08,08,1385,146,4,0.10541516245487365
2022,council district,09,09,1185,142,5,0.11983122362869199
2022,council district,10,10,1592,107,6,0.06721105527638191
2022,council district,11,11,995,73,4,0.07336683417085427
2022,council district,12,12,869,43,3,0.04948216340621404
2022,council district,13,13,910,47,3,0.051648351648351645
2022,council district,14,14,959,31,4,0.03232533889468196
2022,council district,15,15,1190,73,4,0.06134453781512605
2022,council district,16,16,748,44,4,0.058823529411764705
2022,council district,17,17,1284,107,4,0.08333333333333333
2022,council district,18,18,758,51,3.3099999999999996,0.06728232189973615
2022,council district,19,19,1242,73,4,0.05877616747181964
2022,council district,20,20,1597,123,5,0.07701941139636818
2022,council district,21,21,1121,64,4.85,0.057091882247992866
2022,council district,22,22,1220,75,4,0.06147540983606557
2022,council district,23,23,509,49,4,0.0962671905697446
2022,council district,24,24,826,55,4,0.06658595641646489
2022,council district,25,25,897,50,4.33,0.055741360089186176
2022,council district,26,26,1550,105,4,0.06774193548387097
2022,council district,27,27,725,37,3,0.05103448275862069
2022,council district,28,28,465,36,3.2,0.07741935483870968
2022,council district,29,29,1064,91,4.33,0.08552631578947369
2022,council district,30,30,782,47,3,0.06010230179028133
2022,council district,31,31,503,53,3,0.10536779324055666
2022,council district,32,32,682,35,3,0.051319648093841645
2022,council district,33,33,1902,218,6,0.11461619348054679
2022,council district,34,34,1427,114,4,0.07988787666433077
2022,council district,35,35,791,89,4.4,0.1125158027812895
2022,council district,36,36,655,65,3,0.09923664122137404
2022,council district,37,37,634,45,3,0.07097791798107256
2022,council district,38,38,1503,155,3,0.10312707917498337
2022,council district,39,39,1119,74,5,0.06613047363717604
2022,council district,40,40,676,54,4,0.07988165680473373
2022,council district,41,41,726,47,3,0.06473829201101929
2022,council district,42,42,428,37,3,0.08644859813084112
2022,council district,43,43,904,79,4,0.08738938053097345
2022,council district,44,44,827,36,3,0.04353083434099154
2022,council district,45,45,618,39,3,0.06310679611650485
2022,council district,46,46,527,36,3,0.0683111954459203
2022,council district,47,47,878,55,3.19,0.06264236902050115
2022,council district,48,48,1025,72,4,0.0702439024390244
2022,council district,49,49,770,64,2.01,0.08311688311688312
2022,council district,50,50,876,64,3,0.0730593607305936
2022,council district,51,51,887,64,3,0.07215332581736189
2022,census tract,1,1,122,NA,9,NA
2022,census tract,1.0002.01,1.0002.01,13,NA,9,NA
2022,census tract,1.0006.00,1.0006.00,85,NA,7,NA
2022,census tract,1.0007.00,1.0007.00,126,NA,9,NA
2022,census tract,1.0008.00,1.0008.00,188,NA,5,NA
2022,census tract,1.0009.00,1.0009.00,125,NA,10,NA
2022,census tract,1.0012.00,1.0012.00,18,NA,2.5,NA
2022,census tract,1.0013.00,1.0013.00,123,NA,8,NA
2022,census tract,1.0014.01,1.0014.01,33,NA,5.819999999999999,NA
2022,census tract,1.0014.02,1.0014.02,85,NA,5,NA
2022,census tract,1.0015.01,1.0015.01,108,NA,10,NA
2022,census tract,1.0015.02,1.0015.02,206,NA,12,NA
2022,census tract,1.0016.00,1.0016.00,300,NA,6,NA
2022,census tract,1.0018.00,1.0018.00,311,45,8,0.14469453376205788
2022,census tract,1.0021.00,1.0021.00,182,NA,13,NA
2022,census tract,1.0022.01,1.0022.01,70,NA,6,NA
2022,census tract,1.0022.02,1.0022.02,22,NA,7,NA
2022,census tract,1.0026.01,1.0026.01,25,NA,6,NA
2022,census tract,1.0026.02,1.0026.02,41,NA,5.930000000000001,NA
2022,census tract,1.0027.00,1.0027.00,45,NA,5,NA
2022,census tract,1.0028.00,1.0028.00,48,10,6,0.20833333333333334
2022,census tract,1.0029.00,1.0029.00,251,36,7,0.14342629482071714
2022,census tract,1.0030.01,1.0030.01,195,NA,8,NA
2022,census tract,1.0030.02,1.0030.02,40,NA,8,NA
2022,census tract,1.0031.00,1.0031.00,76,NA,10,NA
2022,census tract,1.0032.00,1.0032.00,187,NA,9,NA
2022,census tract,1.0033.00,1.0033.00,241,26,8,0.1078838174273859
2022,census tract,1.0034.00,1.0034.00,149,NA,8,NA
2022,census tract,1.0036.01,1.0036.01,78,NA,7,NA
2022,census tract,1.0036.02,1.0036.02,51,NA,7.08,NA
2022,census tract,1.0037.00,1.0037.00,111,NA,7,NA
2022,census tract,1.0038.00,1.0038.00,298,NA,8,NA
2022,census tract,1.0039.00,1.0039.00,145,NA,9,NA
2022,census tract,1.0040.00,1.0040.00,187,NA,9,NA
2022,census tract,1.0041.00,1.0041.00,357,43,9,0.12044817927170869
2022,census tract,1.0042.00,1.0042.00,64,NA,10,NA
2022,census tract,1.0043.00,1.0043.00,229,NA,13,NA
2022,census tract,1.0044.00,1.0044.00,21,NA,7,NA
2022,census tract,1.0045.00,1.0045.00,170,NA,9,NA
2022,census tract,1.0047.00,1.0047.00,236,15,11.59,0.0635593220338983
2022,census tract,1.0048.00,1.0048.00,84,NA,7,NA
2022,census tract,1.0049.00,1.0049.00,343,31,15,0.09037900874635568
2022,census tract,1.0050.00,1.0050.00,85,NA,10,NA
2022,census tract,1.0052.00,1.0052.00,137,NA,10.67,NA
2022,census tract,1.0054.00,1.0054.00,160,NA,8,NA
2022,census tract,1.0055.01,1.0055.01,35,NA,17,NA
2022,census tract,1.0055.02,1.0055.02,136,NA,13,NA
2022,census tract,1.0056.00,1.0056.00,117,NA,11,NA
2022,census tract,1.0057.00,1.0057.00,56,NA,12,NA
2022,census tract,1.0058.00,1.0058.00,233,NA,10,NA
2022,census tract,1.0059.00,1.0059.00,87,NA,11,NA
2022,census tract,1.0061.00,1.0061.00,136,18,10,0.1323529411764706
2022,census tract,1.0062.00,1.0062.00,14,NA,3,NA
2022,census tract,1.0063.00,1.0063.00,152,NA,9,NA
2022,census tract,1.0064.00,1.0064.00,124,NA,7,NA
2022,census tract,1.0065.00,1.0065.00,192,NA,11,NA
2022,census tract,1.0066.00,1.0066.00,88,NA,6.92,NA
2022,census tract,1.0067.00,1.0067.00,179,NA,14,NA
2022,census tract,1.0068.00,1.0068.00,149,NA,9,NA
2022,census tract,1.0069.00,1.0069.00,23,NA,5,NA
2022,census tract,1.0070.00,1.0070.00,92,NA,10,NA
2022,census tract,1.0071.00,1.0071.00,156,NA,9,NA
2022,census tract,1.0072.00,1.0072.00,149,NA,8.75,NA
2022,census tract,1.0073.00,1.0073.00,174,10,15,0.05747126436781609
2022,census tract,1.0074.00,1.0074.00,204,NA,9,NA
2022,census tract,1.0075.00,1.0075.00,50,NA,12,NA
2022,census tract,1.0076.00,1.0076.00,260,41,12,0.1576923076923077
2022,census tract,1.0077.00,1.0077.00,139,NA,13,NA
2022,census tract,1.0078.00,1.0078.00,104,NA,8,NA
2022,census tract,1.0079.00,1.0079.00,107,NA,11.5,NA
2022,census tract,1.0080.00,1.0080.00,145,NA,9,NA
2022,census tract,1.0081.00,1.0081.00,163,NA,9,NA
2022,census tract,1.0082.00,1.0082.00,170,NA,10.5,NA
2022,census tract,1.0083.00,1.0083.00,69,NA,10,NA
2022,census tract,1.0084.00,1.0084.00,165,23,10,0.1393939393939394
2022,census tract,1.0086.03,1.0086.03,34,NA,8,NA
2022,census tract,1.0087.00,1.0087.00,109,NA,11,NA
2022,census tract,1.0088.00,1.0088.00,92,NA,10,NA
2022,census tract,1.0089.00,1.0089.00,40,NA,11,NA
2022,census tract,1.0090.00,1.0090.00,120,NA,10,NA
2022,census tract,1.0091.00,1.0091.00,167,NA,9,NA
2022,census tract,1.0092.00,1.0092.00,195,NA,15,NA
2022,census tract,1.0093.00,1.0093.00,75,NA,7.23,NA
2022,census tract,1.0094.00,1.0094.00,130,23,12,0.17692307692307693
2022,census tract,1.0095.00,1.0095.00,201,NA,6,NA
2022,census tract,1.0096.00,1.0096.00,276,NA,21,NA
2022,census tract,1.0097.00,1.0097.00,11,NA,NA,NA
2022,census tract,1.0098.00,1.0098.00,187,NA,9,NA
2022,census tract,1.0099.00,1.0099.00,202,NA,7,NA
2022,census tract,1.0100.00,1.0100.00,154,NA,12,NA
2022,census tract,1.0101.00,1.0101.00,127,NA,9,NA
2022,census tract,1.0102.00,1.0102.00,184,NA,17,NA
2022,census tract,1.0103.00,1.0103.00,66,NA,12,NA
2022,census tract,3.0283.00,3.0283.00,23,NA,3,NA
2022,census tract,1.0104.00,1.0104.00,157,34,12,0.21656050955414013
2022,census tract,1.0106.01,1.0106.01,43,NA,11,NA
2022,census tract,1.0106.02,1.0106.02,37,NA,8,NA
2022,census tract,1.0108.00,1.0108.00,176,NA,9,NA
2022,census tract,1.0109.00,1.0109.00,300,NA,7,NA
2022,census tract,1.0110.00,1.0110.00,163,NA,10,NA
2022,census tract,1.0111.00,1.0111.00,123,NA,7,NA
2022,census tract,1.0112.01,1.0112.01,79,NA,14.950000000000001,NA
2022,census tract,1.0112.02,1.0112.02,96,NA,22,NA
2022,census tract,1.0112.03,1.0112.03,126,NA,12,NA
2022,census tract,1.0113.00,1.0113.00,250,NA,11,NA
2022,census tract,1.0114.01,1.0114.01,80,NA,19,NA
2022,census tract,1.0114.02,1.0114.02,132,NA,11,NA
2022,census tract,1.0115.00,1.0115.00,73,18,8,0.2465753424657534
2022,census tract,1.0116.00,1.0116.00,17,NA,9,NA
2022,census tract,1.0117.00,1.0117.00,12,NA,2,NA
2022,census tract,1.0118.00,1.0118.00,109,NA,11,NA
2022,census tract,1.0119.00,1.0119.00,150,18,21,0.12
2022,census tract,1.0120.00,1.0120.00,90,NA,11,NA
2022,census tract,1.0121.00,1.0121.00,142,10,12,0.07042253521126761
2022,census tract,1.0122.00,1.0122.00,124,20,25,0.16129032258064516
2022,census tract,1.0124.00,1.0124.00,66,NA,10,NA
2022,census tract,1.0125.00,1.0125.00,141,NA,17,NA
2022,census tract,1.0126.00,1.0126.00,136,NA,11,NA
2022,census tract,1.0127.00,1.0127.00,170,NA,10.25,NA
2022,census tract,1.0128.00,1.0128.00,154,19,10,0.12337662337662338
2022,census tract,1.0129.00,1.0129.00,87,NA,6,NA
2022,census tract,1.0130.00,1.0130.00,124,NA,21,NA
2022,census tract,1.0131.00,1.0131.00,143,NA,10,NA
2022,census tract,1.0132.00,1.0132.00,87,NA,9,NA
2022,census tract,1.0133.00,1.0133.00,125,NA,12,NA
2022,census tract,1.0134.00,1.0134.00,172,NA,10,NA
2022,census tract,1.0135.00,1.0135.00,74,NA,12,NA
2022,census tract,1.0136.00,1.0136.00,84,NA,8.33,NA
2022,census tract,1.0137.00,1.0137.00,189,NA,13.5,NA
2022,census tract,1.0138.00,1.0138.00,155,NA,9,NA
2022,census tract,1.0139.00,1.0139.00,127,NA,14,NA
2022,census tract,1.0140.00,1.0140.00,184,NA,13,NA
2022,census tract,1.0142.00,1.0142.00,120,10,19,0.08333333333333333
2022,census tract,1.0144.01,1.0144.01,29,NA,8,NA
2022,census tract,1.0144.02,1.0144.02,50,NA,10,NA
2022,census tract,1.0145.00,1.0145.00,50,NA,10,NA
2022,census tract,1.0146.01,1.0146.01,98,NA,10,NA
2022,census tract,1.0146.02,1.0146.02,83,NA,10,NA
2022,census tract,1.0147.00,1.0147.00,13,NA,48.5,NA
2022,census tract,1.0148.01,1.0148.01,51,NA,14,NA
2022,census tract,1.0148.02,1.0148.02,108,15,12,0.1388888888888889
2022,census tract,1.0149.00,1.0149.00,35,NA,6.5,NA
2022,census tract,1.0150.01,1.0150.01,32,NA,9,NA
2022,census tract,1.0150.02,1.0150.02,57,NA,14.5,NA
2022,census tract,1.0151.00,1.0151.00,33,NA,7,NA
2022,census tract,1.0152.00,1.0152.00,34,NA,7,NA
2022,census tract,1.0153.00,1.0153.00,134,NA,15,NA
2022,census tract,1.0154.00,1.0154.00,110,NA,7.06,NA
2022,census tract,1.0155.00,1.0155.00,39,NA,8,NA
2022,census tract,1.0156.01,1.0156.01,27,NA,6,NA
2022,census tract,1.0157.00,1.0157.00,175,NA,13,NA
2022,census tract,1.0158.01,1.0158.01,73,NA,9.5,NA
2022,census tract,1.0158.02,1.0158.02,20,NA,7,NA
2022,census tract,1.0159.00,1.0159.00,56,NA,8,NA
2022,census tract,1.0160.01,1.0160.01,35,NA,12,NA
2022,census tract,1.0161.00,1.0161.00,55,NA,13,NA
2022,census tract,1.0163.00,1.0163.00,45,NA,11,NA
2022,census tract,1.0165.00,1.0165.00,61,NA,12,NA
2022,census tract,1.0166.00,1.0166.00,82,NA,5,NA
2022,census tract,1.0167.00,1.0167.00,113,NA,10,NA
2022,census tract,1.0169.00,1.0169.00,96,NA,12,NA
2022,census tract,1.0170.00,1.0170.00,71,NA,4,NA
2022,census tract,1.0171.00,1.0171.00,94,19,14,0.20212765957446807
2022,census tract,1.0172.00,1.0172.00,128,NA,4,NA
2022,census tract,1.0173.00,1.0173.00,37,NA,9,NA
2022,census tract,1.0174.02,1.0174.02,23,NA,4,NA
2022,census tract,1.0175.00,1.0175.00,69,NA,13,NA
2022,census tract,1.0177.00,1.0177.00,40,NA,7,NA
2022,census tract,1.0178.00,1.0178.00,46,NA,4,NA
2022,census tract,1.0179.00,1.0179.00,57,NA,9.5,NA
2022,census tract,1.0180.00,1.0180.00,52,NA,4,NA
2022,census tract,1.0181.00,1.0181.00,35,NA,9.33,NA
2022,census tract,1.0182.00,1.0182.00,80,NA,5,NA
2022,census tract,1.0183.00,1.0183.00,91,NA,11,NA
2022,census tract,1.0184.00,1.0184.00,62,NA,3.2,NA
2022,census tract,1.0185.00,1.0185.00,22,NA,11,NA
2022,census tract,1.0187.00,1.0187.00,67,NA,10,NA
2022,census tract,1.0188.00,1.0188.00,80,NA,4,NA
2022,census tract,1.0189.00,1.0189.00,38,NA,7,NA
2022,census tract,1.0190.00,1.0190.00,35,NA,4,NA
2022,census tract,1.0191.00,1.0191.00,50,NA,10,NA
2022,census tract,1.0193.00,1.0193.00,82,NA,6,NA
2022,census tract,1.0194.00,1.0194.00,30,NA,3,NA
2022,census tract,1.0195.00,1.0195.00,66,NA,11.709999999999999,NA
2022,census tract,1.0196.00,1.0196.00,68,NA,4.88,NA
2022,census tract,1.0197.02,1.0197.02,17,NA,5,NA
2022,census tract,1.0198.00,1.0198.00,56,NA,6,NA
2022,census tract,1.0199.00,1.0199.00,58,NA,10,NA
2022,census tract,1.0200.00,1.0200.00,59,NA,7,NA
2022,census tract,1.0201.02,1.0201.02,29,NA,4.159999999999999,NA
2022,census tract,1.0205.00,1.0205.00,13,NA,9,NA
2022,census tract,1.0206.00,1.0206.00,21,NA,4,NA
2022,census tract,1.0207.01,1.0207.01,15,NA,4,NA
2022,census tract,1.0208.00,1.0208.00,19,NA,3,NA
2022,census tract,1.0209.01,1.0209.01,22,NA,1,NA
2022,census tract,1.0211.00,1.0211.00,52,NA,7,NA
2022,census tract,1.0212.00,1.0212.00,52,24,3,0.46153846153846156
2022,census tract,1.0213.03,1.0213.03,27,NA,4,NA
2022,census tract,1.0215.00,1.0215.00,21,NA,2,NA
2022,census tract,1.0216.00,1.0216.00,39,NA,6,NA
2022,census tract,1.0218.00,1.0218.00,86,NA,5,NA
2022,census tract,1.0219.00,1.0219.00,46,NA,4,NA
2022,census tract,1.0220.00,1.0220.00,52,NA,6.609999999999999,NA
2022,census tract,1.0221.02,1.0221.02,25,NA,4,NA
2022,census tract,1.0222.00,1.0222.00,90,NA,8,NA
2022,census tract,1.0223.01,1.0223.01,53,NA,7,NA
2022,census tract,1.0224.00,1.0224.00,37,NA,4.33,NA
2022,census tract,1.0225.00,1.0225.00,75,NA,6.5,NA
2022,census tract,1.0226.00,1.0226.00,68,NA,5.87,NA
2022,census tract,1.0227.00,1.0227.00,24,NA,6.5,NA
2022,census tract,1.0228.00,1.0228.00,62,NA,5.02,NA
2022,census tract,1.0229.00,1.0229.00,86,NA,7,NA
2022,census tract,1.0230.00,1.0230.00,35,NA,5,NA
2022,census tract,1.0231.00,1.0231.00,33,NA,5,NA
2022,census tract,1.0232.00,1.0232.00,64,NA,5,NA
2022,census tract,1.0233.00,1.0233.00,75,NA,7.5,NA
2022,census tract,1.0234.00,1.0234.00,29,NA,4,NA
2022,census tract,1.0235.01,1.0235.01,23,NA,2,NA
2022,census tract,1.0236.00,1.0236.00,24,NA,1,NA
2022,census tract,1.0237.00,1.0237.00,35,NA,5,NA
2022,census tract,1.0238.01,1.0238.01,17,NA,3,NA
2022,census tract,1.0239.00,1.0239.00,13,NA,4,NA
2022,census tract,1.0241.00,1.0241.00,46,NA,7,NA
2022,census tract,1.0242.00,1.0242.00,17,NA,1.93,NA
2022,census tract,1.0243.01,1.0243.01,31,NA,4,NA
2022,census tract,1.0245.00,1.0245.00,154,19,7.25,0.12337662337662338
2022,census tract,1.0249.00,1.0249.00,13,NA,3,NA
2022,census tract,1.0251.00,1.0251.00,30,NA,4.359999999999999,NA
2022,census tract,1.0253.00,1.0253.00,125,NA,6.54,NA
2022,census tract,1.0257.00,1.0257.00,32,NA,8.54,NA
2022,census tract,1.0259.00,1.0259.00,42,NA,4,NA
2022,census tract,1.0261.00,1.0261.00,98,NA,6,NA
2022,census tract,1.0263.00,1.0263.00,106,NA,8,NA
2022,census tract,1.0265.00,1.0265.00,95,NA,7,NA
2022,census tract,1.0269.00,1.0269.00,129,NA,5.79,NA
2022,census tract,1.0271.00,1.0271.00,122,NA,8,NA
2022,census tract,1.0273.00,1.0273.00,57,NA,7.67,NA
2022,census tract,1.0277.00,1.0277.00,40,NA,5.119999999999999,NA
2022,census tract,1.0279.00,1.0279.00,70,NA,6,NA
2022,census tract,1.0283.00,1.0283.00,58,NA,6,NA
2022,census tract,1.0285.00,1.0285.00,81,NA,5,NA
2022,census tract,1.0287.00,1.0287.00,57,NA,7,NA
2022,census tract,1.0291.00,1.0291.00,98,NA,6.31,NA
2022,census tract,1.0293.00,1.0293.00,161,NA,5,NA
2022,census tract,1.0295.00,1.0295.00,66,NA,7,NA
2022,census tract,1.0299.00,1.0299.00,47,NA,3.46,NA
2022,census tract,1.0303.00,1.0303.00,42,NA,6,NA
2022,census tract,1.0307.00,1.0307.00,12,NA,2,NA
2022,census tract,1.0309.00,1.0309.00,52,NA,5,NA
2022,census tract,1.0317.03,1.0317.03,48,NA,5,NA
2022,census tract,1.0317.04,1.0317.04,36,NA,7,NA
2022,census tract,2.0019.00,2.0019.00,47,NA,3,NA
2022,census tract,2.0020.00,2.0020.00,11,NA,NA,NA
2022,census tract,2.0025.00,2.0025.00,42,NA,5,NA
2022,census tract,2.0027.01,2.0027.01,12,NA,2,NA
2022,census tract,2.0027.02,2.0027.02,43,NA,3.3499999999999996,NA
2022,census tract,2.0028.00,2.0028.00,29,NA,3.67,NA
2022,census tract,2.0031.00,2.0031.00,49,NA,4,NA
2022,census tract,2.0035.00,2.0035.00,21,NA,3,NA
2022,census tract,2.0039.00,2.0039.00,97,NA,4,NA
2022,census tract,2.0041.00,2.0041.00,14,NA,3.3,NA
2022,census tract,2.0042.00,2.0042.00,44,10,6,0.22727272727272727
2022,census tract,2.0043.00,2.0043.00,87,NA,6,NA
2022,census tract,2.0046.00,2.0046.00,11,NA,6,NA
2022,census tract,2.0048.00,2.0048.00,27,NA,4,NA
2022,census tract,2.0050.01,2.0050.01,18,NA,3,NA
2022,census tract,2.0050.02,2.0050.02,17,NA,3,NA
2022,census tract,2.0051.00,2.0051.00,40,NA,3,NA
2022,census tract,2.0052.00,2.0052.00,11,NA,NA,NA
2022,census tract,2.0054.00,2.0054.00,65,NA,4,NA
2022,census tract,2.0056.00,2.0056.00,22,NA,4,NA
2022,census tract,2.0059.02,2.0059.02,17,NA,5,NA
2022,census tract,2.0061.00,2.0061.00,36,NA,3.5,NA
2022,census tract,2.0062.00,2.0062.00,19,NA,5,NA
2022,census tract,2.0063.00,2.0063.00,101,NA,5,NA
2022,census tract,2.0065.00,2.0065.00,125,NA,5,NA
2022,census tract,2.0067.00,2.0067.00,74,NA,5,NA
2022,census tract,2.0069.00,2.0069.00,13,NA,3,NA
2022,census tract,2.0070.00,2.0070.00,28,NA,3.3299999999999996,NA
2022,census tract,2.0071.00,2.0071.00,36,NA,3,NA
2022,census tract,2.0072.00,2.0072.00,38,NA,4,NA
2022,census tract,2.0073.00,2.0073.00,31,NA,4,NA
2022,census tract,2.0075.00,2.0075.00,16,NA,2.5,NA
2022,census tract,2.0076.00,2.0076.00,63,NA,2.08,NA
2022,census tract,2.0077.00,2.0077.00,19,NA,3,NA
2022,census tract,2.0078.00,2.0078.00,33,NA,2,NA
2022,census tract,2.0079.00,2.0079.00,33,NA,4.08,NA
2022,census tract,2.0083.00,2.0083.00,47,NA,3,NA
2022,census tract,2.0085.00,2.0085.00,31,NA,2.5,NA
2022,census tract,2.0087.00,2.0087.00,49,NA,3.25,NA
2022,census tract,2.0089.00,2.0089.00,33,NA,3.5,NA
2022,census tract,2.0090.00,2.0090.00,14,NA,3.8499999999999996,NA
2022,census tract,2.0092.00,2.0092.00,69,NA,4.609999999999999,NA
2022,census tract,2.0093.00,2.0093.00,89,NA,2,NA
2022,census tract,2.0096.00,2.0096.00,19,NA,2,NA
2022,census tract,2.0115.02,2.0115.02,29,NA,3,NA
2022,census tract,2.0117.00,2.0117.00,17,NA,2.5,NA
2022,census tract,2.0119.00,2.0119.00,71,NA,6.88,NA
2022,census tract,2.0121.01,2.0121.01,15,NA,2,NA
2022,census tract,2.0123.00,2.0123.00,23,NA,2,NA
2022,census tract,2.0125.00,2.0125.00,21,NA,2,NA
2022,census tract,2.0127.01,2.0127.01,20,NA,4,NA
2022,census tract,2.0129.01,2.0129.01,57,NA,3,NA
2022,census tract,2.0131.00,2.0131.00,13,NA,3.23,NA
2022,census tract,2.0132.00,2.0132.00,10,NA,2,NA
2022,census tract,2.0141.00,2.0141.00,37,NA,3.58,NA
2022,census tract,2.0143.00,2.0143.00,11,NA,NA,NA
2022,census tract,2.0145.00,2.0145.00,39,NA,4,NA
2022,census tract,2.0149.00,2.0149.00,32,NA,3.25,NA
2022,census tract,2.0151.00,2.0151.00,34,NA,3,NA
2022,census tract,2.0152.00,2.0152.00,25,NA,2,NA
2022,census tract,2.0155.00,2.0155.00,33,NA,3,NA
2022,census tract,2.0157.00,2.0157.00,14,NA,2,NA
2022,census tract,2.0158.00,2.0158.00,13,NA,2,NA
2022,census tract,2.0159.00,2.0159.00,23,NA,5,NA
2022,census tract,2.0161.00,2.0161.00,68,NA,4,NA
2022,census tract,2.0162.00,2.0162.00,14,NA,3,NA
2022,census tract,2.0166.00,2.0166.00,15,NA,3,NA
2022,census tract,2.0167.00,2.0167.00,25,NA,2,NA
2022,census tract,2.0169.00,2.0169.00,16,NA,4,NA
2022,census tract,2.0173.00,2.0173.00,18,NA,3.5,NA
2022,census tract,2.0175.00,2.0175.00,26,NA,4,NA
2022,census tract,2.0177.01,2.0177.01,23,NA,3,NA
2022,census tract,2.0177.02,2.0177.02,22,NA,3,NA
2022,census tract,2.0179.01,2.0179.01,30,NA,5.25,NA
2022,census tract,2.0179.02,2.0179.02,22,NA,4.5,NA
2022,census tract,2.0181.01,2.0181.01,19,NA,5,NA
2022,census tract,2.0181.02,2.0181.02,37,NA,5,NA
2022,census tract,2.0183.01,2.0183.01,26,NA,4,NA
2022,census tract,2.0183.02,2.0183.02,12,NA,3,NA
2022,census tract,2.0184.00,2.0184.00,14,NA,4,NA
2022,census tract,2.0185.00,2.0185.00,70,NA,2.3499999999999996,NA
2022,census tract,2.0189.00,2.0189.00,44,NA,3.58,NA
2022,census tract,2.0194.00,2.0194.00,18,NA,3,NA
2022,census tract,2.0195.00,2.0195.00,26,NA,4,NA
2022,census tract,2.0197.00,2.0197.00,63,NA,5,NA
2022,census tract,2.0199.00,2.0199.00,33,NA,3,NA
2022,census tract,2.0200.00,2.0200.00,113,NA,3,NA
2022,census tract,2.0201.00,2.0201.00,13,NA,4,NA
2022,census tract,2.0202.00,2.0202.00,24,NA,3.6,NA
2022,census tract,2.0206.01,2.0206.01,11,NA,2,NA
2022,census tract,2.0209.00,2.0209.00,38,NA,3,NA
2022,census tract,2.0211.00,2.0211.00,19,NA,3,NA
2022,census tract,2.0213.01,2.0213.01,11,NA,5.5,NA
2022,census tract,2.0215.01,2.0215.01,30,NA,4,NA
2022,census tract,2.0215.02,2.0215.02,18,NA,4,NA
2022,census tract,2.0216.01,2.0216.01,27,NA,2.5,NA
2022,census tract,2.0216.02,2.0216.02,98,20,3.5,0.20408163265306123
2022,census tract,2.0217.00,2.0217.00,14,NA,2.1,NA
2022,census tract,2.0218.00,2.0218.00,28,NA,2.68,NA
2022,census tract,2.0219.00,2.0219.00,24,NA,1.82,NA
2022,census tract,2.0220.00,2.0220.00,16,NA,5.56,NA
2022,census tract,2.0221.01,2.0221.01,24,NA,6,NA
2022,census tract,2.0221.02,2.0221.02,31,NA,4,NA
2022,census tract,2.0222.00,2.0222.00,74,NA,3,NA
2022,census tract,2.0223.00,2.0223.00,42,NA,7,NA
2022,census tract,2.0224.01,2.0224.01,35,NA,5.25,NA
2022,census tract,2.0224.03,2.0224.03,18,NA,5.92,NA
2022,census tract,2.0224.04,2.0224.04,49,NA,4.08,NA
2022,census tract,2.0225.00,2.0225.00,45,NA,5,NA
2022,census tract,2.0227.01,2.0227.01,31,NA,4,NA
2022,census tract,2.0227.02,2.0227.02,30,NA,4,NA
2022,census tract,2.0227.03,2.0227.03,10,NA,7.92,NA
2022,census tract,2.0228.00,2.0228.00,23,NA,3,NA
2022,census tract,2.0229.02,2.0229.02,17,NA,6,NA
2022,census tract,2.0231.00,2.0231.00,44,NA,3,NA
2022,census tract,2.0232.00,2.0232.00,25,NA,3,NA
2022,census tract,2.0233.01,2.0233.01,26,NA,2,NA
2022,census tract,2.0233.02,2.0233.02,12,NA,NA,NA
2022,census tract,2.0235.01,2.0235.01,33,NA,5,NA
2022,census tract,2.0235.02,2.0235.02,27,NA,4.83,NA
2022,census tract,2.0236.00,2.0236.00,35,NA,3,NA
2022,census tract,2.0237.02,2.0237.02,33,NA,7,NA
2022,census tract,2.0237.03,2.0237.03,73,NA,5.21,NA
2022,census tract,2.0237.04,2.0237.04,48,NA,4,NA
2022,census tract,2.0238.00,2.0238.00,25,NA,3,NA
2022,census tract,2.0239.00,2.0239.00,86,NA,4,NA
2022,census tract,2.0240.00,2.0240.00,17,NA,3,NA
2022,census tract,2.0241.00,2.0241.00,65,NA,5,NA
2022,census tract,2.0243.00,2.0243.00,36,NA,5,NA
2022,census tract,2.0244.00,2.0244.00,21,NA,2,NA
2022,census tract,2.0245.01,2.0245.01,11,NA,5,NA
2022,census tract,2.0245.02,2.0245.02,21,NA,4,NA
2022,census tract,2.0248.00,2.0248.00,25,NA,3,NA
2022,census tract,2.0250.00,2.0250.00,13,NA,3,NA
2022,census tract,2.0251.00,2.0251.00,63,NA,4,NA
2022,census tract,2.0252.00,2.0252.00,27,NA,3,NA
2022,census tract,2.0253.00,2.0253.00,30,NA,5.46,NA
2022,census tract,2.0254.00,2.0254.00,22,NA,3,NA
2022,census tract,2.0256.00,2.0256.00,14,NA,1.6700000000000002,NA
2022,census tract,2.0257.00,2.0257.00,12,NA,2,NA
2022,census tract,2.0263.00,2.0263.00,27,NA,8,NA
2022,census tract,2.0264.00,2.0264.00,17,NA,3,NA
2022,census tract,2.0265.00,2.0265.00,44,NA,5,NA
2022,census tract,2.0266.01,2.0266.01,21,NA,3.14,NA
2022,census tract,2.0266.02,2.0266.02,66,NA,3.82,NA
2022,census tract,2.0267.01,2.0267.01,34,NA,1,NA
2022,census tract,2.0273.00,2.0273.00,23,NA,2,NA
2022,census tract,2.0277.00,2.0277.00,30,NA,5,NA
2022,census tract,2.0279.00,2.0279.00,14,NA,2.5,NA
2022,census tract,2.0283.00,2.0283.00,71,NA,4,NA
2022,census tract,2.0285.00,2.0285.00,22,NA,2.21,NA
2022,census tract,2.0287.00,2.0287.00,17,NA,3,NA
2022,census tract,2.0288.00,2.0288.00,32,NA,3.21,NA
2022,census tract,2.0289.00,2.0289.00,125,NA,5,NA
2022,census tract,2.0293.02,2.0293.02,41,11,4,0.2682926829268293
2022,census tract,2.0295.00,2.0295.00,73,NA,4,NA
2022,census tract,2.0296.00,2.0296.00,23,NA,1.33,NA
2022,census tract,2.0297.00,2.0297.00,31,NA,6,NA
2022,census tract,2.0300.00,2.0300.00,18,NA,3,NA
2022,census tract,2.0302.00,2.0302.00,19,NA,3,NA
2022,census tract,2.0310.00,2.0310.00,12,NA,NA,NA
2022,census tract,2.0312.00,2.0312.00,36,NA,4,NA
2022,census tract,2.0323.00,2.0323.00,13,NA,3,NA
2022,census tract,2.0326.00,2.0326.00,23,NA,3,NA
2022,census tract,2.0328.00,2.0328.00,23,NA,3.06,NA
2022,census tract,2.0330.00,2.0330.00,65,NA,3,NA
2022,census tract,2.0332.02,2.0332.02,20,NA,5.75,NA
2022,census tract,2.0336.00,2.0336.00,54,NA,8,NA
2022,census tract,2.0337.00,2.0337.00,43,NA,3,NA
2022,census tract,2.0338.00,2.0338.00,46,NA,3.58,NA
2022,census tract,2.0342.00,2.0342.00,23,NA,2,NA
2022,census tract,2.0344.00,2.0344.00,12,NA,2.65,NA
2022,census tract,2.0345.00,2.0345.00,14,NA,3.5,NA
2022,census tract,2.0348.00,2.0348.00,25,NA,2.25,NA
2022,census tract,2.0350.00,2.0350.00,20,NA,2.54,NA
2022,census tract,2.0358.00,2.0358.00,17,NA,2,NA
2022,census tract,2.0359.00,2.0359.00,22,NA,3,NA
2022,census tract,2.0363.00,2.0363.00,29,NA,5,NA
2022,census tract,2.0364.00,2.0364.00,26,NA,2.5,NA
2022,census tract,2.0365.01,2.0365.01,33,NA,4,NA
2022,census tract,2.0365.02,2.0365.02,26,NA,4,NA
2022,census tract,2.0369.01,2.0369.01,26,NA,18,NA
2022,census tract,2.0370.00,2.0370.00,19,NA,4,NA
2022,census tract,2.0371.00,2.0371.00,22,NA,8.5,NA
2022,census tract,2.0372.00,2.0372.00,17,NA,3,NA
2022,census tract,2.0373.00,2.0373.00,62,NA,4,NA
2022,census tract,2.0374.00,2.0374.00,42,NA,3,NA
2022,census tract,2.0375.04,2.0375.04,41,NA,3,NA
2022,census tract,2.0378.00,2.0378.00,15,NA,3.5,NA
2022,census tract,2.0379.00,2.0379.00,15,NA,4,NA
2022,census tract,2.0380.00,2.0380.00,34,NA,4,NA
2022,census tract,2.0381.00,2.0381.00,37,NA,4,NA
2022,census tract,2.0383.01,2.0383.01,16,NA,5.42,NA
2022,census tract,2.0383.02,2.0383.02,17,NA,2,NA
2022,census tract,2.0385.00,2.0385.00,31,NA,3.5,NA
2022,census tract,2.0386.00,2.0386.00,52,NA,2.46,NA
2022,census tract,2.0387.00,2.0387.00,31,NA,3,NA
2022,census tract,2.0389.00,2.0389.00,76,NA,6,NA
2022,census tract,2.0390.00,2.0390.00,24,NA,2.2800000000000002,NA
2022,census tract,2.0391.00,2.0391.00,103,NA,5.159999999999999,NA
2022,census tract,2.0392.00,2.0392.00,17,NA,4,NA
2022,census tract,2.0393.00,2.0393.00,21,NA,5,NA
2022,census tract,2.0394.00,2.0394.00,14,NA,4,NA
2022,census tract,2.0395.00,2.0395.00,56,NA,2,NA
2022,census tract,2.0396.00,2.0396.00,43,NA,3,NA
2022,census tract,2.0397.00,2.0397.00,46,NA,4.119999999999999,NA
2022,census tract,2.0399.01,2.0399.01,57,NA,5,NA
2022,census tract,2.0399.02,2.0399.02,69,NA,5.7700000000000005,NA
2022,census tract,2.0401.00,2.0401.00,39,NA,5,NA
2022,census tract,2.0403.02,2.0403.02,13,NA,2.9,NA
2022,census tract,2.0403.04,2.0403.04,12,NA,6,NA
2022,census tract,2.0404.00,2.0404.00,11,NA,3,NA
2022,census tract,2.0405.01,2.0405.01,13,NA,5,NA
2022,census tract,2.0405.02,2.0405.02,15,NA,5,NA
2022,census tract,2.0406.00,2.0406.00,54,NA,2.67,NA
2022,census tract,2.0407.01,2.0407.01,34,NA,3,NA
2022,census tract,2.0407.02,2.0407.02,36,NA,4,NA
2022,census tract,2.0408.00,2.0408.00,17,NA,2.67,NA
2022,census tract,2.0411.00,2.0411.00,27,NA,3.8299999999999996,NA
2022,census tract,2.0413.00,2.0413.00,25,NA,3.3699999999999997,NA
2022,census tract,2.0414.00,2.0414.00,33,NA,3,NA
2022,census tract,2.0415.00,2.0415.00,12,NA,2,NA
2022,census tract,2.0418.00,2.0418.00,43,NA,3,NA
2022,census tract,2.0419.00,2.0419.00,29,NA,4,NA
2022,census tract,2.0420.00,2.0420.00,24,NA,4,NA
2022,census tract,2.0421.00,2.0421.00,44,NA,4,NA
2022,census tract,2.0422.00,2.0422.00,57,NA,3,NA
2022,census tract,2.0423.00,2.0423.00,39,NA,4,NA
2022,census tract,2.0424.00,2.0424.00,18,NA,3.04,NA
2022,census tract,2.0425.00,2.0425.00,61,NA,3,NA
2022,census tract,2.0429.02,2.0429.02,20,NA,3,NA
2022,census tract,2.0431.00,2.0431.00,51,NA,3,NA
2022,census tract,2.0434.00,2.0434.00,59,NA,3,NA
2022,census tract,2.0442.00,2.0442.00,19,NA,NA,NA
2022,census tract,2.0449.02,2.0449.02,16,NA,2.5,NA
2022,census tract,2.0462.01,2.0462.01,214,NA,4,NA
2022,census tract,2.0462.02,2.0462.02,49,NA,2,NA
2022,census tract,2.0484.00,2.0484.00,27,NA,2.9899999999999998,NA
2022,census tract,2.0516.00,2.0516.00,29,NA,2,NA
2022,census tract,3,3,52,21,5,0.40384615384615385
2022,census tract,3.0001.00,3.0001.00,20,NA,6.2,NA
2022,census tract,3.0002.00,3.0002.00,46,NA,2.19,NA
2022,census tract,3.0005.01,3.0005.01,33,NA,22.5,NA
2022,census tract,3.0005.02,3.0005.02,58,NA,8,NA
2022,census tract,3.0007.00,3.0007.00,40,NA,11,NA
2022,census tract,3.0009.00,3.0009.00,88,NA,13,NA
2022,census tract,3.0011.00,3.0011.00,83,NA,7,NA
2022,census tract,3.0015.00,3.0015.00,64,NA,6,NA
2022,census tract,3.0018.00,3.0018.00,157,NA,2,NA
2022,census tract,3.0020.00,3.0020.00,25,NA,3,NA
2022,census tract,3.0021.00,3.0021.00,138,NA,48,NA
2022,census tract,3.0022.00,3.0022.00,39,NA,2.65,NA
2022,census tract,3.0033.00,3.0033.00,50,NA,6,NA
2022,census tract,3.0035.00,3.0035.00,53,NA,6,NA
2022,census tract,3.0037.00,3.0037.00,122,NA,7,NA
2022,census tract,3.0039.00,3.0039.00,38,NA,5.5,NA
2022,census tract,3.0041.00,3.0041.00,45,NA,5.5,NA
2022,census tract,3.0043.00,3.0043.00,71,NA,8,NA
2022,census tract,3.0045.00,3.0045.00,48,NA,7,NA
2022,census tract,3.0049.00,3.0049.00,11,NA,NA,NA
2022,census tract,3.0051.00,3.0051.00,25,NA,3,NA
2022,census tract,3.0053.00,3.0053.00,55,NA,1,NA
2022,census tract,3.0054.00,3.0054.00,16,NA,5,NA
2022,census tract,3.0056.01,3.0056.01,16,NA,3,NA
2022,census tract,3.0056.02,3.0056.02,10,NA,4,NA
2022,census tract,3.0058.00,3.0058.00,57,NA,4,NA
2022,census tract,3.0059.00,3.0059.00,23,NA,2,NA
2022,census tract,3.0060.00,3.0060.00,39,NA,4,NA
2022,census tract,3.0062.00,3.0062.00,25,NA,6.5,NA
2022,census tract,3.0064.00,3.0064.00,32,NA,3.57,NA
2022,census tract,3.0065.00,3.0065.00,28,NA,6.5,NA
2022,census tract,3.0066.00,3.0066.00,31,NA,4,NA
2022,census tract,3.0067.00,3.0067.00,28,NA,6,NA
2022,census tract,3.0068.00,3.0068.00,37,NA,4,NA
2022,census tract,3.0069.00,3.0069.00,43,NA,7,NA
2022,census tract,3.0071.00,3.0071.00,11,NA,2,NA
2022,census tract,3.0074.00,3.0074.00,28,NA,4,NA
2022,census tract,3.0075.00,3.0075.00,15,NA,7.5,NA
2022,census tract,3.0076.00,3.0076.00,39,NA,4.5,NA
2022,census tract,3.0077.00,3.0077.00,44,NA,4,NA
2022,census tract,3.0078.00,3.0078.00,42,NA,3.5,NA
2022,census tract,3.0080.00,3.0080.00,23,NA,4,NA
2022,census tract,3.0082.00,3.0082.00,20,NA,6.5,NA
2022,census tract,3.0084.00,3.0084.00,50,NA,3,NA
2022,census tract,3.0088.00,3.0088.00,15,NA,5,NA
2022,census tract,3.0090.00,3.0090.00,34,NA,2,NA
2022,census tract,3.0092.00,3.0092.00,28,NA,2,NA
2022,census tract,3.0094.00,3.0094.00,25,NA,5,NA
2022,census tract,3.0096.00,3.0096.00,36,NA,6,NA
2022,census tract,3.0098.00,3.0098.00,40,NA,3,NA
2022,census tract,3.0100.00,3.0100.00,33,NA,5,NA
2022,census tract,3.0101.00,3.0101.00,67,NA,2,NA
2022,census tract,3.0102.00,3.0102.00,27,NA,4.58,NA
2022,census tract,3.0104.00,3.0104.00,105,NA,5,NA
2022,census tract,3.0106.00,3.0106.00,73,NA,4,NA
2022,census tract,3.0108.00,3.0108.00,64,NA,5,NA
2022,census tract,3.0110.00,3.0110.00,12,NA,2,NA
2022,census tract,3.0112.00,3.0112.00,16,NA,5.5,NA
2022,census tract,3.0116.00,3.0116.00,20,NA,3,NA
2022,census tract,3.0117.00,3.0117.00,23,NA,4.5,NA
2022,census tract,3.0118.00,3.0118.00,69,NA,3,NA
2022,census tract,3.0119.00,3.0119.00,59,NA,4,NA
2022,census tract,3.0120.00,3.0120.00,59,NA,3,NA
2022,census tract,3.0121.00,3.0121.00,25,NA,5,NA
2022,census tract,3.0122.00,3.0122.00,43,NA,3.88,NA
2022,census tract,3.0126.00,3.0126.00,14,NA,3.17,NA
2022,census tract,3.0127.00,3.0127.00,25,NA,2.5,NA
2022,census tract,3.0129.01,3.0129.01,26,NA,11.11,NA
2022,census tract,3.0129.02,3.0129.02,40,NA,7.5,NA
2022,census tract,3.0130.00,3.0130.00,43,NA,4,NA
2022,census tract,3.0131.00,3.0131.00,28,NA,7.5,NA
2022,census tract,3.0132.00,3.0132.00,19,NA,3,NA
2022,census tract,3.0133.00,3.0133.00,40,NA,5,NA
2022,census tract,3.0134.00,3.0134.00,17,NA,3.4,NA
2022,census tract,3.0135.00,3.0135.00,24,NA,5.07,NA
2022,census tract,3.0136.00,3.0136.00,28,NA,4,NA
2022,census tract,3.0137.00,3.0137.00,32,NA,5,NA
2022,census tract,3.0138.00,3.0138.00,45,NA,4.75,NA
2022,census tract,3.0139.00,3.0139.00,32,NA,4,NA
2022,census tract,3.0141.00,3.0141.00,36,NA,4,NA
2022,census tract,3.0142.00,3.0142.00,26,NA,6.33,NA
2022,census tract,3.0143.00,3.0143.00,37,NA,3,NA
2022,census tract,3.0145.00,3.0145.00,36,NA,4,NA
2022,census tract,3.0149.00,3.0149.00,28,NA,5,NA
2022,census tract,3.0151.00,3.0151.00,32,NA,6.819999999999999,NA
2022,census tract,3.0153.00,3.0153.00,27,NA,8.83,NA
2022,census tract,3.0155.00,3.0155.00,29,NA,6,NA
2022,census tract,3.0157.00,3.0157.00,48,NA,8,NA
2022,census tract,3.0159.00,3.0159.00,41,NA,8,NA
2022,census tract,3.0160.00,3.0160.00,101,NA,5,NA
2022,census tract,3.0161.00,3.0161.00,46,NA,8,NA
2022,census tract,3.0162.00,3.0162.00,11,NA,NA,NA
2022,census tract,3.0163.00,3.0163.00,23,NA,4.470000000000001,NA
2022,census tract,3.0169.00,3.0169.00,32,NA,6,NA
2022,census tract,3.0172.00,3.0172.00,14,NA,3,NA
2022,census tract,3.0178.00,3.0178.00,17,NA,3,NA
2022,census tract,3.0181.00,3.0181.00,24,NA,6.5,NA
2022,census tract,3.0183.00,3.0183.00,22,NA,4,NA
2022,census tract,3.0187.00,3.0187.00,11,NA,NA,NA
2022,census tract,3.0190.00,3.0190.00,23,NA,3,NA
2022,census tract,3.0191.00,3.0191.00,20,NA,4,NA
2022,census tract,3.0192.00,3.0192.00,18,NA,3.42,NA
2022,census tract,3.0193.00,3.0193.00,23,NA,4,NA
2022,census tract,3.0194.00,3.0194.00,23,NA,2,NA
2022,census tract,3.0195.00,3.0195.00,19,NA,5,NA
2022,census tract,3.0196.00,3.0196.00,25,NA,3,NA
2022,census tract,3.0198.00,3.0198.00,10,NA,2.13,NA
2022,census tract,3.0199.00,3.0199.00,43,NA,3.5,NA
2022,census tract,3.0200.00,3.0200.00,20,NA,4,NA
2022,census tract,3.0201.00,3.0201.00,24,NA,5.13,NA
2022,census tract,3.0203.00,3.0203.00,13,NA,2.52,NA
2022,census tract,3.0205.00,3.0205.00,18,NA,6,NA
2022,census tract,3.0210.00,3.0210.00,10,NA,NA,NA
2022,census tract,3.0211.00,3.0211.00,17,NA,4,NA
2022,census tract,3.0212.00,3.0212.00,16,NA,2.63,NA
2022,census tract,3.0213.00,3.0213.00,19,NA,5,NA
2022,census tract,3.0214.00,3.0214.00,18,NA,1,NA
2022,census tract,3.0215.00,3.0215.00,15,NA,5,NA
2022,census tract,3.0217.00,3.0217.00,22,NA,6,NA
2022,census tract,3.0218.00,3.0218.00,19,NA,3,NA
2022,census tract,3.0219.00,3.0219.00,10,NA,NA,NA
2022,census tract,3.0220.00,3.0220.00,88,NA,3,NA
2022,census tract,3.0222.00,3.0222.00,37,NA,4,NA
2022,census tract,3.0224.00,3.0224.00,21,NA,3,NA
2022,census tract,3.0226.00,3.0226.00,22,NA,2.09,NA
2022,census tract,3.0227.00,3.0227.00,58,NA,3,NA
2022,census tract,3.0228.00,3.0228.00,18,NA,2,NA
2022,census tract,3.0230.00,3.0230.00,26,NA,3,NA
2022,census tract,3.0232.00,3.0232.00,30,NA,3,NA
2022,census tract,3.0233.00,3.0233.00,17,NA,4,NA
2022,census tract,3.0234.00,3.0234.00,35,NA,5,NA
2022,census tract,3.0235.00,3.0235.00,14,NA,3.13,NA
2022,census tract,3.0236.00,3.0236.00,24,NA,4.38,NA
2022,census tract,3.0238.00,3.0238.00,13,NA,3,NA
2022,census tract,3.0243.00,3.0243.00,13,NA,3.5,NA
2022,census tract,3.0244.00,3.0244.00,11,NA,3,NA
2022,census tract,3.0245.00,3.0245.00,29,NA,3,NA
2022,census tract,3.0247.00,3.0247.00,43,NA,4,NA
2022,census tract,3.0248.00,3.0248.00,27,NA,2,NA
2022,census tract,3.0249.00,3.0249.00,16,NA,4,NA
2022,census tract,3.0250.00,3.0250.00,12,NA,NA,NA
2022,census tract,3.0252.00,3.0252.00,38,NA,3,NA
2022,census tract,3.0253.00,3.0253.00,10,NA,4.5,NA
2022,census tract,3.0254.00,3.0254.00,14,NA,2,NA
2022,census tract,3.0256.00,3.0256.00,26,NA,3,NA
2022,census tract,3.0257.00,3.0257.00,10,NA,NA,NA
2022,census tract,3.0258.00,3.0258.00,18,NA,3.96,NA
2022,census tract,3.0259.01,3.0259.01,11,NA,3,NA
2022,census tract,3.0260.00,3.0260.00,29,NA,4.92,NA
2022,census tract,3.0261.00,3.0261.00,14,NA,NA,NA
2022,census tract,3.0264.00,3.0264.00,30,NA,3,NA
2022,census tract,3.0268.00,3.0268.00,15,NA,3,NA
2022,census tract,3.0269.00,3.0269.00,16,NA,5,NA
2022,census tract,3.0271.00,3.0271.00,15,NA,3.5,NA
2022,census tract,3.0272.00,3.0272.00,13,NA,3,NA
2022,census tract,3.0273.00,3.0273.00,23,NA,2,NA
2022,census tract,3.0274.00,3.0274.00,14,NA,3,NA
2022,census tract,3.0275.00,3.0275.00,29,NA,4,NA
2022,census tract,3.0276.00,3.0276.00,44,NA,3,NA
2022,census tract,3.0277.00,3.0277.00,14,NA,NA,NA
2022,census tract,3.0278.00,3.0278.00,38,NA,4,NA
2022,census tract,3.0280.00,3.0280.00,16,NA,2,NA
2022,census tract,3.0281.00,3.0281.00,31,NA,2,NA
2022,census tract,3.0282.00,3.0282.00,14,NA,3.8299999999999996,NA
2022,census tract,3.0284.00,3.0284.00,39,NA,34,NA
2022,census tract,3.0286.00,3.0286.00,10,NA,3.5,NA
2022,census tract,3.0287.00,3.0287.00,13,NA,4,NA
2022,census tract,3.0288.00,3.0288.00,48,NA,4.09,NA
2022,census tract,3.0289.00,3.0289.00,18,NA,3,NA
2022,census tract,3.0290.00,3.0290.00,30,NA,4,NA
2022,census tract,3.0291.00,3.0291.00,66,NA,4,NA
2022,census tract,3.0292.00,3.0292.00,18,NA,3,NA
2022,census tract,3.0294.00,3.0294.00,24,NA,4,NA
2022,census tract,3.0295.00,3.0295.00,17,NA,3.5,NA
2022,census tract,3.0296.00,3.0296.00,54,NA,4.14,NA
2022,census tract,3.0298.00,3.0298.00,27,NA,4,NA
2022,census tract,3.0300.00,3.0300.00,33,NA,3,NA
2022,census tract,3.0301.00,3.0301.00,17,NA,2.75,NA
2022,census tract,3.0303.00,3.0303.00,11,NA,NA,NA
2022,census tract,3.0305.00,3.0305.00,23,NA,4.5,NA
2022,census tract,3.0309.00,3.0309.00,14,NA,3,NA
2022,census tract,3.0315.00,3.0315.00,21,NA,2.5,NA
2022,census tract,3.0317.01,3.0317.01,21,NA,3,NA
2022,census tract,3.0317.02,3.0317.02,13,NA,5.5,NA
2022,census tract,3.0319.00,3.0319.00,16,NA,2.77,NA
2022,census tract,3.0321.00,3.0321.00,20,NA,3,NA
2022,census tract,3.0323.00,3.0323.00,21,NA,5,NA
2022,census tract,3.0325.00,3.0325.00,16,NA,NA,NA
2022,census tract,3.0326.00,3.0326.00,28,NA,3,NA
2022,census tract,3.0327.00,3.0327.00,26,NA,3,NA
2022,census tract,3.0328.00,3.0328.00,12,NA,6.5,NA
2022,census tract,3.0329.00,3.0329.00,32,NA,3.44,NA
2022,census tract,3.0331.00,3.0331.00,23,NA,2.08,NA
2022,census tract,3.0333.00,3.0333.00,16,NA,4.619999999999999,NA
2022,census tract,3.0337.00,3.0337.00,10,NA,NA,NA
2022,census tract,3.0339.00,3.0339.00,10,NA,NA,NA
2022,census tract,3.0342.00,3.0342.00,25,NA,3,NA
2022,census tract,3.0345.00,3.0345.00,21,NA,3.04,NA
2022,census tract,3.0348.00,3.0348.00,44,NA,2,NA
2022,census tract,3.0349.00,3.0349.00,35,NA,4,NA
2022,census tract,3.0350.00,3.0350.00,19,NA,14,NA
2022,census tract,3.0351.00,3.0351.00,77,NA,3,NA
2022,census tract,3.0352.00,3.0352.00,14,NA,1,NA
2022,census tract,3.0353.00,3.0353.00,14,NA,4,NA
2022,census tract,3.0354.00,3.0354.00,31,NA,5,NA
2022,census tract,3.0355.00,3.0355.00,42,NA,3,NA
2022,census tract,3.0356.02,3.0356.02,15,NA,3,NA
2022,census tract,3.0359.00,3.0359.00,12,NA,2.8,NA
2022,census tract,3.0360.01,3.0360.01,31,NA,7,NA
2022,census tract,3.0360.02,3.0360.02,17,NA,11,NA
2022,census tract,3.0361.00,3.0361.00,21,NA,2,NA
2022,census tract,3.0362.00,3.0362.00,61,NA,5,NA
2022,census tract,3.0364.00,3.0364.00,20,NA,8,NA
2022,census tract,3.0373.00,3.0373.00,17,NA,3,NA
2022,census tract,3.0374.02,3.0374.02,16,NA,3,NA
2022,census tract,3.0375.00,3.0375.00,20,NA,4,NA
2022,census tract,3.0377.00,3.0377.00,17,NA,3.63,NA
2022,census tract,3.0383.00,3.0383.00,10,NA,NA,NA
2022,census tract,3.0386.00,3.0386.00,50,NA,53,NA
2022,census tract,3.0387.00,3.0387.00,17,NA,3,NA
2022,census tract,3.0389.00,3.0389.00,44,NA,3,NA
2022,census tract,3.0391.00,3.0391.00,19,NA,6.04,NA
2022,census tract,3.0392.00,3.0392.00,29,NA,3,NA
2022,census tract,3.0393.00,3.0393.00,21,NA,2,NA
2022,census tract,3.0394.00,3.0394.00,28,NA,5.5,NA
2022,census tract,3.0395.00,3.0395.00,20,NA,17,NA
2022,census tract,3.0397.00,3.0397.00,23,NA,3,NA
2022,census tract,3.0398.00,3.0398.00,26,NA,5,NA
2022,census tract,3.0400.00,3.0400.00,36,NA,3,NA
2022,census tract,3.0401.00,3.0401.00,14,NA,3.88,NA
2022,census tract,3.0402.00,3.0402.00,21,NA,3.29,NA
2022,census tract,3.0403.00,3.0403.00,11,NA,NA,NA
2022,census tract,3.0404.00,3.0404.00,16,NA,2.7,NA
2022,census tract,3.0405.00,3.0405.00,10,NA,NA,NA
2022,census tract,3.0408.00,3.0408.00,23,NA,3.64,NA
2022,census tract,3.0412.00,3.0412.00,27,NA,3.4899999999999998,NA
2022,census tract,3.0418.00,3.0418.00,43,NA,4,NA
2022,census tract,3.0420.00,3.0420.00,23,NA,5,NA
2022,census tract,3.0421.00,3.0421.00,18,NA,3,NA
2022,census tract,3.0422.00,3.0422.00,34,NA,3,NA
2022,census tract,3.0423.00,3.0423.00,14,NA,1.5,NA
2022,census tract,3.0424.00,3.0424.00,13,NA,NA,NA
2022,census tract,3.0426.00,3.0426.00,23,NA,4,NA
2022,census tract,3.0427.00,3.0427.00,31,NA,3,NA
2022,census tract,3.0428.00,3.0428.00,14,NA,3,NA
2022,census tract,3.0429.00,3.0429.00,56,NA,4,NA
2022,census tract,3.0430.00,3.0430.00,21,NA,3,NA
2022,census tract,3.0431.00,3.0431.00,57,NA,4,NA
2022,census tract,3.0432.00,3.0432.00,23,NA,3,NA
2022,census tract,3.0433.00,3.0433.00,25,NA,4,NA
2022,census tract,3.0434.00,3.0434.00,12,NA,2,NA
2022,census tract,3.0435.00,3.0435.00,14,NA,3,NA
2022,census tract,3.0436.00,3.0436.00,24,NA,3.82,NA
2022,census tract,3.0438.00,3.0438.00,23,NA,3,NA
2022,census tract,3.0439.00,3.0439.00,50,NA,3,NA
2022,census tract,3.0441.00,3.0441.00,32,NA,3,NA
2022,census tract,3.0442.00,3.0442.00,11,NA,3.5,NA
2022,census tract,3.0443.00,3.0443.00,33,NA,4,NA
2022,census tract,3.0445.00,3.0445.00,30,NA,4,NA
2022,census tract,3.0447.00,3.0447.00,55,NA,5,NA
2022,census tract,3.0449.00,3.0449.00,42,NA,3,NA
2022,census tract,3.0453.00,3.0453.00,34,NA,4,NA
2022,census tract,3.0454.00,3.0454.00,27,NA,3,NA
2022,census tract,3.0456.00,3.0456.00,25,NA,4,NA
2022,census tract,3.0462.01,3.0462.01,11,NA,2,NA
2022,census tract,3.0462.02,3.0462.02,13,NA,NA,NA
2022,census tract,3.0474.00,3.0474.00,29,NA,3.3,NA
2022,census tract,3.0476.00,3.0476.00,20,NA,2.73,NA
2022,census tract,3.0477.00,3.0477.00,11,NA,3,NA
2022,census tract,3.0478.00,3.0478.00,22,NA,3,NA
2022,census tract,3.0480.00,3.0480.00,13,NA,3,NA
2022,census tract,3.0481.00,3.0481.00,21,NA,3,NA
2022,census tract,3.0484.00,3.0484.00,15,NA,5,NA
2022,census tract,3.0485.00,3.0485.00,78,NA,2,NA
2022,census tract,3.0486.00,3.0486.00,27,NA,3,NA
2022,census tract,3.0491.00,3.0491.00,85,NA,5,NA
2022,census tract,3.0492.00,3.0492.00,17,NA,2,NA
2022,census tract,3.0493.00,3.0493.00,37,NA,4,NA
2022,census tract,3.0494.00,3.0494.00,15,NA,4,NA
2022,census tract,3.0495.00,3.0495.00,55,NA,5,NA
2022,census tract,3.0496.00,3.0496.00,46,NA,4.59,NA
2022,census tract,3.0497.00,3.0497.00,37,NA,4.64,NA
2022,census tract,3.0499.00,3.0499.00,10,NA,NA,NA
2022,census tract,3.0501.00,3.0501.00,25,NA,3.5,NA
2022,census tract,3.0503.00,3.0503.00,21,NA,3,NA
2022,census tract,3.0504.00,3.0504.00,12,NA,14.33,NA
2022,census tract,3.0505.00,3.0505.00,22,NA,3,NA
2022,census tract,3.0506.00,3.0506.00,20,NA,3,NA
2022,census tract,3.0507.00,3.0507.00,27,NA,3,NA
2022,census tract,3.0508.01,3.0508.01,35,NA,4,NA
2022,census tract,3.0508.03,3.0508.03,17,NA,3,NA
2022,census tract,3.0510.02,3.0510.02,47,NA,7,NA
2022,census tract,3.0511.00,3.0511.00,23,NA,2.14,NA
2022,census tract,3.0513.00,3.0513.00,56,NA,3.5,NA
2022,census tract,3.0514.00,3.0514.00,11,NA,5,NA
2022,census tract,3.0515.00,3.0515.00,17,NA,5,NA
2022,census tract,3.0516.01,3.0516.01,10,NA,NA,NA
2022,census tract,3.0516.02,3.0516.02,14,NA,3.1,NA
2022,census tract,3.0517.00,3.0517.00,22,NA,4,NA
2022,census tract,3.0518.00,3.0518.00,13,NA,2,NA
2022,census tract,3.0519.00,3.0519.00,47,NA,4.5,NA
2022,census tract,3.0520.00,3.0520.00,18,NA,6,NA
2022,census tract,3.0523.00,3.0523.00,49,NA,6.55,NA
2022,census tract,3.0525.00,3.0525.00,56,NA,4,NA
2022,census tract,3.0526.00,3.0526.00,22,NA,3,NA
2022,census tract,3.0527.00,3.0527.00,39,NA,4,NA
2022,census tract,3.0530.00,3.0530.00,29,NA,5,NA
2022,census tract,3.0531.00,3.0531.00,21,NA,3,NA
2022,census tract,3.0533.00,3.0533.00,30,NA,2,NA
2022,census tract,3.0534.00,3.0534.00,28,NA,3,NA
2022,census tract,3.0535.00,3.0535.00,25,NA,3,NA
2022,census tract,3.0538.00,3.0538.00,28,NA,3.4099999999999997,NA
2022,census tract,3.0543.00,3.0543.00,41,19,NA,0.4634146341463415
2022,census tract,3.0549.00,3.0549.00,49,NA,4,NA
2022,census tract,3.0550.00,3.0550.00,14,NA,6,NA
2022,census tract,3.0551.00,3.0551.00,55,NA,7.5,NA
2022,census tract,3.0552.00,3.0552.00,49,NA,5.359999999999999,NA
2022,census tract,3.0553.00,3.0553.00,99,NA,9,NA
2022,census tract,3.0554.00,3.0554.00,98,14,4,0.14285714285714285
2022,census tract,3.0555.00,3.0555.00,146,NA,7,NA
2022,census tract,3.0557.00,3.0557.00,58,NA,7,NA
2022,census tract,3.0561.00,3.0561.00,93,NA,6,NA
2022,census tract,3.0563.00,3.0563.00,49,NA,4,NA
2022,census tract,3.0564.00,3.0564.00,15,NA,19,NA
2022,census tract,3.0565.00,3.0565.00,70,NA,7.44,NA
2022,census tract,3.0566.00,3.0566.00,13,NA,2,NA
2022,census tract,3.0569.00,3.0569.00,56,NA,6,NA
2022,census tract,3.0570.00,3.0570.00,47,NA,3,NA
2022,census tract,3.0571.00,3.0571.00,38,NA,3.64,NA
2022,census tract,3.0573.00,3.0573.00,14,NA,2,NA
2022,census tract,3.0574.00,3.0574.00,29,NA,4.42,NA
2022,census tract,3.0575.00,3.0575.00,50,NA,5,NA
2022,census tract,3.0576.00,3.0576.00,19,NA,3,NA
2022,census tract,3.0578.00,3.0578.00,48,NA,5,NA
2022,census tract,3.0579.00,3.0579.00,26,NA,3,NA
2022,census tract,3.0580.00,3.0580.00,23,NA,4,NA
2022,census tract,3.0582.00,3.0582.00,27,NA,4.87,NA
2022,census tract,3.0588.00,3.0588.00,21,NA,3,NA
2022,census tract,3.0589.00,3.0589.00,27,NA,2,NA
2022,census tract,3.0590.00,3.0590.00,22,NA,4,NA
2022,census tract,3.0591.00,3.0591.00,14,NA,4,NA
2022,census tract,3.0592.00,3.0592.00,24,NA,4,NA
2022,census tract,3.0593.00,3.0593.00,15,NA,2,NA
2022,census tract,3.0594.01,3.0594.01,32,NA,3,NA
2022,census tract,3.0594.02,3.0594.02,49,NA,3,NA
2022,census tract,3.0596.00,3.0596.00,33,NA,4,NA
2022,census tract,3.0600.00,3.0600.00,36,NA,5,NA
2022,census tract,3.0606.00,3.0606.00,101,15,4,0.1485148514851485
2022,census tract,3.0608.00,3.0608.00,37,NA,5,NA
2022,census tract,3.0610.03,3.0610.03,14,NA,4,NA
2022,census tract,3.0610.04,3.0610.04,46,NA,6,NA
2022,census tract,3.0622.00,3.0622.00,10,NA,NA,NA
2022,census tract,3.0628.00,3.0628.00,20,NA,25,NA
2022,census tract,3.0652.00,3.0652.00,19,NA,3,NA
2022,census tract,3.0662.00,3.0662.00,31,NA,3,NA
2022,census tract,3.0670.00,3.0670.00,11,NA,5,NA
2022,census tract,3.0672.00,3.0672.00,15,NA,18.5,NA
2022,census tract,3.0674.00,3.0674.00,10,NA,NA,NA
2022,census tract,3.0676.00,3.0676.00,10,NA,NA,NA
2022,census tract,3.0680.00,3.0680.00,18,NA,2,NA
2022,census tract,3.0682.00,3.0682.00,16,NA,1.58,NA
2022,census tract,3.0690.00,3.0690.00,11,NA,1.5,NA
2022,census tract,3.0696.02,3.0696.02,14,NA,4.46,NA
2022,census tract,3.0698.00,3.0698.00,20,NA,3.4699999999999998,NA
2022,census tract,3.0722.00,3.0722.00,24,NA,2,NA
2022,census tract,3.0728.00,3.0728.00,14,NA,3,NA
2022,census tract,3.0736.00,3.0736.00,16,NA,5,NA
2022,census tract,3.0740.00,3.0740.00,23,NA,3.29,NA
2022,census tract,3.0746.00,3.0746.00,22,NA,NA,NA
2022,census tract,3.0750.00,3.0750.00,10,NA,NA,NA
2022,census tract,3.0768.00,3.0768.00,22,NA,3,NA
2022,census tract,3.0770.00,3.0770.00,14,NA,5.5,NA
2022,census tract,3.0774.00,3.0774.00,42,NA,5.5,NA
2022,census tract,3.0784.00,3.0784.00,11,NA,NA,NA
2022,census tract,3.0786.00,3.0786.00,25,NA,4,NA
2022,census tract,3.0790.00,3.0790.00,30,NA,3,NA
2022,census tract,3.0792.00,3.0792.00,22,NA,4,NA
2022,census tract,3.0794.00,3.0794.00,47,NA,4,NA
2022,census tract,3.0796.01,3.0796.01,16,NA,3.13,NA
2022,census tract,3.0796.02,3.0796.02,30,NA,5,NA
2022,census tract,3.0798.01,3.0798.01,24,NA,5,NA
2022,census tract,3.0798.02,3.0798.02,56,NA,4,NA
2022,census tract,3.0800.00,3.0800.00,21,NA,3,NA
2022,census tract,3.0802.00,3.0802.00,24,NA,2,NA
2022,census tract,3.0804.00,3.0804.00,24,NA,3,NA
2022,census tract,3.0806.00,3.0806.00,17,NA,16,NA
2022,census tract,3.0810.00,3.0810.00,10,NA,NA,NA
2022,census tract,3.0814.00,3.0814.00,14,NA,3,NA
2022,census tract,3.0818.00,3.0818.00,18,NA,3,NA
2022,census tract,3.0820.00,3.0820.00,31,NA,2.5,NA
2022,census tract,3.0824.00,3.0824.00,28,NA,3,NA
2022,census tract,3.0826.00,3.0826.00,19,NA,2,NA
2022,census tract,3.0828.00,3.0828.00,26,NA,4,NA
2022,census tract,3.0830.00,3.0830.00,13,NA,62.5,NA
2022,census tract,3.0838.00,3.0838.00,17,NA,3,NA
2022,census tract,3.0840.00,3.0840.00,23,NA,3,NA
2022,census tract,3.0846.00,3.0846.00,21,NA,3,NA
2022,census tract,3.0856.00,3.0856.00,18,NA,2,NA
2022,census tract,3.0858.00,3.0858.00,18,NA,3,NA
2022,census tract,3.0860.00,3.0860.00,17,NA,2,NA
2022,census tract,4.0115.00,4.0115.00,102,NA,5,NA
2022,census tract,3.0862.00,3.0862.00,26,NA,3,NA
2022,census tract,3.0866.00,3.0866.00,14,NA,3,NA
2022,census tract,3.0868.00,3.0868.00,43,NA,4,NA
2022,census tract,3.0870.00,3.0870.00,15,NA,3,NA
2022,census tract,3.0878.00,3.0878.00,21,NA,2,NA
2022,census tract,3.0880.00,3.0880.00,14,NA,4,NA
2022,census tract,3.0882.00,3.0882.00,11,NA,NA,NA
2022,census tract,3.0888.00,3.0888.00,11,NA,NA,NA
2022,census tract,3.0890.00,3.0890.00,31,NA,3,NA
2022,census tract,3.0892.00,3.0892.00,76,NA,3,NA
2022,census tract,3.0900.00,3.0900.00,33,NA,2.5,NA
2022,census tract,3.0902.00,3.0902.00,43,NA,3,NA
2022,census tract,3.0906.00,3.0906.00,69,NA,2,NA
2022,census tract,3.0908.00,3.0908.00,25,NA,1.9,NA
2022,census tract,3.0924.00,3.0924.00,68,NA,4,NA
2022,census tract,3.0930.00,3.0930.00,11,NA,2,NA
2022,census tract,3.0932.00,3.0932.00,33,NA,8.5,NA
2022,census tract,3.0944.01,3.0944.01,12,NA,3,NA
2022,census tract,3.0950.00,3.0950.00,24,NA,3.67,NA
2022,census tract,3.0954.00,3.0954.00,28,NA,1,NA
2022,census tract,3.0956.00,3.0956.00,24,NA,3.25,NA
2022,census tract,3.0960.00,3.0960.00,47,NA,3,NA
2022,census tract,3.0966.00,3.0966.00,11,NA,NA,NA
2022,census tract,3.0968.00,3.0968.00,17,NA,4,NA
2022,census tract,3.0974.00,3.0974.00,37,NA,4,NA
2022,census tract,3.1010.00,3.1010.00,13,NA,NA,NA
2022,census tract,3.1070.00,3.1070.00,34,NA,3,NA
2022,census tract,3.1098.00,3.1098.00,18,NA,1.25,NA
2022,census tract,3.1104.00,3.1104.00,93,NA,4,NA
2022,census tract,3.1116.00,3.1116.00,12,NA,NA,NA
2022,census tract,3.1132.00,3.1132.00,11,NA,NA,NA
2022,census tract,3.1144.00,3.1144.00,22,NA,2,NA
2022,census tract,3.1150.00,3.1150.00,10,NA,NA,NA
2022,census tract,3.1156.00,3.1156.00,13,NA,3,NA
2022,census tract,3.1168.00,3.1168.00,10,NA,NA,NA
2022,census tract,3.1174.00,3.1174.00,11,NA,4,NA
2022,census tract,3.1176.01,3.1176.01,13,NA,3.3299999999999996,NA
2022,census tract,3.1176.02,3.1176.02,11,NA,NA,NA
2022,census tract,3.1178.00,3.1178.00,10,NA,NA,NA
2022,census tract,3.1184.00,3.1184.00,17,NA,2.29,NA
2022,census tract,3.1188.00,3.1188.00,44,NA,2,NA
2022,census tract,3.1190.00,3.1190.00,24,NA,3,NA
2022,census tract,3.1196.00,3.1196.00,17,NA,3.44,NA
2022,census tract,3.1198.00,3.1198.00,26,NA,2.5,NA
2022,census tract,3.1220.00,3.1220.00,11,NA,4,NA
2022,census tract,3.1237.00,3.1237.00,38,NA,2,NA
2022,census tract,3.1522.00,3.1522.00,19,NA,4.55,NA
2022,census tract,4,4,52,NA,8,NA
2022,census tract,4.0001.00,4.0001.00,64,NA,8,NA
2022,census tract,4.0004.00,4.0004.00,17,NA,2.73,NA
2022,census tract,4.0007.00,4.0007.00,109,NA,5,NA
2022,census tract,4.0010.00,4.0010.00,14,NA,3,NA
2022,census tract,4.0012.00,4.0012.00,12,NA,2,NA
2022,census tract,4.0018.00,4.0018.00,27,NA,2,NA
2022,census tract,4.0019.00,4.0019.00,131,NA,5,NA
2022,census tract,4.0022.00,4.0022.00,18,NA,3.08,NA
2022,census tract,4.0031.00,4.0031.00,33,NA,3,NA
2022,census tract,4.0033.00,4.0033.00,102,NA,4,NA
2022,census tract,4.0034.00,4.0034.00,19,NA,3.88,NA
2022,census tract,4.0038.00,4.0038.00,15,NA,4,NA
2022,census tract,4.0039.00,4.0039.00,17,NA,4,NA
2022,census tract,4.0040.01,4.0040.01,23,NA,2,NA
2022,census tract,4.0040.02,4.0040.02,20,NA,3,NA
2022,census tract,4.0045.00,4.0045.00,12,NA,4.5,NA
2022,census tract,4.0051.00,4.0051.00,27,NA,15,NA
2022,census tract,4.0053.00,4.0053.00,34,NA,6,NA
2022,census tract,4.0054.00,4.0054.00,19,NA,3,NA
2022,census tract,4.0055.00,4.0055.00,20,NA,3,NA
2022,census tract,4.0057.00,4.0057.00,58,NA,4,NA
2022,census tract,4.0058.00,4.0058.00,21,NA,3,NA
2022,census tract,4.0059.00,4.0059.00,42,NA,6,NA
2022,census tract,4.0061.00,4.0061.00,68,NA,3.3299999999999996,NA
2022,census tract,4.0062.01,4.0062.01,43,NA,5,NA
2022,census tract,4.0062.02,4.0062.02,29,NA,3,NA
2022,census tract,4.0063.00,4.0063.00,54,NA,4.17,NA
2022,census tract,4.0065.01,4.0065.01,21,NA,5.96,NA
2022,census tract,4.0065.02,4.0065.02,35,NA,4.18,NA
2022,census tract,4.0069.00,4.0069.00,57,NA,4.02,NA
2022,census tract,4.0071.00,4.0071.00,50,NA,4,NA
2022,census tract,4.0077.00,4.0077.00,20,NA,3,NA
2022,census tract,4.0079.00,4.0079.00,23,NA,4,NA
2022,census tract,4.0083.00,4.0083.00,27,NA,2,NA
2022,census tract,4.0085.00,4.0085.00,34,NA,2,NA
2022,census tract,4.0086.00,4.0086.00,18,NA,3,NA
2022,census tract,4.0088.00,4.0088.00,18,NA,4,NA
2022,census tract,4.0094.00,4.0094.00,18,NA,2,NA
2022,census tract,4.0096.00,4.0096.00,11,NA,5,NA
2022,census tract,4.0097.00,4.0097.00,12,NA,NA,NA
2022,census tract,4.0098.00,4.0098.00,26,NA,4.5,NA
2022,census tract,4.0100.00,4.0100.00,12,NA,NA,NA
2022,census tract,4.0103.00,4.0103.00,17,NA,2,NA
2022,census tract,4.0104.00,4.0104.00,11,NA,NA,NA
2022,census tract,4.0106.00,4.0106.00,19,NA,4,NA
2022,census tract,4.0113.00,4.0113.00,50,NA,4,NA
2022,census tract,4.0114.00,4.0114.00,17,NA,27.5,NA
2022,census tract,4.0116.00,4.0116.00,15,NA,3,NA
2022,census tract,4.0117.00,4.0117.00,19,NA,3.5,NA
2022,census tract,4.0118.00,4.0118.00,12,NA,3,NA
2022,census tract,4.0119.00,4.0119.00,30,NA,3.42,NA
2022,census tract,4.0121.00,4.0121.00,15,NA,5,NA
2022,census tract,4.0123.01,4.0123.01,32,NA,3,NA
2022,census tract,4.0125.00,4.0125.00,14,NA,3,NA
2022,census tract,4.0132.00,4.0132.00,24,NA,3,NA
2022,census tract,4.0136.00,4.0136.00,18,NA,4,NA
2022,census tract,4.0137.00,4.0137.00,18,NA,4,NA
2022,census tract,4.0138.00,4.0138.00,14,NA,3,NA
2022,census tract,4.0141.00,4.0141.00,34,NA,4,NA
2022,census tract,4.0142.01,4.0142.01,15,NA,1.33,NA
2022,census tract,4.0142.02,4.0142.02,30,NA,3,NA
2022,census tract,4.0143.00,4.0143.00,50,NA,4,NA
2022,census tract,4.0144.00,4.0144.00,28,NA,14,NA
2022,census tract,4.0147.00,4.0147.00,30,NA,3,NA
2022,census tract,4.0149.00,4.0149.00,52,NA,3,NA
2022,census tract,4.0151.00,4.0151.00,12,NA,5.1,NA
2022,census tract,4.0154.00,4.0154.00,10,NA,3,NA
2022,census tract,4.0155.00,4.0155.00,138,NA,4,NA
2022,census tract,4.0157.00,4.0157.00,38,NA,5,NA
2022,census tract,4.0158.01,4.0158.01,27,NA,3.7800000000000002,NA
2022,census tract,4.0158.02,4.0158.02,63,NA,4,NA
2022,census tract,4.0159.00,4.0159.00,16,NA,3.68,NA
2022,census tract,4.0161.00,4.0161.00,22,NA,4.5,NA
2022,census tract,4.0163.00,4.0163.00,18,NA,3,NA
2022,census tract,4.0166.00,4.0166.00,17,NA,2,NA
2022,census tract,4.0171.00,4.0171.00,50,NA,3,NA
2022,census tract,4.0179.00,4.0179.00,37,NA,3,NA
2022,census tract,4.0181.01,4.0181.01,36,NA,6,NA
2022,census tract,4.0181.02,4.0181.02,18,NA,7,NA
2022,census tract,4.0183.00,4.0183.00,61,NA,7,NA
2022,census tract,4.0185.01,4.0185.01,21,NA,3.1,NA
2022,census tract,4.0185.02,4.0185.02,44,NA,3.14,NA
2022,census tract,4.0189.00,4.0189.00,17,NA,2,NA
2022,census tract,4.0190.00,4.0190.00,24,NA,3,NA
2022,census tract,4.0199.00,4.0199.00,53,NA,2,NA
2022,census tract,4.0204.00,4.0204.00,12,NA,NA,NA
2022,census tract,4.0208.00,4.0208.00,23,NA,1.02,NA
2022,census tract,4.0212.00,4.0212.00,41,NA,3.57,NA
2022,census tract,4.0214.00,4.0214.00,40,NA,3,NA
2022,census tract,4.0216.00,4.0216.00,51,NA,4,NA
2022,census tract,4.0219.00,4.0219.00,31,NA,2,NA
2022,census tract,4.0220.02,4.0220.02,20,NA,NA,NA
2022,census tract,4.0235.00,4.0235.00,43,NA,4,NA
2022,census tract,4.0236.00,4.0236.00,27,NA,4.5,NA
2022,census tract,4.0238.00,4.0238.00,29,NA,3,NA
2022,census tract,4.0240.00,4.0240.00,54,NA,4,NA
2022,census tract,4.0245.00,4.0245.00,29,NA,3,NA
2022,census tract,4.0249.00,4.0249.00,34,NA,4,NA
2022,census tract,4.0251.00,4.0251.00,26,NA,4,NA
2022,census tract,4.0253.01,4.0253.01,35,NA,7.5,NA
2022,census tract,4.0253.02,4.0253.02,28,NA,3,NA
2022,census tract,4.0254.00,4.0254.00,18,NA,NA,NA
2022,census tract,4.0255.00,4.0255.00,23,NA,3,NA
2022,census tract,4.0257.00,4.0257.00,15,NA,NA,NA
2022,census tract,4.0259.00,4.0259.00,45,NA,4,NA
2022,census tract,4.0261.00,4.0261.00,71,NA,4,NA
2022,census tract,4.0263.00,4.0263.00,41,NA,5,NA
2022,census tract,4.0265.00,4.0265.00,41,NA,5,NA
2022,census tract,4.0267.00,4.0267.00,48,NA,5,NA
2022,census tract,4.0269.01,4.0269.01,96,NA,5,NA
2022,census tract,4.0269.02,4.0269.02,23,NA,5,NA
2022,census tract,4.0271.00,4.0271.00,44,NA,4,NA
2022,census tract,4.0272.00,4.0272.00,11,NA,24.5,NA
2022,census tract,4.0273.00,4.0273.00,109,NA,5,NA
2022,census tract,4.0275.00,4.0275.00,58,NA,5,NA
2022,census tract,4.0277.00,4.0277.00,80,NA,5,NA
2022,census tract,4.0279.00,4.0279.00,49,NA,6.25,NA
2022,census tract,4.0281.00,4.0281.00,26,NA,8,NA
2022,census tract,4.0282.00,4.0282.00,16,NA,5,NA
2022,census tract,4.0283.00,4.0283.00,124,NA,6.83,NA
2022,census tract,4.0284.00,4.0284.00,21,NA,3,NA
2022,census tract,4.0285.00,4.0285.00,35,NA,6,NA
2022,census tract,4.0287.00,4.0287.00,93,NA,5.33,NA
2022,census tract,4.0289.00,4.0289.00,80,NA,5,NA
2022,census tract,4.0291.00,4.0291.00,31,NA,5,NA
2022,census tract,4.0294.00,4.0294.00,19,NA,40,NA
2022,census tract,4.0295.00,4.0295.00,41,NA,4,NA
2022,census tract,4.0297.00,4.0297.00,51,NA,2,NA
2022,census tract,4.0306.00,4.0306.00,62,NA,2,NA
2022,census tract,4.0309.02,4.0309.02,18,NA,3.21,NA
2022,census tract,4.0309.03,4.0309.03,52,NA,3,NA
2022,census tract,4.0320.00,4.0320.00,30,NA,2,NA
2022,census tract,4.0328.00,4.0328.00,11,NA,4,NA
2022,census tract,4.0329.00,4.0329.00,22,NA,4.5,NA
2022,census tract,4.0334.01,4.0334.01,17,NA,3,NA
2022,census tract,4.0334.02,4.0334.02,18,NA,2,NA
2022,census tract,4.0339.00,4.0339.00,11,NA,4.17,NA
2022,census tract,4.0347.00,4.0347.00,10,NA,NA,NA
2022,census tract,4.0352.00,4.0352.00,39,NA,4,NA
2022,census tract,4.0353.00,4.0353.00,23,NA,3,NA
2022,census tract,4.0358.00,4.0358.00,14,NA,2.5,NA
2022,census tract,4.0363.00,4.0363.00,10,NA,NA,NA
2022,census tract,4.0366.00,4.0366.00,23,NA,2,NA
2022,census tract,4.0375.00,4.0375.00,96,NA,6.5,NA
2022,census tract,4.0377.00,4.0377.00,12,NA,3.42,NA
2022,census tract,4.0379.00,4.0379.00,18,NA,3.6,NA
2022,census tract,4.0383.01,4.0383.01,21,NA,2,NA
2022,census tract,4.0399.00,4.0399.00,24,NA,4,NA
2022,census tract,4.0401.00,4.0401.00,24,NA,3,NA
2022,census tract,4.0403.00,4.0403.00,65,NA,3.6,NA
2022,census tract,4.0405.00,4.0405.00,104,NA,4.71,NA
2022,census tract,4.0407.00,4.0407.00,38,NA,3.71,NA
2022,census tract,4.0409.00,4.0409.00,23,NA,6,NA
2022,census tract,4.0413.00,4.0413.00,12,NA,4,NA
2022,census tract,4.0415.00,4.0415.00,11,NA,NA,NA
2022,census tract,4.0427.00,4.0427.00,18,NA,3,NA
2022,census tract,4.0439.00,4.0439.00,28,NA,3.52,NA
2022,census tract,4.0443.02,4.0443.02,20,NA,6,NA
2022,census tract,4.0444.00,4.0444.00,80,NA,3,NA
2022,census tract,4.0446.01,4.0446.01,154,NA,5,NA
2022,census tract,4.0446.02,4.0446.02,44,NA,4,NA
2022,census tract,4.0450.00,4.0450.00,13,NA,3,NA
2022,census tract,4.0455.00,4.0455.00,39,NA,4,NA
2022,census tract,4.0458.00,4.0458.00,32,NA,3,NA
2022,census tract,4.0460.00,4.0460.00,56,NA,3,NA
2022,census tract,4.0461.00,4.0461.00,26,NA,3.5,NA
2022,census tract,4.0462.00,4.0462.00,27,NA,3.92,NA
2022,census tract,4.0463.00,4.0463.00,12,NA,8,NA
2022,census tract,4.0465.00,4.0465.00,46,NA,7,NA
2022,census tract,4.0466.00,4.0466.00,26,NA,4.5,NA
2022,census tract,4.0468.00,4.0468.00,19,NA,2.13,NA
2022,census tract,4.0469.00,4.0469.00,31,NA,2.88,NA
2022,census tract,4.0470.00,4.0470.00,11,NA,3,NA
2022,census tract,4.0471.00,4.0471.00,32,NA,4,NA
2022,census tract,4.0473.00,4.0473.00,50,NA,4,NA
2022,census tract,4.0475.00,4.0475.00,40,NA,3,NA
2022,census tract,4.0478.00,4.0478.00,14,NA,3,NA
2022,census tract,4.0479.00,4.0479.00,17,NA,4,NA
2022,census tract,4.0481.00,4.0481.00,16,NA,4.57,NA
2022,census tract,4.0483.00,4.0483.00,17,NA,3,NA
2022,census tract,4.0485.00,4.0485.00,45,NA,3,NA
2022,census tract,4.0489.00,4.0489.00,14,NA,NA,NA
2022,census tract,4.0493.02,4.0493.02,38,NA,3,NA
2022,census tract,4.0496.00,4.0496.00,11,NA,NA,NA
2022,census tract,4.0499.00,4.0499.00,16,NA,2.5,NA
2022,census tract,4.0500.00,4.0500.00,25,NA,3,NA
2022,census tract,4.0512.00,4.0512.00,14,NA,3.4099999999999997,NA
2022,census tract,4.0515.00,4.0515.00,21,NA,3,NA
2022,census tract,4.0517.00,4.0517.00,22,NA,3,NA
2022,census tract,4.0521.00,4.0521.00,12,NA,1.86,NA
2022,census tract,4.0531.00,4.0531.00,39,NA,2.75,NA
2022,census tract,4.0532.00,4.0532.00,19,NA,3.5,NA
2022,census tract,4.0534.01,4.0534.01,15,NA,3,NA
2022,census tract,4.0535.00,4.0535.00,33,NA,2,NA
2022,census tract,4.0539.00,4.0539.00,16,NA,2.5,NA
2022,census tract,4.0540.00,4.0540.00,26,NA,2,NA
2022,census tract,4.0542.00,4.0542.00,13,NA,2,NA
2022,census tract,4.0547.00,4.0547.00,15,NA,3.8899999999999997,NA
2022,census tract,4.0549.00,4.0549.00,51,NA,3,NA
2022,census tract,4.0551.00,4.0551.00,74,NA,4,NA
2022,census tract,4.0553.00,4.0553.00,48,NA,3,NA
2022,census tract,4.0555.00,4.0555.00,22,NA,2.5,NA
2022,census tract,4.0557.00,4.0557.00,27,NA,2.42,NA
2022,census tract,4.0559.00,4.0559.00,11,NA,NA,NA
2022,census tract,4.0566.00,4.0566.00,13,NA,2.5,NA
2022,census tract,4.0568.00,4.0568.00,49,NA,2.8099999999999996,NA
2022,census tract,4.0577.00,4.0577.00,31,NA,2.9099999999999997,NA
2022,census tract,4.0581.00,4.0581.00,17,NA,3.5,NA
2022,census tract,4.0583.00,4.0583.00,26,NA,3,NA
2022,census tract,4.0585.00,4.0585.00,17,NA,5,NA
2022,census tract,4.0587.00,4.0587.00,18,NA,3,NA
2022,census tract,4.0589.00,4.0589.00,20,NA,3,NA
2022,census tract,4.0591.00,4.0591.00,15,NA,3,NA
2022,census tract,4.0593.00,4.0593.00,12,NA,NA,NA
2022,census tract,4.0595.00,4.0595.00,17,NA,3.18,NA
2022,census tract,4.0596.00,4.0596.00,17,NA,3,NA
2022,census tract,4.0600.00,4.0600.00,13,NA,2,NA
2022,census tract,4.0603.00,4.0603.00,23,NA,3,NA
2022,census tract,4.0613.01,4.0613.01,45,NA,4,NA
2022,census tract,4.0619.00,4.0619.00,20,NA,3,NA
2022,census tract,4.0621.00,4.0621.00,14,NA,3.8299999999999996,NA
2022,census tract,4.0622.00,4.0622.00,10,NA,3.46,NA
2022,census tract,4.0626.00,4.0626.00,21,NA,3,NA
2022,census tract,4.0627.00,4.0627.00,11,NA,NA,NA
2022,census tract,4.0629.00,4.0629.00,18,NA,2.9899999999999998,NA
2022,census tract,4.0630.00,4.0630.00,12,NA,3,NA
2022,census tract,4.0632.00,4.0632.00,45,NA,3,NA
2022,census tract,4.0637.00,4.0637.00,60,NA,2,NA
2022,census tract,4.0638.00,4.0638.00,19,NA,2,NA
2022,census tract,4.0645.00,4.0645.00,16,NA,3,NA
2022,census tract,4.0654.00,4.0654.00,35,NA,3,NA
2022,census tract,4.0657.02,4.0657.02,11,NA,NA,NA
2022,census tract,4.0657.03,4.0657.03,29,NA,2.63,NA
2022,census tract,4.0663.00,4.0663.00,13,NA,2,NA
2022,census tract,4.0671.00,4.0671.00,14,NA,3,NA
2022,census tract,4.0679.00,4.0679.00,21,NA,2.13,NA
2022,census tract,4.0683.00,4.0683.00,36,NA,7,NA
2022,census tract,4.0687.00,4.0687.00,17,NA,3.32,NA
2022,census tract,4.0693.00,4.0693.00,94,NA,5,NA
2022,census tract,4.0695.00,4.0695.00,20,NA,3.88,NA
2022,census tract,4.0697.01,4.0697.01,11,NA,NA,NA
2022,census tract,4.0707.00,4.0707.00,14,NA,3,NA
2022,census tract,4.0709.00,4.0709.00,16,NA,3,NA
2022,census tract,4.0711.00,4.0711.00,86,NA,6,NA
2022,census tract,4.0713.03,4.0713.03,51,NA,5,NA
2022,census tract,4.0713.04,4.0713.04,34,11,3,0.3235294117647059
2022,census tract,4.0713.05,4.0713.05,12,NA,5,NA
2022,census tract,4.0713.06,4.0713.06,36,NA,4.5,NA
2022,census tract,4.0717.01,4.0717.01,64,NA,5,NA
2022,census tract,4.0717.02,4.0717.02,35,NA,6,NA
2022,census tract,4.0731.00,4.0731.00,19,NA,2,NA
2022,census tract,4.0737.00,4.0737.00,97,NA,8,NA
2022,census tract,4.0743.00,4.0743.00,47,NA,1,NA
2022,census tract,4.0757.01,4.0757.01,35,NA,5.25,NA
2022,census tract,4.0757.02,4.0757.02,10,NA,NA,NA
2022,census tract,4.0769.01,4.0769.01,37,NA,3.73,NA
2022,census tract,4.0769.02,4.0769.02,24,NA,5,NA
2022,census tract,4.0775.00,4.0775.00,31,NA,3,NA
2022,census tract,4.0779.02,4.0779.02,38,NA,5,NA
2022,census tract,4.0779.04,4.0779.04,30,NA,6,NA
2022,census tract,4.0779.06,4.0779.06,24,NA,4.55,NA
2022,census tract,4.0779.07,4.0779.07,15,NA,30,NA
2022,census tract,4.0793.00,4.0793.00,11,NA,60.5,NA
2022,census tract,4.0797.01,4.0797.01,15,NA,25,NA
2022,census tract,4.0797.02,4.0797.02,60,NA,4,NA
2022,census tract,4.0799.00,4.0799.00,11,NA,NA,NA
2022,census tract,4.0803.01,4.0803.01,10,NA,NA,NA
2022,census tract,4.0837.00,4.0837.00,11,NA,6,NA
2022,census tract,4.0838.00,4.0838.00,18,NA,2.7,NA
2022,census tract,4.0840.00,4.0840.00,23,NA,3.03,NA
2022,census tract,4.0845.00,4.0845.00,15,NA,3,NA
2022,census tract,4.0849.00,4.0849.00,181,17,5,0.09392265193370165
2022,census tract,4.0853.00,4.0853.00,96,NA,9,NA
2022,census tract,4.0855.00,4.0855.00,27,NA,4,NA
2022,census tract,4.0857.00,4.0857.00,16,NA,3,NA
2022,census tract,4.0859.00,4.0859.00,38,NA,8,NA
2022,census tract,4.0861.00,4.0861.00,11,NA,NA,NA
2022,census tract,4.0863.00,4.0863.00,10,NA,NA,NA
2022,census tract,4.0864.00,4.0864.00,13,NA,2,NA
2022,census tract,4.0865.00,4.0865.00,54,NA,4,NA
2022,census tract,4.0869.00,4.0869.00,243,20,4,0.0823045267489712
2022,census tract,4.0871.00,4.0871.00,337,22,8,0.06528189910979229
2022,census tract,4.0889.01,4.0889.01,36,NA,28.5,NA
2022,census tract,4.0892.00,4.0892.00,91,NA,4,NA
2022,census tract,4.0907.00,4.0907.00,20,NA,NA,NA
2022,census tract,4.0919.00,4.0919.00,31,NA,2,NA
2022,census tract,4.0925.00,4.0925.00,49,NA,2.59,NA
2022,census tract,4.0929.00,4.0929.00,18,NA,2,NA
2022,census tract,4.0934.02,4.0934.02,33,NA,3,NA
2022,census tract,4.0938.00,4.0938.00,53,NA,3,NA
2022,census tract,4.0942.02,4.0942.02,23,NA,2,NA
2022,census tract,4.0945.00,4.0945.00,47,NA,3,NA
2022,census tract,4.0954.00,4.0954.00,19,NA,4,NA
2022,census tract,4.0973.00,4.0973.00,10,NA,1.76,NA
2022,census tract,4.0981.00,4.0981.00,66,NA,15,NA
2022,census tract,4.0987.00,4.0987.00,53,NA,3,NA
2022,census tract,4.0992.00,4.0992.00,10,NA,NA,NA
2022,census tract,4.0997.04,4.0997.04,72,13,5,0.18055555555555555
2022,census tract,4.0998.01,4.0998.01,21,NA,5.5,NA
2022,census tract,4.1008.02,4.1008.02,57,NA,3.8299999999999996,NA
2022,census tract,4.1010.01,4.1010.01,46,NA,3,NA
2022,census tract,4.1017.00,4.1017.00,68,NA,3,NA
2022,census tract,4.1032.01,4.1032.01,20,NA,3.8099999999999996,NA
2022,census tract,4.1032.02,4.1032.02,30,NA,2,NA
2022,census tract,4.1039.00,4.1039.00,10,NA,NA,NA
2022,census tract,4.1047.00,4.1047.00,26,NA,28,NA
2022,census tract,4.1072.01,4.1072.01,14,NA,2,NA
2022,census tract,4.1085.00,4.1085.00,16,NA,3,NA
2022,census tract,4.1099.00,4.1099.00,48,NA,3,NA
2022,census tract,4.1123.00,4.1123.00,75,NA,4.85,NA
2022,census tract,4.1129.00,4.1129.00,17,NA,4,NA
2022,census tract,4.1139.00,4.1139.00,24,NA,3,NA
2022,census tract,4.1155.00,4.1155.00,23,NA,4,NA
2022,census tract,4.1157.00,4.1157.00,49,NA,7,NA
2022,census tract,4.1159.00,4.1159.00,19,NA,3,NA
2022,census tract,4.1161.00,4.1161.00,13,NA,3.5,NA
2022,census tract,4.1163.00,4.1163.00,37,NA,7,NA
2022,census tract,4.1167.00,4.1167.00,36,NA,5,NA
2022,census tract,4.1171.00,4.1171.00,161,NA,4,NA
2022,census tract,4.1175.00,4.1175.00,39,NA,5,NA
2022,census tract,4.1181.00,4.1181.00,15,NA,3,NA
2022,census tract,4.1185.00,4.1185.00,12,NA,NA,NA
2022,census tract,4.1191.00,4.1191.00,32,NA,3,NA
2022,census tract,4.1205.00,4.1205.00,12,NA,5,NA
2022,census tract,4.1223.00,4.1223.00,10,NA,NA,NA
2022,census tract,4.1227.01,4.1227.01,57,NA,22,NA
2022,census tract,4.1227.02,4.1227.02,24,NA,2,NA
2022,census tract,4.1241.00,4.1241.00,19,NA,4.5,NA
2022,census tract,4.1257.00,4.1257.00,14,NA,3,NA
2022,census tract,4.1265.00,4.1265.00,18,NA,3,NA
2022,census tract,4.1267.00,4.1267.00,13,NA,3,NA
2022,census tract,4.1277.00,4.1277.00,72,NA,5,NA
2022,census tract,4.1291.03,4.1291.03,22,NA,5,NA
2022,census tract,4.1291.04,4.1291.04,26,NA,3,NA
2022,census tract,4.1301.00,4.1301.00,18,NA,3,NA
2022,census tract,4.1333.00,4.1333.00,32,NA,3,NA
2022,census tract,4.1339.00,4.1339.00,35,NA,5,NA
2022,census tract,4.1341.00,4.1341.00,31,NA,3,NA
2022,census tract,4.1347.00,4.1347.00,68,10,6.13,0.14705882352941177
2022,census tract,4.1367.00,4.1367.00,20,NA,5,NA
2022,census tract,4.1417.00,4.1417.00,15,NA,30,NA
2022,census tract,4.1429.00,4.1429.00,18,NA,4,NA
2022,census tract,4.1435.00,4.1435.00,16,NA,2.8299999999999996,NA
2022,census tract,4.1447.00,4.1447.00,43,NA,3,NA
2022,census tract,4.1451.02,4.1451.02,10,NA,NA,NA
2022,census tract,4.1459.00,4.1459.00,19,NA,2.86,NA
2022,census tract,4.1463.00,4.1463.00,36,NA,4,NA
2022,census tract,4.1467.00,4.1467.00,94,NA,5,NA
2022,census tract,4.1471.00,4.1471.00,61,NA,4,NA
2022,census tract,4.1479.00,4.1479.00,86,NA,3,NA
2022,census tract,4.1507.02,4.1507.02,50,NA,4,NA
2022,census tract,4.1529.01,4.1529.01,23,NA,4.55,NA
2022,census tract,4.1551.02,4.1551.02,45,NA,4,NA
2022,census tract,4.1571.01,4.1571.01,40,NA,3,NA
2022,census tract,4.1579.01,4.1579.01,24,NA,4,NA
2022,census tract,4.1579.02,4.1579.02,21,NA,3,NA
2022,census tract,4.1617.00,4.1617.00,20,NA,4,NA
2022,census tract,4.1621.00,4.1621.00,11,NA,NA,NA
2022,census tract,5.0003.00,5.0003.00,57,NA,2.02,NA
2022,census tract,5.0006.00,5.0006.00,42,NA,2,NA
2022,census tract,5.0008.00,5.0008.00,39,NA,2,NA
2022,census tract,5.0021.00,5.0021.00,64,NA,2,NA
2022,census tract,5.0027.00,5.0027.00,14,NA,NA,NA
2022,census tract,5.0040.00,5.0040.00,22,NA,1.55,NA
2022,census tract,5.0050.00,5.0050.00,22,NA,3,NA
2022,census tract,5.0059.00,5.0059.00,11,NA,NA,NA
2022,census tract,5.0064.00,5.0064.00,34,NA,2,NA
2022,census tract,5.0067.00,5.0067.00,18,NA,3,NA
2022,census tract,5.0070.00,5.0070.00,54,NA,3,NA
2022,census tract,5.0081.00,5.0081.00,10,NA,NA,NA
2022,census tract,5.0096.01,5.0096.01,33,NA,2,NA
2022,census tract,5.0096.02,5.0096.02,30,NA,5.17,NA
2022,census tract,5.0105.00,5.0105.00,31,NA,9.209999999999999,NA
2022,census tract,5.0112.01,5.0112.01,40,NA,3,NA
2022,census tract,5.0112.02,5.0112.02,75,NA,2,NA
2022,census tract,5.0114.01,5.0114.01,33,NA,4,NA
2022,census tract,5.0114.02,5.0114.02,24,NA,3,NA
2022,census tract,5.0121.00,5.0121.00,29,NA,3,NA
2022,census tract,5.0122.00,5.0122.00,58,NA,3,NA
2022,census tract,5.0128.04,5.0128.04,64,NA,50,NA
2022,census tract,5.0132.03,5.0132.03,29,NA,2,NA
2022,census tract,5.0132.04,5.0132.04,12,NA,4.76,NA
2022,census tract,5.0133.02,5.0133.02,79,NA,1.44,NA
2022,census tract,5.0134.00,5.0134.00,47,NA,3,NA
2022,census tract,5.0146.04,5.0146.04,42,NA,4,NA
2022,census tract,5.0146.05,5.0146.05,15,NA,3,NA
2022,census tract,5.0146.07,5.0146.07,61,NA,16,NA
2022,census tract,5.0147.00,5.0147.00,10,NA,NA,NA
2022,census tract,5.0151.00,5.0151.00,51,NA,3.14,NA
2022,census tract,5.0156.01,5.0156.01,65,NA,3,NA
2022,census tract,5.0156.02,5.0156.02,19,NA,3,NA
2022,census tract,5.0156.03,5.0156.03,55,NA,24,NA
2022,census tract,5.0169.01,5.0169.01,33,NA,4.88,NA
2022,census tract,5.0170.05,5.0170.05,29,NA,3.1,NA
2022,census tract,5.0170.11,5.0170.11,21,NA,3,NA
2022,census tract,5.0181.00,5.0181.00,28,NA,2,NA
2022,census tract,5.0187.01,5.0187.01,26,NA,3,NA
2022,census tract,5.0189.01,5.0189.01,21,NA,2.11,NA
2022,census tract,5.0198.00,5.0198.00,21,NA,4,NA
2022,census tract,5.0201.00,5.0201.00,21,NA,3.17,NA
2022,census tract,5.0207.00,5.0207.00,39,NA,1.44,NA
2022,census tract,5.0208.01,5.0208.01,35,NA,3.5,NA
2022,census tract,5.0213.00,5.0213.00,33,NA,3,NA
2022,census tract,5.0223.00,5.0223.00,21,NA,1,NA
2022,census tract,5.0226.00,5.0226.00,244,12,2.71,0.04918032786885246
2022,census tract,5.0228.00,5.0228.00,18,NA,2.92,NA
2022,census tract,5.0231.00,5.0231.00,18,NA,2.19,NA
2022,census tract,5.0247.00,5.0247.00,17,NA,4,NA
2022,census tract,5.0248.00,5.0248.00,81,NA,3,NA
2022,census tract,5.0273.01,5.0273.01,10,NA,NA,NA
2022,census tract,5.0277.02,5.0277.02,94,NA,22,NA
2022,census tract,5.0277.06,5.0277.06,25,NA,5,NA
2022,census tract,5.0279.00,5.0279.00,12,NA,3,NA
2022,census tract,5.0291.02,5.0291.02,65,NA,2,NA
2022,census tract,5.0291.03,5.0291.03,67,NA,3,NA
2022,census tract,5.0291.04,5.0291.04,33,NA,3,NA
2022,census tract,5.0303.01,5.0303.01,23,NA,3,NA
2022,census tract,5.0303.02,5.0303.02,30,NA,2,NA
2022,census tract,5.0323.00,5.0323.00,22,NA,NA,NA
2023,citywide,Citywide,Citywide,62611,NA,5,NA
2023,borough,Manhattan,MN,23651,NA,9,NA
2023,borough,Bronx,BX,8087,500,4,0.06182762458266353
2023,borough,Brooklyn,BK,15034,NA,4,NA
2023,borough,Queens,QN,13423,872,4,0.06496312299783953
2023,borough,Staten Island,SI,2416,165,3,0.06829470198675497
2023,council district,1,1,4455,572,9,0.12839506172839507
2023,council district,2,2,2670,252,9,0.09438202247191012
2023,council district,3,3,4199,530,10,0.12622052869730888
2023,council district,4,4,4504,635,13,0.14098579040852577
2023,council district,5,5,1613,173,9,0.10725356478611284
2023,council district,6,6,1444,146,11,0.10110803324099724
2023,council district,7,7,1184,114,7,0.09628378378378379
2023,council district,8,8,1182,127,4,0.10744500846023688
2023,council district,9,9,1125,121,5,0.10755555555555556
2023,council district,10,10,1760,104,6,0.05909090909090909
2023,council district,11,11,1001,61,4,0.060939060939060936
2023,council district,12,12,614,13,3,0.021172638436482084
2023,council district,13,13,866,40,3,0.046189376443418015
2023,council district,14,14,901,48,4,0.05327413984461709
2023,council district,15,15,1173,75,4.1899999999999995,0.0639386189258312
2023,council district,16,16,903,49,4,0.05426356589147287
2023,council district,17,17,1288,95,3.96,0.07375776397515528
2023,council district,18,18,832,48,3.3299999999999996,0.057692307692307696
2023,council district,19,19,1265,71,4,0.05612648221343874
2023,council district,20,20,1595,118,5,0.07398119122257053
2023,council district,21,21,998,53,5,0.0531062124248497
2023,council district,22,22,1308,61,4,0.046636085626911315
2023,council district,23,23,579,48,4,0.08290155440414508
2023,council district,24,24,710,44,4,0.061971830985915494
2023,council district,25,25,1171,50,6,0.04269854824935952
2023,council district,26,26,1373,107,4,0.07793153678077203
2023,council district,27,27,799,80,4,0.10012515644555695
2023,council district,28,28,374,16,3,0.0427807486631016
2023,council district,29,29,1035,65,4,0.06280193236714976
2023,council district,30,30,849,50,3,0.05889281507656066
2023,council district,31,31,456,33,3,0.07236842105263158
2023,council district,32,32,654,58,3,0.08868501529051988
2023,council district,33,33,1914,188,6,0.09822361546499478
2023,council district,34,34,1554,132,4,0.08494208494208494
2023,council district,35,35,789,71,5,0.08998732572877059
2023,council district,36,36,658,65,3.21,0.09878419452887538
2023,council district,37,37,670,53,3,0.0791044776119403
2023,council district,38,38,1476,131,3,0.08875338753387534
2023,council district,39,39,1056,67,5,0.0634469696969697
2023,council district,40,40,857,61,4,0.07117852975495916
2023,council district,41,41,681,41,3,0.06020558002936858
2023,council district,42,42,395,28,3,0.07088607594936709
2023,council district,43,43,1094,52,4,0.04753199268738574
2023,council district,44,44,883,26,3,0.02944507361268403
2023,council district,45,45,696,47,3,0.06752873563218391
2023,council district,46,46,657,40,3,0.060882800608828
2023,council district,47,47,870,58,4,0.06666666666666667
2023,council district,48,48,989,68,4,0.06875631951466127
2023,council district,49,49,717,65,3,0.09065550906555091
2023,council district,50,50,886,64,3,0.07223476297968397
2023,council district,51,51,830,39,3,0.046987951807228916
2023,census tract,1000201,1000201,11,NA,9,NA
2023,census tract,1000600,1000600,92,NA,6,NA
2023,census tract,1000700,1000700,110,NA,11,NA
2023,census tract,1000800,1000800,194,NA,6,NA
2023,census tract,1000900,1000900,106,NA,10.5,NA
2023,census tract,1001200,1001200,18,NA,2,NA
2023,census tract,1001300,1001300,109,NA,9,NA
2023,census tract,1001401,1001401,34,NA,8,NA
2023,census tract,1001402,1001402,73,NA,6,NA
2023,census tract,1001501,1001501,82,NA,8.5,NA
2023,census tract,1001502,1001502,220,NA,12,NA
2023,census tract,1001600,1001600,319,35,6,0.109717868338558
2023,census tract,1001800,1001800,301,42,8,0.13953488372093023
2023,census tract,1002100,1002100,214,24,10,0.11214953271028037
2023,census tract,1002201,1002201,60,NA,6,NA
2023,census tract,1002202,1002202,25,NA,6.67,NA
2023,census tract,1002601,1002601,20,NA,5,NA
2023,census tract,1002602,1002602,37,NA,5.96,NA
2023,census tract,1002700,1002700,51,NA,5,NA
2023,census tract,1002800,1002800,41,NA,6,NA
2023,census tract,1002901,1002901,10,NA,18,NA
2023,census tract,1002902,1002902,256,27,7,0.10546875
2023,census tract,1003001,1003001,206,NA,8,NA
2023,census tract,1003002,1003002,40,NA,9,NA
2023,census tract,1003100,1003100,73,NA,12.5,NA
2023,census tract,1003200,1003200,170,NA,9,NA
2023,census tract,1003300,1003300,280,25,8,0.08928571428571429
2023,census tract,1003400,1003400,127,NA,8,NA
2023,census tract,1003601,1003601,72,NA,7.5,NA
2023,census tract,1003602,1003602,53,NA,8.129999999999999,NA
2023,census tract,1003700,1003700,108,NA,8,NA
2023,census tract,1003800,1003800,281,NA,9,NA
2023,census tract,1003900,1003900,115,11,9,0.09565217391304348
2023,census tract,1004001,1004001,94,NA,10,NA
2023,census tract,1004002,1004002,61,NA,9,NA
2023,census tract,1004100,1004100,367,30,9,0.08174386920980926
2023,census tract,1004200,1004200,62,NA,9,NA
2023,census tract,1004300,1004300,231,25,16,0.10822510822510822
2023,census tract,1004400,1004400,21,NA,8,NA
2023,census tract,1004500,1004500,171,NA,13,NA
2023,census tract,1004700,1004700,256,22,12,0.0859375
2023,census tract,1004800,1004800,69,NA,9,NA
2023,census tract,1004900,1004900,367,28,15,0.07629427792915532
2023,census tract,1005000,1005000,71,NA,10,NA
2023,census tract,1005200,1005200,133,NA,11,NA
2023,census tract,1005400,1005400,174,NA,8.67,NA
2023,census tract,1005501,1005501,34,NA,12.5,NA
2023,census tract,1005502,1005502,117,NA,11,NA
2023,census tract,1005600,1005600,91,NA,11.92,NA
2023,census tract,1005700,1005700,50,NA,10.5,NA
2023,census tract,1005800,1005800,213,NA,10,NA
2023,census tract,1005900,1005900,90,NA,12,NA
2023,census tract,1006100,1006100,133,NA,10.5,NA
2023,census tract,1006200,1006200,17,NA,2,NA
2023,census tract,1006300,1006300,130,NA,10,NA
2023,census tract,1006400,1006400,94,NA,9,NA
2023,census tract,1006500,1006500,181,15,11,0.08287292817679558
2023,census tract,1006600,1006600,85,NA,8,NA
2023,census tract,1006700,1006700,160,NA,14,NA
2023,census tract,1006800,1006800,153,NA,9.33,NA
2023,census tract,1006900,1006900,21,NA,6.5,NA
2023,census tract,1007001,1007001,19,NA,9.5,NA
2023,census tract,1007002,1007002,70,NA,12,NA
2023,census tract,1007100,1007100,141,NA,10,NA
2023,census tract,1007200,1007200,145,NA,9,NA
2023,census tract,1007300,1007300,189,NA,15,NA
2023,census tract,1007400,1007400,204,31,8,0.15196078431372548
2023,census tract,1007500,1007500,48,NA,12,NA
2023,census tract,1007600,1007600,257,NA,13,NA
2023,census tract,1007700,1007700,124,NA,13.5,NA
2023,census tract,1007800,1007800,82,NA,8,NA
2023,census tract,1007900,1007900,101,NA,16,NA
2023,census tract,1008000,1008000,155,NA,10.5,NA
2023,census tract,1008100,1008100,160,NA,9,NA
2023,census tract,1008200,1008200,194,NA,11,NA
2023,census tract,1008300,1008300,55,NA,12,NA
2023,census tract,1008400,1008400,203,15,6,0.07389162561576355
2023,census tract,1008603,1008603,24,NA,7.5,NA
2023,census tract,1008700,1008700,106,NA,11,NA
2023,census tract,1008800,1008800,99,NA,10,NA
2023,census tract,1008900,1008900,40,NA,12,NA
2023,census tract,1009000,1009000,108,NA,10,NA
2023,census tract,1009100,1009100,188,24,10,0.1276595744680851
2023,census tract,1009200,1009200,189,NA,15.5,NA
2023,census tract,1009300,1009300,69,NA,9,NA
2023,census tract,1009400,1009400,142,NA,13,NA
2023,census tract,1009500,1009500,221,21,7,0.09502262443438914
2023,census tract,1009600,1009600,357,26,23,0.07282913165266107
2023,census tract,1009700,1009700,11,NA,4,NA
2023,census tract,1009800,1009800,192,33,9.5,0.171875
2023,census tract,1009901,1009901,133,NA,8,NA
2023,census tract,1009902,1009902,68,NA,6,NA
2023,census tract,1009903,1009903,46,NA,8,NA
2023,census tract,1010000,1010000,116,NA,9.5,NA
2023,census tract,1010100,1010100,169,NA,11,NA
2023,census tract,1010200,1010200,172,NA,17,NA
2023,census tract,1010300,1010300,163,NA,14,NA
2023,census tract,1010400,1010400,245,38,12,0.15510204081632653
2023,census tract,1010601,1010601,17,NA,7,NA
2023,census tract,1010602,1010602,29,NA,9,NA
2023,census tract,1010801,1010801,49,NA,10.5,NA
2023,census tract,1010802,1010802,48,NA,9,NA
2023,census tract,1010803,1010803,80,NA,7,NA
2023,census tract,1010900,1010900,284,NA,7,NA
2023,census tract,1011000,1011000,151,NA,10,NA
2023,census tract,1011100,1011100,117,NA,9,NA
2023,census tract,1011201,1011201,86,NA,10,NA
2023,census tract,1011202,1011202,91,NA,29,NA
2023,census tract,1011203,1011203,115,NA,13,NA
2023,census tract,1011300,1011300,207,NA,12,NA
2023,census tract,1011401,1011401,75,NA,25,NA
2023,census tract,1011402,1011402,109,NA,11,NA
2023,census tract,1011500,1011500,80,14,8,0.175
2023,census tract,1011600,1011600,20,NA,10,NA
2023,census tract,1011800,1011800,99,NA,11,NA
2023,census tract,1011900,1011900,143,18,28.5,0.1258741258741259
2023,census tract,1012000,1012000,81,NA,14,NA
2023,census tract,1012101,1012101,53,NA,14.5,NA
2023,census tract,1012102,1012102,55,NA,12,NA
2023,census tract,1012200,1012200,129,20,22,0.15503875968992248
2023,census tract,1012400,1012400,56,NA,10.5,NA
2023,census tract,1012500,1012500,125,NA,18,NA
2023,census tract,1012601,1012601,66,NA,11,NA
2023,census tract,1012602,1012602,66,NA,11,NA
2023,census tract,1012700,1012700,173,NA,12,NA
2023,census tract,1012800,1012800,148,NA,10.5,NA
2023,census tract,1012901,1012901,46,NA,7,NA
2023,census tract,1012902,1012902,30,NA,6,NA
2023,census tract,1013000,1013000,97,NA,21.5,NA
2023,census tract,1013100,1013100,130,NA,13,NA
2023,census tract,1013201,1013201,38,NA,9,NA
2023,census tract,1013203,1013203,46,NA,12,NA
2023,census tract,1013300,1013300,123,NA,13,NA
2023,census tract,1013400,1013400,165,12,10,0.07272727272727272
2023,census tract,1013501,1013501,22,NA,7,NA
2023,census tract,1013502,1013502,44,NA,13,NA
2023,census tract,1013602,1013602,15,NA,7.07,NA
2023,census tract,1013603,1013603,24,NA,7,NA
2023,census tract,1013604,1013604,41,NA,10,NA
2023,census tract,1013700,1013700,174,NA,11,NA
2023,census tract,1013800,1013800,152,NA,10,NA
2023,census tract,1013900,1013900,135,NA,13.83,NA
2023,census tract,1014000,1014000,178,NA,15,NA
2023,census tract,1014200,1014200,118,11,19,0.09322033898305085
2023,census tract,1014401,1014401,27,NA,7,NA
2023,census tract,1014402,1014402,43,NA,10,NA
2023,census tract,1014500,1014500,50,NA,9,NA
2023,census tract,1014601,1014601,105,NA,10,NA
2023,census tract,1014602,1014602,88,NA,10,NA
2023,census tract,1014700,1014700,13,NA,NA,NA
2023,census tract,1014801,1014801,49,NA,15.5,NA
2023,census tract,1014802,1014802,87,NA,11,NA
2023,census tract,1014900,1014900,36,NA,11,NA
2023,census tract,1015001,1015001,34,NA,13,NA
2023,census tract,1015002,1015002,53,NA,16,NA
2023,census tract,1015102,1015102,29,NA,6.5,NA
2023,census tract,1015200,1015200,38,NA,6,NA
2023,census tract,1015301,1015301,31,NA,21,NA
2023,census tract,1015302,1015302,86,11,12.5,0.12790697674418605
2023,census tract,1015401,1015401,41,NA,9,NA
2023,census tract,1015402,1015402,41,NA,8,NA
2023,census tract,1015403,1015403,26,NA,5,NA
2023,census tract,1015501,1015501,17,NA,10.5,NA
2023,census tract,1015601,1015601,27,NA,7,NA
2023,census tract,1015700,1015700,190,NA,11,NA
2023,census tract,1015801,1015801,64,NA,9,NA
2023,census tract,1015802,1015802,24,NA,8.5,NA
2023,census tract,1015900,1015900,56,NA,8,NA
2023,census tract,1016001,1016001,34,NA,11,NA
2023,census tract,1016100,1016100,55,NA,13,NA
2023,census tract,1016200,1016200,19,NA,1,NA
2023,census tract,1016300,1016300,57,12,11,0.21052631578947367
2023,census tract,1016500,1016500,59,NA,12,NA
2023,census tract,1016600,1016600,57,NA,5,NA
2023,census tract,1016700,1016700,111,NA,11,NA
2023,census tract,1016900,1016900,96,NA,11,NA
2023,census tract,1017000,1017000,81,NA,5,NA
2023,census tract,1017100,1017100,81,NA,10,NA
2023,census tract,1017200,1017200,116,NA,4,NA
2023,census tract,1017300,1017300,31,NA,9,NA
2023,census tract,1017402,1017402,17,NA,5,NA
2023,census tract,1017500,1017500,65,NA,11.67,NA
2023,census tract,1017700,1017700,34,NA,7,NA
2023,census tract,1017800,1017800,39,NA,3.3299999999999996,NA
2023,census tract,1017900,1017900,48,NA,10,NA
2023,census tract,1018000,1018000,41,NA,3.2,NA
2023,census tract,1018100,1018100,35,NA,7.17,NA
2023,census tract,1018200,1018200,68,NA,6,NA
2023,census tract,1018300,1018300,76,NA,12,NA
2023,census tract,1018400,1018400,61,NA,3,NA
2023,census tract,1018500,1018500,27,NA,6,NA
2023,census tract,1018600,1018600,12,NA,5.5,NA
2023,census tract,1018700,1018700,62,NA,10,NA
2023,census tract,1018800,1018800,68,NA,4,NA
2023,census tract,1018900,1018900,49,NA,5.5,NA
2023,census tract,1019000,1019000,27,NA,4,NA
2023,census tract,1019100,1019100,55,NA,9,NA
2023,census tract,1019300,1019300,78,NA,6.37,NA
2023,census tract,1019400,1019400,31,NA,3.14,NA
2023,census tract,1019500,1019500,64,NA,8,NA
2023,census tract,1019600,1019600,54,NA,5,NA
2023,census tract,1019702,1019702,15,NA,3.5,NA
2023,census tract,1019800,1019800,61,NA,5,NA
2023,census tract,1019900,1019900,56,NA,10,NA
2023,census tract,1020000,1020000,57,NA,7,NA
2023,census tract,1020102,1020102,27,NA,4,NA
2023,census tract,1020600,1020600,21,NA,5,NA
2023,census tract,1020701,1020701,11,NA,3,NA
2023,census tract,1020800,1020800,19,NA,5,NA
2023,census tract,1020901,1020901,28,NA,8,NA
2023,census tract,1021100,1021100,45,NA,6,NA
2023,census tract,1021200,1021200,55,25,4,0.45454545454545453
2023,census tract,1021303,1021303,23,NA,5,NA
2023,census tract,1021500,1021500,22,NA,4,NA
2023,census tract,1021600,1021600,36,NA,5,NA
2023,census tract,1021800,1021800,68,NA,5.53,NA
2023,census tract,1021900,1021900,45,NA,4,NA
2023,census tract,1022000,1022000,39,NA,5,NA
2023,census tract,1022200,1022200,93,NA,6.25,NA
2023,census tract,1022301,1022301,53,NA,6,NA
2023,census tract,1022400,1022400,37,NA,5,NA
2023,census tract,1022500,1022500,88,NA,7,NA
2023,census tract,1022600,1022600,79,NA,5,NA
2023,census tract,1022700,1022700,32,NA,8,NA
2023,census tract,1022800,1022800,56,NA,5,NA
2023,census tract,1022900,1022900,94,NA,7,NA
2023,census tract,1023000,1023000,47,NA,4,NA
2023,census tract,1023100,1023100,42,NA,4.83,NA
2023,census tract,1023200,1023200,68,NA,4,NA
2023,census tract,1023300,1023300,89,14,7,0.15730337078651685
2023,census tract,1023400,1023400,24,NA,4,NA
2023,census tract,1023501,1023501,22,NA,3,NA
2023,census tract,1023600,1023600,27,NA,1,NA
2023,census tract,1023700,1023700,44,NA,5.5,NA
2023,census tract,1023804,1023804,15,NA,NA,NA
2023,census tract,1023900,1023900,16,NA,5,NA
2023,census tract,1024100,1024100,49,NA,6,NA
2023,census tract,1024200,1024200,24,NA,3,NA
2023,census tract,1024301,1024301,34,NA,5,NA
2023,census tract,1024500,1024500,191,16,7,0.08376963350785341
2023,census tract,1024900,1024900,12,NA,4,NA
2023,census tract,1025100,1025100,38,NA,6,NA
2023,census tract,1025300,1025300,134,NA,7,NA
2023,census tract,1025700,1025700,35,NA,6,NA
2023,census tract,1025900,1025900,34,NA,4,NA
2023,census tract,1026100,1026100,96,NA,7.33,NA
2023,census tract,1026300,1026300,119,NA,9,NA
2023,census tract,1026500,1026500,63,NA,8,NA
2023,census tract,1026900,1026900,123,NA,5,NA
2023,census tract,1027100,1027100,125,NA,8,NA
2023,census tract,1027300,1027300,50,NA,7,NA
2023,census tract,1027700,1027700,57,NA,5.6899999999999995,NA
2023,census tract,1027900,1027900,76,NA,6,NA
2023,census tract,1028300,1028300,57,NA,5.63,NA
2023,census tract,1028500,1028500,81,NA,5,NA
2023,census tract,1028700,1028700,52,NA,7,NA
2023,census tract,1029100,1029100,107,NA,5.609999999999999,NA
2023,census tract,1029300,1029300,162,NA,5,NA
2023,census tract,1029500,1029500,63,NA,7,NA
2023,census tract,1029900,1029900,45,NA,3.67,NA
2023,census tract,1030300,1030300,39,NA,5.25,NA
2023,census tract,1030700,1030700,13,NA,3,NA
2023,census tract,1030900,1030900,40,NA,5,NA
2023,census tract,1031703,1031703,45,NA,6,NA
2023,census tract,1031704,1031704,36,NA,7,NA
2023,census tract,2001901,2001901,31,NA,3,NA
2023,census tract,2001902,2001902,21,NA,3,NA
2023,census tract,2002002,2002002,11,NA,NA,NA
2023,census tract,2002500,2002500,36,NA,6,NA
2023,census tract,2002701,2002701,19,NA,5,NA
2023,census tract,2002702,2002702,47,NA,4,NA
2023,census tract,2002800,2002800,31,NA,4.33,NA
2023,census tract,2003100,2003100,48,NA,6,NA
2023,census tract,2003500,2003500,24,NA,3,NA
2023,census tract,2003900,2003900,89,NA,4,NA
2023,census tract,2004100,2004100,12,NA,3,NA
2023,census tract,2004200,2004200,41,NA,5,NA
2023,census tract,2004300,2004300,85,NA,6,NA
2023,census tract,2004400,2004400,16,NA,2.51,NA
2023,census tract,2004800,2004800,18,NA,3.08,NA
2023,census tract,2005001,2005001,18,NA,3,NA
2023,census tract,2005002,2005002,30,NA,5,NA
2023,census tract,2005100,2005100,39,NA,3,NA
2023,census tract,2005200,2005200,10,NA,NA,NA
2023,census tract,2005400,2005400,81,NA,4,NA
2023,census tract,2005600,2005600,22,NA,4,NA
2023,census tract,2005902,2005902,17,NA,6,NA
2023,census tract,2006100,2006100,36,NA,4,NA
2023,census tract,2006200,2006200,19,NA,5,NA
2023,census tract,2006301,2006301,83,NA,4,NA
2023,census tract,2006500,2006500,123,NA,4,NA
2023,census tract,2006700,2006700,78,NA,5,NA
2023,census tract,2006900,2006900,19,NA,4,NA
2023,census tract,2007000,2007000,28,NA,3.67,NA
2023,census tract,2007100,2007100,47,NA,3,NA
2023,census tract,2007200,2007200,44,NA,4,NA
2023,census tract,2007300,2007300,25,NA,8,NA
2023,census tract,2007500,2007500,15,NA,2,NA
2023,census tract,2007600,2007600,67,NA,3.5,NA
2023,census tract,2007700,2007700,21,NA,3,NA
2023,census tract,2007800,2007800,45,NA,2.7600000000000002,NA
2023,census tract,2007900,2007900,31,NA,3.3299999999999996,NA
2023,census tract,2008300,2008300,47,NA,2.96,NA
2023,census tract,2008500,2008500,17,NA,2,NA
2023,census tract,2008700,2008700,43,NA,3.4299999999999997,NA
2023,census tract,2008900,2008900,35,NA,5,NA
2023,census tract,2009000,2009000,11,NA,NA,NA
2023,census tract,2009200,2009200,80,NA,5,NA
2023,census tract,2009301,2009301,39,NA,2,NA
2023,census tract,2009302,2009302,26,NA,2,NA
2023,census tract,2009600,2009600,14,NA,1.33,NA
2023,census tract,2011502,2011502,32,NA,3,NA
2023,census tract,2011701,2011701,11,NA,2,NA
2023,census tract,2011900,2011900,64,NA,6,NA
2023,census tract,2012102,2012102,12,NA,3,NA
2023,census tract,2012300,2012300,47,NA,2,NA
2023,census tract,2012500,2012500,15,NA,3,NA
2023,census tract,2012701,2012701,36,NA,3,NA
2023,census tract,2012901,2012901,59,NA,4,NA
2023,census tract,2013100,2013100,13,NA,NA,NA
2023,census tract,2014100,2014100,42,NA,3,NA
2023,census tract,2014300,2014300,17,NA,2.5,NA
2023,census tract,2014500,2014500,28,NA,4,NA
2023,census tract,2014900,2014900,33,NA,3.5,NA
2023,census tract,2015100,2015100,28,NA,3,NA
2023,census tract,2015200,2015200,24,NA,2,NA
2023,census tract,2015500,2015500,22,NA,3,NA
2023,census tract,2015700,2015700,14,NA,3,NA
2023,census tract,2015900,2015900,20,NA,5.42,NA
2023,census tract,2016100,2016100,68,NA,4,NA
2023,census tract,2016200,2016200,20,NA,2.21,NA
2023,census tract,2016400,2016400,15,NA,2.5,NA
2023,census tract,2016600,2016600,14,NA,3.3499999999999996,NA
2023,census tract,2016700,2016700,20,NA,2,NA
2023,census tract,2016900,2016900,12,NA,2,NA
2023,census tract,2017300,2017300,18,NA,4,NA
2023,census tract,2017500,2017500,28,NA,4,NA
2023,census tract,2017701,2017701,24,NA,3.42,NA
2023,census tract,2017702,2017702,17,NA,3,NA
2023,census tract,2017901,2017901,40,NA,4.25,NA
2023,census tract,2017902,2017902,20,NA,5,NA
2023,census tract,2018101,2018101,19,NA,4,NA
2023,census tract,2018102,2018102,50,NA,4,NA
2023,census tract,2018301,2018301,14,NA,4,NA
2023,census tract,2018400,2018400,28,NA,3,NA
2023,census tract,2018501,2018501,24,NA,2,NA
2023,census tract,2018502,2018502,27,NA,2,NA
2023,census tract,2018900,2018900,45,NA,3,NA
2023,census tract,2019400,2019400,12,NA,NA,NA
2023,census tract,2019500,2019500,37,NA,4.17,NA
2023,census tract,2019700,2019700,75,NA,5,NA
2023,census tract,2019900,2019900,44,NA,4,NA
2023,census tract,2020000,2020000,109,NA,3,NA
2023,census tract,2020100,2020100,12,NA,4,NA
2023,census tract,2020200,2020200,20,NA,3,NA
2023,census tract,2020601,2020601,15,NA,2.5,NA
2023,census tract,2020900,2020900,33,NA,3,NA
2023,census tract,2021100,2021100,26,NA,3,NA
2023,census tract,2021301,2021301,10,NA,NA,NA
2023,census tract,2021302,2021302,15,NA,3,NA
2023,census tract,2021501,2021501,28,NA,4,NA
2023,census tract,2021502,2021502,16,NA,3.5,NA
2023,census tract,2021601,2021601,28,NA,2,NA
2023,census tract,2021602,2021602,94,NA,4,NA
2023,census tract,2021800,2021800,27,NA,3,NA
2023,census tract,2021900,2021900,27,NA,3.92,NA
2023,census tract,2022000,2022000,18,NA,2,NA
2023,census tract,2022101,2022101,39,NA,3,NA
2023,census tract,2022102,2022102,20,NA,4,NA
2023,census tract,2022200,2022200,79,NA,3,NA
2023,census tract,2022300,2022300,36,NA,8,NA
2023,census tract,2022401,2022401,35,NA,5,NA
2023,census tract,2022403,2022403,25,NA,5.83,NA
2023,census tract,2022404,2022404,47,NA,4,NA
2023,census tract,2022500,2022500,45,NA,5,NA
2023,census tract,2022701,2022701,29,NA,3.5,NA
2023,census tract,2022702,2022702,36,NA,4,NA
2023,census tract,2022703,2022703,10,NA,6,NA
2023,census tract,2022800,2022800,25,NA,3,NA
2023,census tract,2022902,2022902,20,NA,6,NA
2023,census tract,2023100,2023100,43,NA,4,NA
2023,census tract,2023200,2023200,24,NA,3,NA
2023,census tract,2023301,2023301,26,NA,2,NA
2023,census tract,2023302,2023302,11,NA,3.7600000000000002,NA
2023,census tract,2023501,2023501,37,NA,4.17,NA
2023,census tract,2023502,2023502,30,NA,4.5,NA
2023,census tract,2023600,2023600,18,NA,2,NA
2023,census tract,2023702,2023702,41,NA,6.29,NA
2023,census tract,2023703,2023703,70,NA,5,NA
2023,census tract,2023704,2023704,42,NA,5.2,NA
2023,census tract,2023800,2023800,26,NA,3,NA
2023,census tract,2023900,2023900,73,NA,4,NA
2023,census tract,2024000,2024000,12,NA,NA,NA
2023,census tract,2024100,2024100,63,NA,5,NA
2023,census tract,2024300,2024300,44,NA,4.67,NA
2023,census tract,2024400,2024400,17,NA,2,NA
2023,census tract,2024501,2024501,10,NA,5.5,NA
2023,census tract,2024502,2024502,32,NA,4,NA
2023,census tract,2025000,2025000,34,NA,4,NA
2023,census tract,2025100,2025100,53,NA,4,NA
2023,census tract,2025200,2025200,30,NA,3,NA
2023,census tract,2025300,2025300,37,NA,4,NA
2023,census tract,2025400,2025400,19,NA,3.04,NA
2023,census tract,2025600,2025600,13,NA,1.92,NA
2023,census tract,2026300,2026300,22,NA,6.54,NA
2023,census tract,2026400,2026400,20,NA,3,NA
2023,census tract,2026500,2026500,47,NA,4.04,NA
2023,census tract,2026601,2026601,12,NA,2.5,NA
2023,census tract,2026602,2026602,57,NA,3.21,NA
2023,census tract,2026701,2026701,26,NA,3.44,NA
2023,census tract,2027300,2027300,25,NA,3.17,NA
2023,census tract,2027700,2027700,30,NA,5,NA
2023,census tract,2027900,2027900,13,NA,3,NA
2023,census tract,2028300,2028300,62,NA,5,NA
2023,census tract,2028500,2028500,23,NA,2.75,NA
2023,census tract,2028700,2028700,18,NA,4,NA
2023,census tract,2028800,2028800,27,NA,3.4299999999999997,NA
2023,census tract,2028900,2028900,109,NA,6,NA
2023,census tract,2029302,2029302,41,13,4.5,0.3170731707317073
2023,census tract,2029500,2029500,85,NA,3,NA
2023,census tract,2029600,2029600,28,NA,1,NA
2023,census tract,2029700,2029700,28,NA,6,NA
2023,census tract,2030000,2030000,17,NA,3.5,NA
2023,census tract,2031000,2031000,11,NA,3,NA
2023,census tract,2031200,2031200,19,NA,4,NA
2023,census tract,2032300,2032300,11,NA,4,NA
2023,census tract,2032600,2032600,16,NA,3,NA
2023,census tract,2032800,2032800,21,NA,3,NA
2023,census tract,2033000,2033000,78,NA,3.42,NA
2023,census tract,2033201,2033201,10,NA,4,NA
2023,census tract,2033202,2033202,17,NA,8,NA
2023,census tract,2033601,2033601,45,NA,4,NA
2023,census tract,2033700,2033700,37,NA,3,NA
2023,census tract,2033801,2033801,12,NA,2,NA
2023,census tract,2033802,2033802,27,NA,3.58,NA
2023,census tract,2034000,2034000,10,NA,2,NA
2023,census tract,2034200,2034200,18,NA,2.27,NA
2023,census tract,2034400,2034400,11,NA,NA,NA
2023,census tract,2034800,2034800,27,NA,3,NA
2023,census tract,2035000,2035000,17,NA,3,NA
2023,census tract,2035800,2035800,17,NA,2.3299999999999996,NA
2023,census tract,2035900,2035900,15,NA,3,NA
2023,census tract,2036300,2036300,31,NA,4.38,NA
2023,census tract,2036400,2036400,24,NA,2,NA
2023,census tract,2036501,2036501,25,NA,4,NA
2023,census tract,2036502,2036502,19,NA,4,NA
2023,census tract,2036901,2036901,20,NA,4,NA
2023,census tract,2037000,2037000,15,NA,4,NA
2023,census tract,2037100,2037100,21,NA,4,NA
2023,census tract,2037200,2037200,13,NA,4,NA
2023,census tract,2037300,2037300,56,NA,5,NA
2023,census tract,2037400,2037400,39,NA,3,NA
2023,census tract,2037504,2037504,38,NA,3,NA
2023,census tract,2037800,2037800,19,NA,3.5,NA
2023,census tract,2037900,2037900,16,NA,4.58,NA
2023,census tract,2038000,2038000,26,NA,4,NA
2023,census tract,2038100,2038100,37,NA,5.45,NA
2023,census tract,2038301,2038301,27,NA,7,NA
2023,census tract,2038304,2038304,17,NA,3.5,NA
2023,census tract,2038500,2038500,31,NA,3,NA
2023,census tract,2038600,2038600,35,NA,2.4,NA
2023,census tract,2038700,2038700,28,NA,3,NA
2023,census tract,2038900,2038900,88,NA,4.42,NA
2023,census tract,2039000,2039000,23,NA,2.9299999999999997,NA
2023,census tract,2039100,2039100,107,NA,5,NA
2023,census tract,2039300,2039300,15,NA,5,NA
2023,census tract,2039500,2039500,46,NA,3,NA
2023,census tract,2039600,2039600,38,NA,3,NA
2023,census tract,2039700,2039700,43,NA,4.619999999999999,NA
2023,census tract,2039901,2039901,62,NA,6,NA
2023,census tract,2039902,2039902,80,NA,5.42,NA
2023,census tract,2040100,2040100,44,NA,3,NA
2023,census tract,2040302,2040302,11,NA,2.9899999999999998,NA
2023,census tract,2040303,2040303,12,NA,3,NA
2023,census tract,2040304,2040304,20,NA,5.17,NA
2023,census tract,2040400,2040400,14,NA,4,NA
2023,census tract,2040501,2040501,12,NA,4.5,NA
2023,census tract,2040502,2040502,22,NA,6,NA
2023,census tract,2040600,2040600,53,NA,2.13,NA
2023,census tract,2040701,2040701,41,NA,3,NA
2023,census tract,2040702,2040702,43,NA,3,NA
2023,census tract,2040800,2040800,13,NA,3,NA
2023,census tract,2041100,2041100,33,NA,4,NA
2023,census tract,2041300,2041300,24,NA,3,NA
2023,census tract,2041400,2041400,31,NA,4,NA
2023,census tract,2041800,2041800,26,NA,3,NA
2023,census tract,2041900,2041900,13,NA,6,NA
2023,census tract,2042000,2042000,28,NA,3.3299999999999996,NA
2023,census tract,2042100,2042100,61,NA,5,NA
2023,census tract,2042200,2042200,60,NA,4,NA
2023,census tract,2042300,2042300,40,NA,4,NA
2023,census tract,2042500,2042500,50,NA,3,NA
2023,census tract,2042600,2042600,15,NA,1,NA
2023,census tract,2042902,2042902,29,NA,4,NA
2023,census tract,2043101,2043101,19,NA,4,NA
2023,census tract,2043102,2043102,39,NA,3,NA
2023,census tract,2043400,2043400,52,NA,3,NA
2023,census tract,2044200,2044200,20,NA,NA,NA
2023,census tract,2044902,2044902,16,NA,2,NA
2023,census tract,2046203,2046203,23,NA,1,NA
2023,census tract,2046205,2046205,22,NA,3.67,NA
2023,census tract,2046208,2046208,15,NA,3,NA
2023,census tract,2046209,2046209,19,NA,2,NA
2023,census tract,2048401,2048401,23,NA,3,NA
2023,census tract,2051601,2051601,30,NA,NA,NA
2023,census tract,3000100,3000100,19,NA,6.859999999999999,NA
2023,census tract,3000200,3000200,35,NA,2,NA
2023,census tract,3000501,3000501,47,NA,9,NA
2023,census tract,3000502,3000502,49,NA,7,NA
2023,census tract,3000700,3000700,48,NA,8,NA
2023,census tract,3000900,3000900,93,NA,12,NA
2023,census tract,3001100,3001100,124,NA,10,NA
2023,census tract,3001300,3001300,15,NA,4.5,NA
2023,census tract,3001501,3001501,11,NA,NA,NA
2023,census tract,3001502,3001502,63,NA,8,NA
2023,census tract,3001801,3001801,27,NA,19,NA
2023,census tract,3001802,3001802,219,NA,2,NA
2023,census tract,3002000,3002000,34,NA,2,NA
2023,census tract,3002100,3002100,168,NA,46,NA
2023,census tract,3002200,3002200,38,NA,2,NA
2023,census tract,3003300,3003300,53,NA,6,NA
2023,census tract,3003500,3003500,67,NA,6,NA
2023,census tract,3003700,3003700,128,NA,7,NA
2023,census tract,3003900,3003900,41,NA,6,NA
2023,census tract,3004100,3004100,43,NA,6,NA
2023,census tract,3004300,3004300,67,NA,8,NA
2023,census tract,3004500,3004500,36,NA,6,NA
2023,census tract,3004900,3004900,11,NA,NA,NA
2023,census tract,3005100,3005100,23,NA,2.8299999999999996,NA
2023,census tract,3005301,3005301,49,NA,1,NA
2023,census tract,3005400,3005400,16,NA,5,NA
2023,census tract,3005601,3005601,14,NA,3.5,NA
2023,census tract,3005800,3005800,57,NA,4,NA
2023,census tract,3005900,3005900,30,NA,2,NA
2023,census tract,3006000,3006000,38,NA,5,NA
2023,census tract,3006200,3006200,28,NA,5,NA
2023,census tract,3006400,3006400,33,NA,4,NA
2023,census tract,3006500,3006500,21,NA,4.56,NA
2023,census tract,3006600,3006600,27,NA,5,NA
2023,census tract,3006700,3006700,27,NA,5.56,NA
2023,census tract,3006800,3006800,37,NA,3,NA
2023,census tract,3006901,3006901,18,NA,7.71,NA
2023,census tract,3006902,3006902,22,NA,4.5,NA
2023,census tract,3007100,3007100,10,NA,NA,NA
2023,census tract,3007400,3007400,35,NA,3,NA
2023,census tract,3007500,3007500,18,NA,6.33,NA
2023,census tract,3007600,3007600,35,NA,6,NA
2023,census tract,3007700,3007700,44,NA,4,NA
2023,census tract,3007800,3007800,38,NA,4,NA
2023,census tract,3008000,3008000,21,NA,5,NA
2023,census tract,3008200,3008200,15,NA,5,NA
2023,census tract,3008400,3008400,43,NA,3,NA
2023,census tract,3008800,3008800,17,NA,5.5,NA
2023,census tract,3009001,3009001,14,NA,3,NA
2023,census tract,3009002,3009002,14,NA,2,NA
2023,census tract,3009201,3009201,17,NA,2,NA
2023,census tract,3009401,3009401,11,NA,8.5,NA
2023,census tract,3009402,3009402,17,NA,2.5,NA
2023,census tract,3009600,3009600,38,NA,5,NA
2023,census tract,3009800,3009800,35,NA,3.5,NA
2023,census tract,3010000,3010000,29,NA,4,NA
2023,census tract,3010100,3010100,64,NA,2,NA
2023,census tract,3010200,3010200,30,NA,4,NA
2023,census tract,3010401,3010401,53,NA,4.5,NA
2023,census tract,3010402,3010402,56,NA,5,NA
2023,census tract,3010601,3010601,38,NA,4.5,NA
2023,census tract,3010602,3010602,30,NA,5,NA
2023,census tract,3010801,3010801,33,NA,5,NA
2023,census tract,3010802,3010802,32,NA,4.5,NA
2023,census tract,3011000,3011000,12,NA,7,NA
2023,census tract,3011200,3011200,17,NA,3.5,NA
2023,census tract,3011400,3011400,11,NA,3,NA
2023,census tract,3011600,3011600,18,NA,4,NA
2023,census tract,3011700,3011700,32,NA,2.5,NA
2023,census tract,3011800,3011800,76,NA,4,NA
2023,census tract,3011901,3011901,52,NA,3.08,NA
2023,census tract,3011902,3011902,17,NA,1,NA
2023,census tract,3012000,3012000,55,NA,3,NA
2023,census tract,3012100,3012100,29,NA,4,NA
2023,census tract,3012200,3012200,32,NA,4,NA
2023,census tract,3012600,3012600,14,NA,3.58,NA
2023,census tract,3012700,3012700,29,NA,3,NA
2023,census tract,3012901,3012901,20,NA,5,NA
2023,census tract,3012902,3012902,54,NA,7,NA
2023,census tract,3013000,3013000,45,NA,4,NA
2023,census tract,3013100,3013100,35,NA,6,NA
2023,census tract,3013200,3013200,20,NA,3,NA
2023,census tract,3013300,3013300,52,NA,6,NA
2023,census tract,3013400,3013400,27,NA,3.67,NA
2023,census tract,3013500,3013500,22,NA,6,NA
2023,census tract,3013600,3013600,25,NA,3.8299999999999996,NA
2023,census tract,3013700,3013700,35,NA,5,NA
2023,census tract,3013800,3013800,41,NA,5,NA
2023,census tract,3013900,3013900,41,NA,5,NA
2023,census tract,3014101,3014101,15,NA,5,NA
2023,census tract,3014102,3014102,18,NA,4,NA
2023,census tract,3014200,3014200,34,NA,3.55,NA
2023,census tract,3014300,3014300,31,NA,5,NA
2023,census tract,3014500,3014500,34,NA,4,NA
2023,census tract,3014901,3014901,15,NA,5,NA
2023,census tract,3015100,3015100,33,NA,5,NA
2023,census tract,3015300,3015300,24,NA,8,NA
2023,census tract,3015500,3015500,31,NA,6,NA
2023,census tract,3015700,3015700,50,NA,7,NA
2023,census tract,3015900,3015900,45,NA,6.17,NA
2023,census tract,3016000,3016000,94,NA,4.25,NA
2023,census tract,3016100,3016100,37,NA,6.5,NA
2023,census tract,3016200,3016200,12,NA,3,NA
2023,census tract,3016300,3016300,18,NA,4,NA
2023,census tract,3016900,3016900,29,NA,5.01,NA
2023,census tract,3017200,3017200,11,NA,NA,NA
2023,census tract,3017800,3017800,24,NA,3,NA
2023,census tract,3018000,3018000,10,NA,3,NA
2023,census tract,3018100,3018100,22,NA,6,NA
2023,census tract,3018300,3018300,18,NA,5,NA
2023,census tract,3019000,3019000,29,NA,3,NA
2023,census tract,3019100,3019100,13,NA,3,NA
2023,census tract,3019200,3019200,22,NA,2,NA
2023,census tract,3019300,3019300,36,NA,5,NA
2023,census tract,3019400,3019400,25,NA,3,NA
2023,census tract,3019500,3019500,17,NA,5,NA
2023,census tract,3019600,3019600,26,NA,3,NA
2023,census tract,3019800,3019800,11,NA,3,NA
2023,census tract,3019900,3019900,44,NA,5,NA
2023,census tract,3020000,3020000,16,NA,4.5,NA
2023,census tract,3020100,3020100,22,NA,6,NA
2023,census tract,3020500,3020500,15,NA,4.04,NA
2023,census tract,3021000,3021000,10,NA,NA,NA
2023,census tract,3021100,3021100,50,NA,2.06,NA
2023,census tract,3021200,3021200,17,NA,4,NA
2023,census tract,3021300,3021300,11,NA,7,NA
2023,census tract,3021400,3021400,17,NA,1,NA
2023,census tract,3021500,3021500,13,NA,5,NA
2023,census tract,3021600,3021600,10,NA,NA,NA
2023,census tract,3021700,3021700,26,NA,5,NA
2023,census tract,3021800,3021800,12,NA,NA,NA
2023,census tract,3021900,3021900,11,NA,NA,NA
2023,census tract,3022000,3022000,58,NA,3,NA
2023,census tract,3022100,3022100,10,NA,NA,NA
2023,census tract,3022200,3022200,50,NA,4,NA
2023,census tract,3022400,3022400,16,NA,3,NA
2023,census tract,3022600,3022600,15,NA,3,NA
2023,census tract,3022700,3022700,58,NA,3.5,NA
2023,census tract,3022800,3022800,14,NA,3,NA
2023,census tract,3023000,3023000,16,NA,2.46,NA
2023,census tract,3023200,3023200,30,NA,3,NA
2023,census tract,3023300,3023300,25,NA,4.5,NA
2023,census tract,3023400,3023400,36,NA,4,NA
2023,census tract,3023600,3023600,25,NA,4,NA
2023,census tract,3023800,3023800,15,NA,4,NA
2023,census tract,3024000,3024000,10,NA,NA,NA
2023,census tract,3024100,3024100,16,NA,5,NA
2023,census tract,3024200,3024200,10,NA,NA,NA
2023,census tract,3024300,3024300,25,NA,3.08,NA
2023,census tract,3024400,3024400,11,NA,3,NA
2023,census tract,3024500,3024500,29,NA,4,NA
2023,census tract,3024700,3024700,57,NA,4,NA
2023,census tract,3024800,3024800,30,NA,3,NA
2023,census tract,3024900,3024900,16,NA,4.42,NA
2023,census tract,3025200,3025200,40,NA,3,NA
2023,census tract,3025300,3025300,10,NA,3,NA
2023,census tract,3025400,3025400,14,NA,2,NA
2023,census tract,3025600,3025600,27,NA,3,NA
2023,census tract,3025700,3025700,14,NA,2,NA
2023,census tract,3025800,3025800,16,NA,3.5,NA
2023,census tract,3026000,3026000,31,NA,4,NA
2023,census tract,3026100,3026100,21,NA,4,NA
2023,census tract,3026400,3026400,32,NA,3,NA
2023,census tract,3026500,3026500,12,NA,5,NA
2023,census tract,3026600,3026600,12,NA,3,NA
2023,census tract,3026800,3026800,17,NA,3.5,NA
2023,census tract,3026900,3026900,17,NA,5,NA
2023,census tract,3027100,3027100,24,NA,4,NA
2023,census tract,3027200,3027200,10,NA,NA,NA
2023,census tract,3027300,3027300,16,NA,2,NA
2023,census tract,3027400,3027400,11,NA,3.5,NA
2023,census tract,3027500,3027500,25,NA,3,NA
2023,census tract,3027600,3027600,38,NA,3,NA
2023,census tract,3027800,3027800,32,NA,4.17,NA
2023,census tract,3028000,3028000,20,NA,2.5,NA
2023,census tract,3028100,3028100,28,NA,2,NA
2023,census tract,3028200,3028200,28,NA,3,NA
2023,census tract,3028300,3028300,22,NA,4,NA
2023,census tract,3028400,3028400,45,NA,6.96,NA
2023,census tract,3028501,3028501,13,NA,4,NA
2023,census tract,3028600,3028600,11,NA,4.5,NA
2023,census tract,3028700,3028700,20,NA,3,NA
2023,census tract,3028800,3028800,48,NA,4,NA
2023,census tract,3028900,3028900,18,NA,3,NA
2023,census tract,3029000,3029000,35,NA,6,NA
2023,census tract,3029100,3029100,10,NA,NA,NA
2023,census tract,3029200,3029200,17,NA,3,NA
2023,census tract,3029400,3029400,25,NA,6,NA
2023,census tract,3029500,3029500,14,NA,5,NA
2023,census tract,3029600,3029600,60,NA,4,NA
2023,census tract,3029800,3029800,29,NA,4,NA
2023,census tract,3030000,3030000,33,NA,3,NA
2023,census tract,3030100,3030100,18,NA,3.08,NA
2023,census tract,3030500,3030500,32,NA,5,NA
2023,census tract,3030900,3030900,14,NA,4,NA
2023,census tract,3031500,3031500,18,NA,3,NA
2023,census tract,3031701,3031701,24,NA,4,NA
2023,census tract,3031702,3031702,21,NA,4.430000000000001,NA
2023,census tract,3031900,3031900,18,NA,3,NA
2023,census tract,3032100,3032100,26,NA,4,NA
2023,census tract,3032300,3032300,23,NA,3.17,NA
2023,census tract,3032500,3032500,24,NA,4,NA
2023,census tract,3032600,3032600,31,NA,3,NA
2023,census tract,3032700,3032700,32,NA,3,NA
2023,census tract,3032800,3032800,10,NA,4,NA
2023,census tract,3032900,3032900,32,NA,5,NA
2023,census tract,3033100,3033100,27,NA,3,NA
2023,census tract,3033300,3033300,13,NA,5,NA
2023,census tract,3033900,3033900,12,NA,NA,NA
2023,census tract,3034200,3034200,31,NA,3,NA
2023,census tract,3034500,3034500,22,NA,3.25,NA
2023,census tract,3034800,3034800,57,NA,2.8499999999999996,NA
2023,census tract,3034901,3034901,14,NA,3,NA
2023,census tract,3034902,3034902,20,NA,5,NA
2023,census tract,3035000,3035000,16,NA,6,NA
2023,census tract,3035101,3035101,35,NA,3,NA
2023,census tract,3035102,3035102,35,NA,5,NA
2023,census tract,3035200,3035200,11,NA,1,NA
2023,census tract,3035301,3035301,12,NA,4.5,NA
2023,census tract,3035400,3035400,29,NA,5,NA
2023,census tract,3035500,3035500,35,NA,3,NA
2023,census tract,3035602,3035602,15,NA,4,NA
2023,census tract,3035900,3035900,10,NA,NA,NA
2023,census tract,3036001,3036001,34,NA,5.25,NA
2023,census tract,3036002,3036002,33,NA,6.75,NA
2023,census tract,3036100,3036100,15,NA,3,NA
2023,census tract,3036200,3036200,68,NA,4.13,NA
2023,census tract,3036300,3036300,10,NA,3,NA
2023,census tract,3036900,3036900,12,NA,NA,NA
2023,census tract,3037000,3037000,15,NA,3,NA
2023,census tract,3037300,3037300,17,NA,4.6899999999999995,NA
2023,census tract,3037402,3037402,17,NA,3,NA
2023,census tract,3037500,3037500,18,NA,4,NA
2023,census tract,3037700,3037700,16,NA,5,NA
2023,census tract,3038300,3038300,10,NA,NA,NA
2023,census tract,3038600,3038600,29,NA,2.92,NA
2023,census tract,3038700,3038700,15,NA,3,NA
2023,census tract,3038900,3038900,44,NA,5,NA
2023,census tract,3039100,3039100,14,NA,3,NA
2023,census tract,3039200,3039200,21,NA,3,NA
2023,census tract,3039300,3039300,21,NA,2.25,NA
2023,census tract,3039400,3039400,19,NA,4,NA
2023,census tract,3039500,3039500,11,NA,3.29,NA
2023,census tract,3039700,3039700,23,NA,3,NA
2023,census tract,3039800,3039800,18,NA,4,NA
2023,census tract,3040000,3040000,39,NA,3,NA
2023,census tract,3040100,3040100,14,NA,3,NA
2023,census tract,3040200,3040200,34,NA,3,NA
2023,census tract,3040300,3040300,40,NA,3,NA
2023,census tract,3040400,3040400,16,NA,2.5,NA
2023,census tract,3040800,3040800,21,NA,3.17,NA
2023,census tract,3041200,3041200,17,NA,3,NA
2023,census tract,3041800,3041800,41,NA,3,NA
2023,census tract,3042000,3042000,29,NA,5,NA
2023,census tract,3042100,3042100,20,NA,3,NA
2023,census tract,3042200,3042200,32,NA,3,NA
2023,census tract,3042300,3042300,18,NA,2.5,NA
2023,census tract,3042400,3042400,13,NA,3,NA
2023,census tract,3042600,3042600,24,NA,4,NA
2023,census tract,3042700,3042700,38,NA,3,NA
2023,census tract,3042800,3042800,18,NA,3,NA
2023,census tract,3042900,3042900,51,NA,4,NA
2023,census tract,3043000,3043000,21,NA,3,NA
2023,census tract,3043100,3043100,64,NA,5.33,NA
2023,census tract,3043200,3043200,31,NA,3,NA
2023,census tract,3043300,3043300,19,NA,4,NA
2023,census tract,3043400,3043400,14,NA,2,NA
2023,census tract,3043500,3043500,10,NA,3,NA
2023,census tract,3043600,3043600,20,NA,4,NA
2023,census tract,3043800,3043800,24,NA,3,NA
2023,census tract,3043900,3043900,45,NA,3.75,NA
2023,census tract,3044100,3044100,35,NA,3.5,NA
2023,census tract,3044200,3044200,10,NA,NA,NA
2023,census tract,3044300,3044300,29,NA,4,NA
2023,census tract,3044500,3044500,31,NA,4.58,NA
2023,census tract,3044700,3044700,54,NA,5,NA
2023,census tract,3044901,3044901,13,NA,15,NA
2023,census tract,3044902,3044902,21,NA,3,NA
2023,census tract,3045300,3045300,52,NA,4,NA
2023,census tract,3045400,3045400,36,NA,2,NA
2023,census tract,3045600,3045600,27,NA,4,NA
2023,census tract,3046201,3046201,11,NA,2,NA
2023,census tract,3046202,3046202,11,NA,NA,NA
2023,census tract,3047400,3047400,30,NA,2.71,NA
2023,census tract,3047600,3047600,19,NA,3,NA
2023,census tract,3047700,3047700,18,NA,3,NA
2023,census tract,3047800,3047800,23,NA,3,NA
2023,census tract,3048000,3048000,14,NA,3,NA
2023,census tract,3048100,3048100,26,NA,3,NA
2023,census tract,3048200,3048200,14,NA,4.5,NA
2023,census tract,3048400,3048400,14,NA,3,NA
2023,census tract,3048500,3048500,81,NA,2.5,NA
2023,census tract,3048600,3048600,25,NA,3,NA
2023,census tract,3048800,3048800,12,NA,3,NA
2023,census tract,3049000,3049000,11,NA,3,NA
2023,census tract,3049100,3049100,95,NA,5,NA
2023,census tract,3049200,3049200,18,NA,2,NA
2023,census tract,3049302,3049302,44,NA,4,NA
2023,census tract,3049400,3049400,15,NA,4,NA
2023,census tract,3049500,3049500,58,NA,4.23,NA
2023,census tract,3049600,3049600,35,NA,4.28,NA
2023,census tract,3049700,3049700,38,NA,6,NA
2023,census tract,3049900,3049900,11,NA,NA,NA
2023,census tract,3050100,3050100,25,NA,3,NA
2023,census tract,3050300,3050300,25,NA,4,NA
2023,census tract,3050500,3050500,22,NA,3,NA
2023,census tract,3050600,3050600,15,NA,4,NA
2023,census tract,3050700,3050700,46,NA,4,NA
2023,census tract,3050801,3050801,42,NA,5,NA
2023,census tract,3050803,3050803,20,NA,5,NA
2023,census tract,3050900,3050900,11,NA,3.5,NA
2023,census tract,3051002,3051002,44,NA,7.5,NA
2023,census tract,3051100,3051100,23,NA,3,NA
2023,census tract,3051300,3051300,62,NA,4,NA
2023,census tract,3051400,3051400,13,NA,6,NA
2023,census tract,3051500,3051500,16,NA,6,NA
2023,census tract,3051602,3051602,19,NA,3.04,NA
2023,census tract,3051700,3051700,28,NA,7,NA
2023,census tract,3051800,3051800,16,NA,1,NA
2023,census tract,3051900,3051900,84,NA,6,NA
2023,census tract,3052000,3052000,23,NA,5,NA
2023,census tract,3052300,3052300,71,NA,7,NA
2023,census tract,3052500,3052500,64,NA,5,NA
2023,census tract,3052600,3052600,36,NA,4,NA
2023,census tract,3052700,3052700,44,NA,4,NA
2023,census tract,3052900,3052900,13,NA,3.5,NA
2023,census tract,3053000,3053000,37,NA,3,NA
2023,census tract,3053102,3053102,22,NA,4,NA
2023,census tract,3053300,3053300,27,NA,3,NA
2023,census tract,3053400,3053400,40,NA,3,NA
2023,census tract,3053500,3053500,28,NA,3,NA
2023,census tract,3053700,3053700,17,NA,4.5,NA
2023,census tract,3053800,3053800,39,NA,3.08,NA
2023,census tract,3054900,3054900,57,NA,5,NA
2023,census tract,3055000,3055000,14,NA,4.5,NA
2023,census tract,3055100,3055100,73,NA,9,NA
2023,census tract,3055200,3055200,35,NA,5,NA
2023,census tract,3055300,3055300,97,NA,9,NA
2023,census tract,3055400,3055400,92,NA,5,NA
2023,census tract,3055500,3055500,141,NA,8,NA
2023,census tract,3055700,3055700,50,NA,5,NA
2023,census tract,3056100,3056100,100,NA,7.5,NA
2023,census tract,3056301,3056301,49,NA,5.5,NA
2023,census tract,3056302,3056302,24,NA,4,NA
2023,census tract,3056500,3056500,76,NA,28,NA
2023,census tract,3056600,3056600,15,NA,2,NA
2023,census tract,3056900,3056900,55,NA,7,NA
2023,census tract,3057000,3057000,37,NA,3,NA
2023,census tract,3057100,3057100,50,NA,4,NA
2023,census tract,3057400,3057400,25,NA,3.17,NA
2023,census tract,3057500,3057500,54,NA,5,NA
2023,census tract,3057600,3057600,19,NA,4.5,NA
2023,census tract,3057800,3057800,50,NA,5,NA
2023,census tract,3057901,3057901,23,NA,3,NA
2023,census tract,3058000,3058000,30,NA,4,NA
2023,census tract,3058200,3058200,29,NA,3,NA
2023,census tract,3058400,3058400,12,NA,NA,NA
2023,census tract,3058800,3058800,23,NA,4,NA
2023,census tract,3058901,3058901,29,NA,2,NA
2023,census tract,3059000,3059000,18,NA,4,NA
2023,census tract,3059100,3059100,17,NA,4,NA
2023,census tract,3059200,3059200,16,NA,4,NA
2023,census tract,3059300,3059300,12,NA,2,NA
2023,census tract,3059402,3059402,49,NA,3,NA
2023,census tract,3059403,3059403,13,NA,4,NA
2023,census tract,3059404,3059404,26,NA,4,NA
2023,census tract,3059600,3059600,26,NA,4,NA
2023,census tract,3060000,3060000,43,NA,4,NA
2023,census tract,3060600,3060600,78,NA,4.25,NA
2023,census tract,3060800,3060800,33,NA,5,NA
2023,census tract,3061003,3061003,12,NA,NA,NA
2023,census tract,3061004,3061004,45,NA,6,NA
2023,census tract,3062800,3062800,20,NA,2.5,NA
2023,census tract,3064200,3064200,15,NA,4.5,NA
2023,census tract,3064400,3064400,12,NA,2,NA
2023,census tract,3064600,3064600,17,NA,2.8699999999999997,NA
2023,census tract,3065000,3065000,27,NA,5,NA
2023,census tract,3065200,3065200,16,NA,3.3899999999999997,NA
2023,census tract,3066200,3066200,35,NA,3,NA
2023,census tract,3067000,3067000,12,NA,4.5,NA
2023,census tract,3067200,3067200,16,NA,3,NA
2023,census tract,3067400,3067400,12,NA,2,NA
2023,census tract,3067600,3067600,11,NA,NA,NA
2023,census tract,3068000,3068000,21,NA,2,NA
2023,census tract,3068200,3068200,12,NA,2,NA
2023,census tract,3068800,3068800,12,NA,3,NA
2023,census tract,3069000,3069000,11,NA,2,NA
2023,census tract,3069601,3069601,41,NA,5,NA
2023,census tract,3069800,3069800,115,NA,5,NA
2023,census tract,3072200,3072200,27,NA,2,NA
2023,census tract,3072800,3072800,16,NA,2.5,NA
2023,census tract,3073000,3073000,10,NA,NA,NA
2023,census tract,3073600,3073600,12,NA,NA,NA
2023,census tract,3073800,3073800,13,NA,3,NA
2023,census tract,3074000,3074000,22,NA,3,NA
2023,census tract,3074600,3074600,13,NA,NA,NA
2023,census tract,3075000,3075000,15,NA,3,NA
2023,census tract,3076800,3076800,34,NA,3,NA
2023,census tract,3077000,3077000,12,NA,5,NA
2023,census tract,3077400,3077400,40,NA,5,NA
2023,census tract,3078400,3078400,10,NA,NA,NA
2023,census tract,3078601,3078601,31,NA,5.71,NA
2023,census tract,3078801,3078801,10,NA,NA,NA
2023,census tract,3079001,3079001,17,NA,2,NA
2023,census tract,3079201,3079201,14,NA,4,NA
2023,census tract,3079400,3079400,34,NA,5.5,NA
2023,census tract,3079601,3079601,18,NA,4,NA
2023,census tract,3079602,3079602,31,NA,5,NA
2023,census tract,3079801,3079801,41,NA,6,NA
2023,census tract,3079802,3079802,60,NA,4,NA
2023,census tract,3080000,3080000,17,NA,5,NA
2023,census tract,3080200,3080200,23,NA,3.5,NA
2023,census tract,3080400,3080400,31,NA,3,NA
2023,census tract,3080600,3080600,17,NA,20,NA
2023,census tract,3081400,3081400,11,NA,3.5,NA
2023,census tract,3081800,3081800,34,NA,3,NA
2023,census tract,3082000,3082000,53,NA,3.5,NA
2023,census tract,3082400,3082400,49,NA,3,NA
2023,census tract,3082600,3082600,23,NA,3,NA
2023,census tract,3082800,3082800,31,NA,3.92,NA
2023,census tract,3083000,3083000,13,NA,5.75,NA
2023,census tract,3083800,3083800,18,NA,3,NA
2023,census tract,3084000,3084000,22,NA,3,NA
2023,census tract,3084600,3084600,29,NA,4,NA
2023,census tract,3085600,3085600,23,NA,5,NA
2023,census tract,3085800,3085800,14,NA,3,NA
2023,census tract,3086000,3086000,37,NA,3,NA
2023,census tract,3086200,3086200,15,NA,3,NA
2023,census tract,3086600,3086600,10,NA,NA,NA
2023,census tract,3086800,3086800,54,NA,4,NA
2023,census tract,3087000,3087000,13,NA,3,NA
2023,census tract,3087600,3087600,10,NA,NA,NA
2023,census tract,3087800,3087800,22,NA,3,NA
2023,census tract,3088200,3088200,12,NA,2,NA
2023,census tract,3088600,3088600,10,NA,NA,NA
2023,census tract,3089000,3089000,34,NA,4,NA
2023,census tract,3089200,3089200,76,NA,3,NA
2023,census tract,3090000,3090000,33,NA,3,NA
2023,census tract,3090200,3090200,39,NA,3.67,NA
2023,census tract,3090600,3090600,66,NA,2.65,NA
2023,census tract,3090800,3090800,29,NA,2,NA
2023,census tract,3092400,3092400,68,NA,4,NA
2023,census tract,3093200,3093200,30,NA,2.5,NA
2023,census tract,3094401,3094401,13,NA,3,NA
2023,census tract,3095000,3095000,25,NA,3,NA
2023,census tract,3095400,3095400,34,NA,2,NA
2023,census tract,3095600,3095600,21,NA,3,NA
2023,census tract,3096000,3096000,37,NA,3,NA
2023,census tract,3096200,3096200,15,NA,2,NA
2023,census tract,3096800,3096800,18,NA,3.8499999999999996,NA
2023,census tract,3097400,3097400,22,NA,4,NA
2023,census tract,3101000,3101000,12,NA,NA,NA
2023,census tract,3107001,3107001,69,NA,4,NA
2023,census tract,3109800,3109800,22,NA,1,NA
2023,census tract,3110400,3110400,62,NA,4,NA
2023,census tract,3111600,3111600,12,NA,NA,NA
2023,census tract,3113000,3113000,11,NA,NA,NA
2023,census tract,3114400,3114400,21,NA,2,NA
2023,census tract,3114600,3114600,12,NA,NA,NA
2023,census tract,3116800,3116800,14,NA,NA,NA
2023,census tract,3117601,3117601,12,NA,3,NA
2023,census tract,3118400,3118400,18,NA,2,NA
2023,census tract,3118800,3118800,38,NA,3,NA
2023,census tract,3119000,3119000,24,NA,3,NA
2023,census tract,3119600,3119600,15,NA,3,NA
2023,census tract,3119800,3119800,18,NA,NA,NA
2023,census tract,3123700,3123700,35,NA,4,NA
2023,census tract,3152200,3152200,24,NA,5,NA
2023,census tract,4000101,4000101,15,NA,4.5,NA
2023,census tract,4000102,4000102,18,NA,5,NA
2023,census tract,4000104,4000104,36,NA,2,NA
2023,census tract,4000400,4000400,13,NA,3,NA
2023,census tract,4000701,4000701,66,NA,5,NA
2023,census tract,4000702,4000702,45,NA,4.39,NA
2023,census tract,4001000,4001000,16,NA,2.71,NA
2023,census tract,4001200,4001200,18,NA,2,NA
2023,census tract,4001400,4001400,11,NA,NA,NA
2023,census tract,4001600,4001600,10,NA,3,NA
2023,census tract,4001800,4001800,21,NA,2,NA
2023,census tract,4001901,4001901,30,10,5.33,0.3333333333333333
2023,census tract,4001902,4001902,76,NA,5,NA
2023,census tract,4001903,4001903,49,NA,5,NA
2023,census tract,4002200,4002200,10,NA,1.75,NA
2023,census tract,4003100,4003100,30,NA,4,NA
2023,census tract,4003301,4003301,31,NA,5,NA
2023,census tract,4003302,4003302,59,NA,3,NA
2023,census tract,4003400,4003400,16,NA,3,NA
2023,census tract,4003800,4003800,15,NA,NA,NA
2023,census tract,4003900,4003900,15,NA,2,NA
2023,census tract,4004001,4004001,18,NA,3.25,NA
2023,census tract,4004002,4004002,16,NA,3.29,NA
2023,census tract,4004700,4004700,13,NA,3.9499999999999997,NA
2023,census tract,4005100,4005100,29,NA,8,NA
2023,census tract,4005300,4005300,32,NA,5.63,NA
2023,census tract,4005400,4005400,15,NA,3,NA
2023,census tract,4005500,4005500,27,NA,2.5,NA
2023,census tract,4005700,4005700,50,NA,4,NA
2023,census tract,4005800,4005800,15,NA,3,NA
2023,census tract,4005900,4005900,42,NA,8,NA
2023,census tract,4006100,4006100,52,NA,3.86,NA
2023,census tract,4006202,4006202,26,NA,3,NA
2023,census tract,4006300,4006300,50,NA,5,NA
2023,census tract,4006501,4006501,19,NA,7.41,NA
2023,census tract,4006502,4006502,34,NA,4.17,NA
2023,census tract,4006900,4006900,73,NA,4.5,NA
2023,census tract,4007100,4007100,52,NA,3.25,NA
2023,census tract,4007300,4007300,13,NA,4,NA
2023,census tract,4007500,4007500,15,NA,5,NA
2023,census tract,4007700,4007700,28,NA,4,NA
2023,census tract,4007900,4007900,14,NA,4,NA
2023,census tract,4008300,4008300,18,NA,3,NA
2023,census tract,4008500,4008500,26,NA,3,NA
2023,census tract,4008600,4008600,12,NA,NA,NA
2023,census tract,4008800,4008800,22,NA,4,NA
2023,census tract,4009400,4009400,18,NA,3,NA
2023,census tract,4009600,4009600,11,NA,3,NA
2023,census tract,4009700,4009700,12,NA,3,NA
2023,census tract,4009800,4009800,27,NA,4,NA
2023,census tract,4010000,4010000,11,NA,NA,NA
2023,census tract,4010100,4010100,22,NA,4,NA
2023,census tract,4010500,4010500,15,NA,3,NA
2023,census tract,4010600,4010600,22,NA,4,NA
2023,census tract,4011300,4011300,40,NA,5,NA
2023,census tract,4011400,4011400,19,NA,4.33,NA
2023,census tract,4011500,4011500,114,NA,5.38,NA
2023,census tract,4011600,4011600,12,NA,3.5,NA
2023,census tract,4011700,4011700,34,NA,4,NA
2023,census tract,4011800,4011800,10,NA,NA,NA
2023,census tract,4011900,4011900,28,NA,3,NA
2023,census tract,4012100,4012100,11,NA,NA,NA
2023,census tract,4012301,4012301,31,NA,3,NA
2023,census tract,4012500,4012500,10,NA,NA,NA
2023,census tract,4013000,4013000,11,NA,NA,NA
2023,census tract,4013200,4013200,17,NA,3,NA
2023,census tract,4013600,4013600,23,NA,4,NA
2023,census tract,4013700,4013700,17,NA,4,NA
2023,census tract,4013800,4013800,12,NA,NA,NA
2023,census tract,4014100,4014100,28,NA,3.08,NA
2023,census tract,4014201,4014201,11,NA,NA,NA
2023,census tract,4014202,4014202,28,NA,3,NA
2023,census tract,4014300,4014300,42,NA,5,NA
2023,census tract,4014400,4014400,33,NA,3,NA
2023,census tract,4014700,4014700,40,NA,5,NA
2023,census tract,4014900,4014900,57,NA,3,NA
2023,census tract,4015100,4015100,14,NA,4.85,NA
2023,census tract,4015400,4015400,10,NA,3,NA
2023,census tract,4015500,4015500,123,NA,5,NA
2023,census tract,4015700,4015700,36,NA,5,NA
2023,census tract,4015801,4015801,14,NA,NA,NA
2023,census tract,4015802,4015802,78,NA,4,NA
2023,census tract,4015900,4015900,18,NA,5.4,NA
2023,census tract,4016100,4016100,21,NA,3,NA
2023,census tract,4016300,4016300,25,NA,3,NA
2023,census tract,4016600,4016600,21,NA,3,NA
2023,census tract,4016900,4016900,11,NA,5.5,NA
2023,census tract,4017102,4017102,43,NA,3,NA
2023,census tract,4017902,4017902,26,NA,4,NA
2023,census tract,4018101,4018101,14,NA,NA,NA
2023,census tract,4018102,4018102,21,NA,6,NA
2023,census tract,4018300,4018300,90,NA,6.67,NA
2023,census tract,4018501,4018501,16,NA,3.7800000000000002,NA
2023,census tract,4018502,4018502,37,NA,3.56,NA
2023,census tract,4019000,4019000,25,NA,3,NA
2023,census tract,4019901,4019901,26,NA,2,NA
2023,census tract,4019902,4019902,23,NA,3,NA
2023,census tract,4020400,4020400,11,NA,NA,NA
2023,census tract,4020800,4020800,20,NA,2.3299999999999996,NA
2023,census tract,4021200,4021200,35,NA,3,NA
2023,census tract,4021400,4021400,67,NA,3.9299999999999997,NA
2023,census tract,4021601,4021601,39,NA,5.5,NA
2023,census tract,4021900,4021900,28,NA,2,NA
2023,census tract,4023502,4023502,34,NA,4,NA
2023,census tract,4023600,4023600,18,NA,6,NA
2023,census tract,4023800,4023800,21,NA,3,NA
2023,census tract,4024000,4024000,54,NA,5,NA
2023,census tract,4024300,4024300,12,NA,3,NA
2023,census tract,4024500,4024500,29,NA,3,NA
2023,census tract,4024900,4024900,18,NA,2.5,NA
2023,census tract,4025100,4025100,22,NA,4,NA
2023,census tract,4025301,4025301,47,NA,6,NA
2023,census tract,4025302,4025302,34,NA,4,NA
2023,census tract,4025500,4025500,18,NA,2,NA
2023,census tract,4025700,4025700,12,NA,NA,NA
2023,census tract,4025900,4025900,47,NA,4,NA
2023,census tract,4026100,4026100,70,NA,4,NA
2023,census tract,4026300,4026300,32,NA,4,NA
2023,census tract,4026501,4026501,50,NA,6,NA
2023,census tract,4026700,4026700,42,NA,6.5,NA
2023,census tract,4026901,4026901,86,NA,8,NA
2023,census tract,4026902,4026902,22,NA,5,NA
2023,census tract,4027102,4027102,45,NA,4,NA
2023,census tract,4027301,4027301,72,NA,5,NA
2023,census tract,4027302,4027302,20,NA,6,NA
2023,census tract,4027500,4027500,62,NA,5,NA
2023,census tract,4027701,4027701,65,NA,6,NA
2023,census tract,4027900,4027900,50,NA,6,NA
2023,census tract,4028100,4028100,29,NA,6,NA
2023,census tract,4028200,4028200,15,NA,2.79,NA
2023,census tract,4028300,4028300,115,NA,8,NA
2023,census tract,4028400,4028400,22,NA,3,NA
2023,census tract,4028500,4028500,49,NA,7,NA
2023,census tract,4028700,4028700,101,NA,7,NA
2023,census tract,4028900,4028900,74,NA,6,NA
2023,census tract,4029100,4029100,33,NA,6,NA
2023,census tract,4029400,4029400,44,NA,4,NA
2023,census tract,4029500,4029500,22,NA,4,NA
2023,census tract,4029700,4029700,37,NA,2,NA
2023,census tract,4030600,4030600,14,NA,3,NA
2023,census tract,4030903,4030903,53,NA,3,NA
2023,census tract,4030906,4030906,18,NA,31,NA
2023,census tract,4032000,4032000,11,NA,NA,NA
2023,census tract,4032800,4032800,11,NA,4,NA
2023,census tract,4032900,4032900,17,NA,4.54,NA
2023,census tract,4033401,4033401,15,NA,3,NA
2023,census tract,4033405,4033405,18,NA,1,NA
2023,census tract,4033900,4033900,16,NA,4,NA
2023,census tract,4034700,4034700,10,NA,NA,NA
2023,census tract,4035200,4035200,36,NA,4,NA
2023,census tract,4035300,4035300,14,NA,3.75,NA
2023,census tract,4035800,4035800,23,NA,3,NA
2023,census tract,4036100,4036100,13,NA,3.1,NA
2023,census tract,4036500,4036500,19,NA,2.57,NA
2023,census tract,4036600,4036600,18,NA,2,NA
2023,census tract,4036700,4036700,13,NA,3.08,NA
2023,census tract,4037501,4037501,13,NA,7.5,NA
2023,census tract,4037502,4037502,75,NA,7,NA
2023,census tract,4037700,4037700,12,NA,3.67,NA
2023,census tract,4037900,4037900,22,NA,4,NA
2023,census tract,4038301,4038301,20,NA,2,NA
2023,census tract,4039400,4039400,10,NA,NA,NA
2023,census tract,4039901,4039901,20,NA,4,NA
2023,census tract,4040102,4040102,17,NA,6,NA
2023,census tract,4040301,4040301,18,NA,5,NA
2023,census tract,4040302,4040302,47,NA,4,NA
2023,census tract,4040501,4040501,62,NA,5,NA
2023,census tract,4040502,4040502,50,NA,4,NA
2023,census tract,4040701,4040701,10,NA,NA,NA
2023,census tract,4040702,4040702,27,NA,3.3299999999999996,NA
2023,census tract,4040901,4040901,14,NA,8.5,NA
2023,census tract,4041300,4041300,10,NA,7.5,NA
2023,census tract,4041500,4041500,16,NA,2.24,NA
2023,census tract,4042700,4042700,20,NA,4,NA
2023,census tract,4043900,4043900,22,NA,5,NA
2023,census tract,4044000,4044000,12,NA,1.51,NA
2023,census tract,4044302,4044302,32,NA,6.5,NA
2023,census tract,4044400,4044400,80,NA,2,NA
2023,census tract,4044601,4044601,173,NA,5,NA
2023,census tract,4044602,4044602,36,NA,5,NA
2023,census tract,4045000,4045000,13,NA,3.5,NA
2023,census tract,4045500,4045500,42,NA,4,NA
2023,census tract,4045800,4045800,36,NA,3,NA
2023,census tract,4046000,4046000,100,49,NA,0.49
2023,census tract,4046100,4046100,23,NA,5,NA
2023,census tract,4046200,4046200,26,NA,6,NA
2023,census tract,4046300,4046300,12,NA,8,NA
2023,census tract,4046500,4046500,61,NA,6,NA
2023,census tract,4046600,4046600,35,NA,4,NA
2023,census tract,4046800,4046800,13,NA,3.5,NA
2023,census tract,4046901,4046901,18,NA,1,NA
2023,census tract,4046902,4046902,13,NA,5,NA
2023,census tract,4047000,4047000,15,NA,3,NA
2023,census tract,4047100,4047100,32,NA,4,NA
2023,census tract,4047300,4047300,53,NA,5,NA
2023,census tract,4047500,4047500,46,NA,3,NA
2023,census tract,4047801,4047801,13,NA,3,NA
2023,census tract,4047802,4047802,21,NA,3,NA
2023,census tract,4047900,4047900,20,NA,3,NA
2023,census tract,4048100,4048100,15,NA,5.14,NA
2023,census tract,4048302,4048302,16,NA,3,NA
2023,census tract,4048500,4048500,52,NA,4,NA
2023,census tract,4048900,4048900,18,NA,2,NA
2023,census tract,4049302,4049302,44,NA,3,NA
2023,census tract,4049600,4049600,14,NA,2,NA
2023,census tract,4049900,4049900,17,NA,3,NA
2023,census tract,4050000,4050000,21,NA,1,NA
2023,census tract,4051500,4051500,18,NA,4,NA
2023,census tract,4051700,4051700,29,NA,2.58,NA
2023,census tract,4052000,4052000,13,NA,3,NA
2023,census tract,4052100,4052100,13,NA,2.25,NA
2023,census tract,4053100,4053100,38,NA,21,NA
2023,census tract,4053501,4053501,25,NA,2,NA
2023,census tract,4053901,4053901,19,NA,2,NA
2023,census tract,4054000,4054000,16,NA,NA,NA
2023,census tract,4054200,4054200,13,NA,NA,NA
2023,census tract,4054700,4054700,14,NA,3,NA
2023,census tract,4054900,4054900,47,NA,3,NA
2023,census tract,4055100,4055100,80,NA,4,NA
2023,census tract,4055300,4055300,48,NA,3,NA
2023,census tract,4055500,4055500,11,NA,2,NA
2023,census tract,4055700,4055700,26,NA,2,NA
2023,census tract,4055900,4055900,14,NA,NA,NA
2023,census tract,4056400,4056400,13,NA,2.5,NA
2023,census tract,4056600,4056600,14,NA,4,NA
2023,census tract,4056800,4056800,24,NA,3,NA
2023,census tract,4057700,4057700,35,NA,2,NA
2023,census tract,4058100,4058100,22,NA,3,NA
2023,census tract,4058200,4058200,15,NA,3,NA
2023,census tract,4058300,4058300,31,NA,3,NA
2023,census tract,4058500,4058500,11,NA,6,NA
2023,census tract,4058700,4058700,23,NA,3,NA
2023,census tract,4058900,4058900,21,NA,3,NA
2023,census tract,4059100,4059100,16,NA,3,NA
2023,census tract,4059300,4059300,12,NA,NA,NA
2023,census tract,4060000,4060000,13,NA,18,NA
2023,census tract,4060300,4060300,22,NA,3.5,NA
2023,census tract,4061301,4061301,47,NA,4.05,NA
2023,census tract,4061900,4061900,14,NA,3,NA
2023,census tract,4062500,4062500,12,NA,NA,NA
2023,census tract,4062600,4062600,17,NA,1,NA
2023,census tract,4062700,4062700,10,NA,NA,NA
2023,census tract,4062900,4062900,18,NA,3,NA
2023,census tract,4063000,4063000,12,NA,3,NA
2023,census tract,4063200,4063200,58,NA,3,NA
2023,census tract,4063700,4063700,85,NA,3,NA
2023,census tract,4063800,4063800,15,NA,2,NA
2023,census tract,4064500,4064500,13,NA,3,NA
2023,census tract,4065401,4065401,30,NA,3,NA
2023,census tract,4065702,4065702,13,NA,2,NA
2023,census tract,4065703,4065703,26,NA,2.25,NA
2023,census tract,4067100,4067100,18,NA,4.79,NA
2023,census tract,4067900,4067900,20,NA,3,NA
2023,census tract,4068300,4068300,146,NA,14,NA
2023,census tract,4069300,4069300,94,NA,5,NA
2023,census tract,4069500,4069500,18,NA,3,NA
2023,census tract,4069702,4069702,10,NA,NA,NA
2023,census tract,4070700,4070700,15,NA,3,NA
2023,census tract,4070900,4070900,15,NA,3,NA
2023,census tract,4071100,4071100,99,NA,6,NA
2023,census tract,4071303,4071303,39,NA,5,NA
2023,census tract,4071304,4071304,11,NA,NA,NA
2023,census tract,4071305,4071305,16,NA,5,NA
2023,census tract,4071306,4071306,33,NA,4.01,NA
2023,census tract,4071701,4071701,54,NA,5,NA
2023,census tract,4071702,4071702,38,NA,6.5,NA
2023,census tract,4072900,4072900,13,NA,NA,NA
2023,census tract,4073100,4073100,12,NA,NA,NA
2023,census tract,4073700,4073700,106,NA,7.5,NA
2023,census tract,4074300,4074300,53,NA,2,NA
2023,census tract,4075701,4075701,59,NA,3,NA
2023,census tract,4075702,4075702,26,NA,4.05,NA
2023,census tract,4076901,4076901,29,NA,4,NA
2023,census tract,4076902,4076902,26,NA,5.17,NA
2023,census tract,4077500,4077500,32,NA,3.42,NA
2023,census tract,4077902,4077902,37,NA,4,NA
2023,census tract,4077904,4077904,32,NA,4,NA
2023,census tract,4077906,4077906,20,NA,4.13,NA
2023,census tract,4077907,4077907,21,NA,4.2700000000000005,NA
2023,census tract,4079701,4079701,25,NA,10,NA
2023,census tract,4079702,4079702,52,NA,4,NA
2023,census tract,4080900,4080900,11,NA,5.63,NA
2023,census tract,4083700,4083700,19,NA,4,NA
2023,census tract,4083800,4083800,17,NA,3,NA
2023,census tract,4084000,4084000,21,NA,2.7,NA
2023,census tract,4084500,4084500,18,NA,3,NA
2023,census tract,4084901,4084901,82,NA,4,NA
2023,census tract,4084902,4084902,114,NA,8,NA
2023,census tract,4085300,4085300,101,NA,8,NA
2023,census tract,4085700,4085700,25,NA,3.48,NA
2023,census tract,4085900,4085900,35,NA,8,NA
2023,census tract,4086100,4086100,13,NA,NA,NA
2023,census tract,4086400,4086400,15,NA,2,NA
2023,census tract,4086500,4086500,49,NA,4,NA
2023,census tract,4086900,4086900,264,26,4,0.09848484848484848
2023,census tract,4087100,4087100,342,17,7.08,0.049707602339181284
2023,census tract,4088400,4088400,11,NA,3,NA
2023,census tract,4088902,4088902,25,NA,3,NA
2023,census tract,4089201,4089201,109,NA,4,NA
2023,census tract,4090700,4090700,42,NA,2.5,NA
2023,census tract,4091900,4091900,26,NA,2,NA
2023,census tract,4092500,4092500,49,NA,2,NA
2023,census tract,4092900,4092900,22,NA,3,NA
2023,census tract,4093402,4093402,18,NA,3,NA
2023,census tract,4093800,4093800,26,NA,2.13,NA
2023,census tract,4094202,4094202,24,NA,3,NA
2023,census tract,4094500,4094500,43,NA,3,NA
2023,census tract,4095400,4095400,19,NA,4,NA
2023,census tract,4098100,4098100,53,NA,3,NA
2023,census tract,4098700,4098700,78,NA,3,NA
2023,census tract,4099200,4099200,11,NA,NA,NA
2023,census tract,4099701,4099701,12,NA,1,NA
2023,census tract,4099704,4099704,67,12,5,0.1791044776119403
2023,census tract,4099801,4099801,25,NA,5,NA
2023,census tract,4100803,4100803,49,NA,4,NA
2023,census tract,4101003,4101003,46,NA,3,NA
2023,census tract,4101700,4101700,58,NA,3,NA
2023,census tract,4103201,4103201,19,NA,4,NA
2023,census tract,4103202,4103202,32,NA,2,NA
2023,census tract,4103900,4103900,18,NA,2.9,NA
2023,census tract,4104700,4104700,22,NA,6,NA
2023,census tract,4107201,4107201,11,NA,NA,NA
2023,census tract,4108500,4108500,17,NA,2.5,NA
2023,census tract,4109900,4109900,56,NA,3,NA
2023,census tract,4112300,4112300,73,NA,4,NA
2023,census tract,4112900,4112900,20,NA,4,NA
2023,census tract,4113900,4113900,15,NA,4,NA
2023,census tract,4115500,4115500,37,NA,4,NA
2023,census tract,4115700,4115700,40,NA,6,NA
2023,census tract,4115900,4115900,18,NA,3,NA
2023,census tract,4116100,4116100,11,NA,NA,NA
2023,census tract,4116301,4116301,28,NA,7.33,NA
2023,census tract,4116302,4116302,15,NA,5,NA
2023,census tract,4116700,4116700,27,NA,5,NA
2023,census tract,4117100,4117100,173,NA,4.1,NA
2023,census tract,4117500,4117500,43,NA,4.71,NA
2023,census tract,4118100,4118100,11,NA,3.5,NA
2023,census tract,4118500,4118500,15,NA,NA,NA
2023,census tract,4119100,4119100,40,NA,3,NA
2023,census tract,4120500,4120500,15,NA,6,NA
2023,census tract,4120701,4120701,18,NA,2,NA
2023,census tract,4122703,4122703,33,NA,5,NA
2023,census tract,4122704,4122704,26,NA,3,NA
2023,census tract,4124100,4124100,14,NA,5,NA
2023,census tract,4125700,4125700,16,NA,2,NA
2023,census tract,4126500,4126500,25,NA,3,NA
2023,census tract,4126700,4126700,10,NA,NA,NA
2023,census tract,4127700,4127700,78,NA,4,NA
2023,census tract,4129103,4129103,21,NA,5,NA
2023,census tract,4129104,4129104,23,NA,3,NA
2023,census tract,4130100,4130100,11,NA,4,NA
2023,census tract,4133300,4133300,40,NA,4,NA
2023,census tract,4133900,4133900,24,NA,5,NA
2023,census tract,4134100,4134100,32,NA,6.33,NA
2023,census tract,4134701,4134701,61,NA,6.42,NA
2023,census tract,4136700,4136700,34,NA,5,NA
2023,census tract,4137700,4137700,16,NA,5,NA
2023,census tract,4141700,4141700,14,NA,12.209999999999999,NA
2023,census tract,4142900,4142900,22,NA,3,NA
2023,census tract,4143500,4143500,14,NA,3.82,NA
2023,census tract,4144700,4144700,44,NA,3,NA
2023,census tract,4145102,4145102,10,NA,NA,NA
2023,census tract,4145900,4145900,11,NA,NA,NA
2023,census tract,4146300,4146300,38,NA,4,NA
2023,census tract,4146700,4146700,93,NA,5,NA
2023,census tract,4147100,4147100,42,NA,4,NA
2023,census tract,4147900,4147900,110,NA,3.02,NA
2023,census tract,4150702,4150702,43,NA,4,NA
2023,census tract,4152901,4152901,16,NA,NA,NA
2023,census tract,4155104,4155104,35,NA,4,NA
2023,census tract,4157101,4157101,36,NA,4,NA
2023,census tract,4157901,4157901,22,NA,4.38,NA
2023,census tract,4157902,4157902,16,NA,3,NA
2023,census tract,4157903,4157903,11,NA,NA,NA
2023,census tract,4161700,4161700,31,NA,2.4499999999999997,NA
2023,census tract,5000300,5000300,55,NA,2.82,NA
2023,census tract,5000600,5000600,38,NA,3,NA
2023,census tract,5000800,5000800,29,NA,2,NA
2023,census tract,5002100,5002100,70,13,2,0.18571428571428572
2023,census tract,5002700,5002700,11,NA,NA,NA
2023,census tract,5004003,5004003,11,NA,1.5,NA
2023,census tract,5005000,5005000,10,NA,NA,NA
2023,census tract,5006400,5006400,34,NA,2,NA
2023,census tract,5006700,5006700,20,NA,3,NA
2023,census tract,5007001,5007001,55,NA,4,NA
2023,census tract,5008100,5008100,10,NA,2,NA
2023,census tract,5009601,5009601,31,NA,3,NA
2023,census tract,5009602,5009602,25,NA,2.88,NA
2023,census tract,5010500,5010500,28,NA,5,NA
2023,census tract,5011201,5011201,38,NA,3,NA
2023,census tract,5011203,5011203,55,NA,2,NA
2023,census tract,5011401,5011401,32,NA,4,NA
2023,census tract,5011402,5011402,23,NA,4,NA
2023,census tract,5012100,5012100,15,NA,3,NA
2023,census tract,5012200,5012200,57,NA,3,NA
2023,census tract,5012804,5012804,61,NA,4,NA
2023,census tract,5013203,5013203,24,NA,2,NA
2023,census tract,5013204,5013204,13,NA,3,NA
2023,census tract,5013302,5013302,76,NA,2,NA
2023,census tract,5013400,5013400,58,NA,3,NA
2023,census tract,5014100,5014100,15,NA,NA,NA
2023,census tract,5014604,5014604,59,NA,5,NA
2023,census tract,5014605,5014605,16,NA,3,NA
2023,census tract,5014606,5014606,10,NA,NA,NA
2023,census tract,5014607,5014607,37,NA,4,NA
2023,census tract,5014700,5014700,11,NA,NA,NA
2023,census tract,5015100,5015100,45,NA,3,NA
2023,census tract,5015601,5015601,59,NA,3,NA
2023,census tract,5015602,5015602,16,NA,3,NA
2023,census tract,5015603,5015603,24,NA,3,NA
2023,census tract,5016901,5016901,26,NA,4,NA
2023,census tract,5017005,5017005,30,NA,2,NA
2023,census tract,5017011,5017011,22,NA,3,NA
2023,census tract,5018100,5018100,28,NA,2.96,NA
2023,census tract,5018701,5018701,28,NA,2.9499999999999997,NA
2023,census tract,5018704,5018704,19,NA,4,NA
2023,census tract,5018901,5018901,26,NA,NA,NA
2023,census tract,5019800,5019800,20,NA,4,NA
2023,census tract,5020100,5020100,23,NA,4,NA
2023,census tract,5020702,5020702,41,NA,2,NA
2023,census tract,5020804,5020804,10,NA,NA,NA
2023,census tract,5020805,5020805,21,NA,3,NA
2023,census tract,5021300,5021300,33,NA,3,NA
2023,census tract,5022300,5022300,21,NA,2,NA
2023,census tract,5022601,5022601,24,NA,5,NA
2023,census tract,5022602,5022602,231,NA,3,NA
2023,census tract,5023100,5023100,16,NA,3,NA
2023,census tract,5023900,5023900,14,NA,NA,NA
2023,census tract,5024700,5024700,42,NA,3,NA
2023,census tract,5024800,5024800,81,NA,3,NA
2023,census tract,5027702,5027702,91,NA,5,NA
2023,census tract,5027706,5027706,38,NA,5,NA
2023,census tract,5027900,5027900,10,NA,3,NA
2023,census tract,5029102,5029102,52,NA,3,NA
2023,census tract,5029104,5029104,31,NA,3,NA
2023,census tract,5029105,5029105,52,NA,3,NA
2023,census tract,5030302,5030302,35,NA,3,NA
2023,census tract,5032300,5032300,14,NA,NA,NA
